<?xml version="1.0" encoding="UTF-8" standalone="yes"?>
<Properties xmlns="http://schemas.openxmlformats.org/officeDocument/2006/extended-properties" xmlns:vt="http://schemas.openxmlformats.org/officeDocument/2006/docPropsVTypes"><Application>Microsoft Excel</Application><DocSecurity>0</DocSecurity><ScaleCrop>false</ScaleCrop><HeadingPairs><vt:vector size="4" baseType="variant"><vt:variant><vt:lpstr>Worksheets</vt:lpstr></vt:variant><vt:variant><vt:i4>9</vt:i4></vt:variant><vt:variant><vt:lpstr>Named Ranges</vt:lpstr></vt:variant><vt:variant><vt:i4>7</vt:i4></vt:variant></vt:vector></HeadingPairs><TitlesOfParts><vt:vector size="16" baseType="lpstr"><vt:lpstr>MAIN</vt:lpstr><vt:lpstr>Sheet51</vt:lpstr><vt:lpstr>Data</vt:lpstr><vt:lpstr>Pivot</vt:lpstr><vt:lpstr>CHGOI</vt:lpstr><vt:lpstr>OI</vt:lpstr><vt:lpstr>Price</vt:lpstr><vt:lpstr>Option Trend Table</vt:lpstr><vt:lpstr>Auto</vt:lpstr><vt:lpstr>EXPIRY_DATES</vt:lpstr><vt:lpstr>EXPIRYDATE</vt:lpstr><vt:lpstr>Data!fomwatchsymbol.jsp?key_NIFTY_Fut_Opt_Futures</vt:lpstr><vt:lpstr>Data!optionKeys.jsp?symbolCode__10007_symbol_NIFTY_symbol_NIFTY_instrument___date___segmentLink_17_symbolCount_2_segmentLink_17</vt:lpstr><vt:lpstr>REFRESH_STATUS</vt:lpstr><vt:lpstr>REFRESH_TIME</vt:lpstr><vt:lpstr>STOCK_SYMBOL</vt:lpstr></vt:vector></TitlesOfParts><LinksUpToDate>false</LinksUpToDate><SharedDoc>false</SharedDoc><HyperlinksChanged>false</HyperlinksChanged><AppVersion>16.0300</AppVersion></Properties>