<?xml version="1.0" encoding="UTF-8" standalone="yes"?>
<workbook xmlns="http://schemas.openxmlformats.org/spreadsheetml/2006/main" xmlns:r="http://schemas.openxmlformats.org/officeDocument/2006/relationships" xmlns:mc="http://schemas.openxmlformats.org/markup-compatibility/2006" mc:Ignorable="x15 xr xr6 xr10 xr2" xmlns:x15="http://schemas.microsoft.com/office/spreadsheetml/2010/11/main" xmlns:xr="http://schemas.microsoft.com/office/spreadsheetml/2014/revision" xmlns:xr6="http://schemas.microsoft.com/office/spreadsheetml/2016/revision6" xmlns:xr10="http://schemas.microsoft.com/office/spreadsheetml/2016/revision10" xmlns:xr2="http://schemas.microsoft.com/office/spreadsheetml/2015/revision2"><fileVersion appName="xl" lastEdited="7" lowestEdited="4" rupBuild="20730" codeName="{3D1A710C-6663-3D7B-7F91-EC182F24A4BC}"/><workbookPr codeName="ThisWorkbook" defaultThemeVersion="124226"/><mc:AlternateContent xmlns:mc="http://schemas.openxmlformats.org/markup-compatibility/2006"><mc:Choice Requires="x15"><x15ac:absPath url="C:\Users\ajay.singh.rajawat\Documents\" xmlns:x15ac="http://schemas.microsoft.com/office/spreadsheetml/2010/11/ac"/></mc:Choice></mc:AlternateContent><xr:revisionPtr revIDLastSave="0" documentId="13_ncr:80001_{8A2CEB0B-B278-4BF5-B6DE-84A5405B7FF8}" xr6:coauthVersionLast="36" xr6:coauthVersionMax="36" xr10:uidLastSave="{00000000-0000-0000-0000-000000000000}"/><bookViews><workbookView xWindow="0" yWindow="0" windowWidth="19200" windowHeight="6350" xr2:uid="{00000000-000D-0000-FFFF-FFFF00000000}"/></bookViews><sheets><sheet name="MAIN" sheetId="1" r:id="rId1"/><sheet name="Data" sheetId="3" state="veryHidden" r:id="rId2"/><sheet name="Pivot" sheetId="4" r:id="rId3"/><sheet name="CHGOI" sheetId="5" r:id="rId4"/><sheet name="OI" sheetId="6" r:id="rId5"/><sheet name="Price" sheetId="7" r:id="rId6"/><sheet name="Option Trend Table" sheetId="9" r:id="rId7"/><sheet name="Auto" sheetId="8" r:id="rId8"/><sheet name="Sheet51" sheetId="2" state="hidden" r:id="rId9"/></sheets><externalReferences><externalReference r:id="rId10"/><externalReference r:id="rId11"/></externalReferences><definedNames><definedName name="_Table1_Out" hidden="1">[1]mape!#REF!</definedName><definedName name="anscount" hidden="1">1</definedName><definedName name="CP">[2]OAT!$F$13</definedName><definedName name="EMAP1">[2]ANALYZESTOCK!$AH$2</definedName><definedName name="EMAP2">[2]ANALYZESTOCK!$AI$2</definedName><definedName name="EMAP3">[2]ANALYZESTOCK!$AJ$2</definedName><definedName name="Exchange">[2]OAT!$C$2</definedName><definedName name="Exchanges">[2]Indices!$B$3:$B$20</definedName><definedName name="Exchanges_ET">[2]Indices!$D$3:$D$20</definedName><definedName name="Exchanges_ST">[2]Indices!$C$3:$C$20</definedName><definedName name="EXPIRYDATE">[2]OAT!$C$6</definedName><definedName name="fomwatchsymbol.jsp?key_NIFTY_Fut_Opt_Futures" localSheetId="1">Data!$AH$1:$AT$8</definedName><definedName name="IntervalInSeconds">[2]FData!$F$1</definedName><definedName name="IPP">[2]OAT!$E$19</definedName><definedName name="LAST_PIVOT">[2]ANALYZESTOCK!$AZ$17</definedName><definedName name="MAXPAIN">[2]SOData!$BI$24</definedName><definedName name="NEXT3MONTHSEXPIRY">[2]SOData!$AP$20:$AP$22</definedName><definedName name="OAT_CODE">[2]OAT!$C$4</definedName><definedName name="optionKeys.jsp?symbolCode__10007_symbol_NIFTY_symbol_NIFTY_instrument___date___segmentLink_17_symbolCount_2_segmentLink_17" localSheetId="1">Data!$A$11:$W$111</definedName><definedName name="PIVOTTF">[2]OAT!$M$80</definedName><definedName name="POS1_BuySell">[2]TradeAnalyser!$K$1</definedName><definedName name="POS1_Credit">[2]TradeAnalyser!$B$12</definedName><definedName name="POS1_QTY">[2]TradeAnalyser!$B$11</definedName><definedName name="POS1_Type">[2]TradeAnalyser!$K$2</definedName><definedName name="POS2_BuySell">[2]TradeAnalyser!$N$1</definedName><definedName name="POS2_Credit">[2]TradeAnalyser!$E$12</definedName><definedName name="POS2_QTY">[2]TradeAnalyser!$E$11</definedName><definedName name="POS2_Type">[2]TradeAnalyser!$N$2</definedName><definedName name="POSPERCENT">[2]SOData!$AF$67</definedName><definedName name="PPP">[2]OAT!$H$19</definedName><definedName name="Stock">#REF!</definedName><definedName name="STOCK_OPT_RANGE">[2]SOData!$K$1</definedName><definedName name="STOCK_OPT_RANGE2">Sheet51!#REF!</definedName><definedName name="StrikePrice">[2]SOData!$L$15:$L$100</definedName><definedName name="TA_Increment">[2]TradeAnalyser!$H$3</definedName><definedName name="TA_StartPrice">[2]TradeAnalyser!$H$2</definedName><definedName name="TIMEFRAME">[2]OAT!$M$79</definedName><definedName name="TIMEZONE_OFFSET">[2]FData!$B$1</definedName></definedNames><calcPr calcId="191029"/><customWorkbookViews><customWorkbookView name="Muthusathyasudhan - Personal View" guid="{D12DFD61-4B7F-43F1-B07E-A848E00A354C}" mergeInterval="0" personalView="1" maximized="1" xWindow="1" yWindow="1" windowWidth="1280" windowHeight="570" activeSheetId="5"/></customWorkbookViews><extLst><ext uri="{B58B0392-4F1F-4190-BB64-5DF3571DCE5F}" xmlns:xcalcf="http://schemas.microsoft.com/office/spreadsheetml/2018/calcfeatures"><xcalcf:calcFeatures><xcalcf:feature name="microsoft.com:RD"/></xcalcf:calcFeatures></ext></extLst></workbook>