<?xml version="1.0" encoding="UTF-8" standalone="yes"?>
<c:chartSpace xmlns:c="http://schemas.openxmlformats.org/drawingml/2006/chart" xmlns:a="http://schemas.openxmlformats.org/drawingml/2006/main" xmlns:r="http://schemas.openxmlformats.org/officeDocument/2006/relationships"><c:lang val="en-IN"/><c:style val="42"/><c:chart><c:title><c:tx><c:rich><a:bodyPr/><a:lstStyle/><a:p><a:pPr algn="ctr"><a:defRPr lang="en-US" b="1" u="sng"><a:solidFill><a:srgbClr val="92D050"/></a:solidFill></a:defRPr></a:pPr><a:r><a:rPr lang="en-US" b="1" u="sng"><a:solidFill><a:srgbClr val="92D050"/></a:solidFill></a:rPr><a:t>OI</a:t></a:r></a:p></c:rich></c:tx><c:layout><c:manualLayout><c:xMode val="edge"/><c:yMode val="edge"/><c:x val="0.47223918656509373"/><c:y val="1.6806722689076101E-2"/></c:manualLayout></c:layout></c:title><c:plotArea><c:layout/><c:barChart><c:barDir val="col"/><c:grouping val="clustered"/><c:ser><c:idx val="0"/><c:order val="0"/><c:tx><c:v>CE</c:v></c:tx><c:spPr><a:solidFill><a:srgbClr val="FF0000"/></a:solidFill><a:ln><a:solidFill><a:srgbClr val="FF0000"/></a:solidFill></a:ln><a:scene3d><a:camera prst="orthographicFront"/><a:lightRig rig="morning" dir="t"/></a:scene3d><a:sp3d prstMaterial="metal"><a:bevelT w="63500" h="25400"/></a:sp3d></c:spPr><c:cat><c:numRef><c:f>OI!$B$3:$B$23</c:f><c:numCache><c:formatCode>General</c:formatCode><c:ptCount val="21"/><c:pt idx="0"><c:v>12700</c:v></c:pt><c:pt idx="1"><c:v>12600</c:v></c:pt><c:pt idx="2"><c:v>12500</c:v></c:pt><c:pt idx="3"><c:v>12400</c:v></c:pt><c:pt idx="4"><c:v>12300</c:v></c:pt><c:pt idx="5"><c:v>12200</c:v></c:pt><c:pt idx="6"><c:v>12100</c:v></c:pt><c:pt idx="7"><c:v>12000</c:v></c:pt><c:pt idx="8"><c:v>11900</c:v></c:pt><c:pt idx="9"><c:v>11800</c:v></c:pt><c:pt idx="10"><c:v>11700</c:v></c:pt><c:pt idx="11"><c:v>11600</c:v></c:pt><c:pt idx="12"><c:v>11500</c:v></c:pt><c:pt idx="13"><c:v>11400</c:v></c:pt><c:pt idx="14"><c:v>11300</c:v></c:pt><c:pt idx="15"><c:v>11200</c:v></c:pt><c:pt idx="16"><c:v>11100</c:v></c:pt><c:pt idx="17"><c:v>11000</c:v></c:pt><c:pt idx="18"><c:v>10900</c:v></c:pt><c:pt idx="19"><c:v>10800</c:v></c:pt><c:pt idx="20"><c:v>10700</c:v></c:pt></c:numCache></c:numRef></c:cat><c:val><c:numRef><c:f>OI!$A$3:$A$23</c:f><c:numCache><c:formatCode>#,##0</c:formatCode><c:ptCount val="21"/><c:pt idx="0"><c:v>256425</c:v></c:pt><c:pt idx="1"><c:v>562425</c:v></c:pt><c:pt idx="2"><c:v>1015425</c:v></c:pt><c:pt idx="3"><c:v>401550</c:v></c:pt><c:pt idx="4"><c:v>305325</c:v></c:pt><c:pt idx="5"><c:v>571725</c:v></c:pt><c:pt idx="6"><c:v>568950</c:v></c:pt><c:pt idx="7"><c:v>1196775</c:v></c:pt><c:pt idx="8"><c:v>363450</c:v></c:pt><c:pt idx="9"><c:v>735975</c:v></c:pt><c:pt idx="10"><c:v>533550</c:v></c:pt><c:pt idx="11"><c:v>263700</c:v></c:pt><c:pt idx="12"><c:v>406200</c:v></c:pt><c:pt idx="13"><c:v>163500</c:v></c:pt><c:pt idx="14"><c:v>156450</c:v></c:pt><c:pt idx="15"><c:v>72375</c:v></c:pt><c:pt idx="16"><c:v>56175</c:v></c:pt><c:pt idx="17"><c:v>498150</c:v></c:pt><c:pt idx="18"><c:v>47250</c:v></c:pt><c:pt idx="19"><c:v>145425</c:v></c:pt><c:pt idx="20"><c:v>135225</c:v></c:pt></c:numCache></c:numRef></c:val></c:ser><c:ser><c:idx val="1"/><c:order val="1"/><c:tx><c:v>PE</c:v></c:tx><c:spPr><a:solidFill><a:srgbClr val="00B050"/></a:solidFill><a:ln><a:solidFill><a:srgbClr val="00B050"/></a:solidFill></a:ln><a:scene3d><a:camera prst="orthographicFront"/><a:lightRig rig="morning" dir="t"/></a:scene3d><a:sp3d prstMaterial="metal"><a:bevelT w="63500" h="25400"/></a:sp3d></c:spPr><c:cat><c:numRef><c:f>OI!$B$3:$B$23</c:f><c:numCache><c:formatCode>General</c:formatCode><c:ptCount val="21"/><c:pt idx="0"><c:v>12700</c:v></c:pt><c:pt idx="1"><c:v>12600</c:v></c:pt><c:pt idx="2"><c:v>12500</c:v></c:pt><c:pt idx="3"><c:v>12400</c:v></c:pt><c:pt idx="4"><c:v>12300</c:v></c:pt><c:pt idx="5"><c:v>12200</c:v></c:pt><c:pt idx="6"><c:v>12100</c:v></c:pt><c:pt idx="7"><c:v>12000</c:v></c:pt><c:pt idx="8"><c:v>11900</c:v></c:pt><c:pt idx="9"><c:v>11800</c:v></c:pt><c:pt idx="10"><c:v>11700</c:v></c:pt><c:pt idx="11"><c:v>11600</c:v></c:pt><c:pt idx="12"><c:v>11500</c:v></c:pt><c:pt idx="13"><c:v>11400</c:v></c:pt><c:pt idx="14"><c:v>11300</c:v></c:pt><c:pt idx="15"><c:v>11200</c:v></c:pt><c:pt idx="16"><c:v>11100</c:v></c:pt><c:pt idx="17"><c:v>11000</c:v></c:pt><c:pt idx="18"><c:v>10900</c:v></c:pt><c:pt idx="19"><c:v>10800</c:v></c:pt><c:pt idx="20"><c:v>10700</c:v></c:pt></c:numCache></c:numRef></c:cat><c:val><c:numRef><c:f>OI!$C$3:$C$23</c:f><c:numCache><c:formatCode>#,##0</c:formatCode><c:ptCount val="21"/><c:pt idx="0"><c:v>2925</c:v></c:pt><c:pt idx="1"><c:v>1050</c:v></c:pt><c:pt idx="2"><c:v>520275</c:v></c:pt><c:pt idx="3"><c:v>6150</c:v></c:pt><c:pt idx="4"><c:v>2025</c:v></c:pt><c:pt idx="5"><c:v>52650</c:v></c:pt><c:pt idx="6"><c:v>23625</c:v></c:pt><c:pt idx="7"><c:v>499050</c:v></c:pt><c:pt idx="8"><c:v>118875</c:v></c:pt><c:pt idx="9"><c:v>869925</c:v></c:pt><c:pt idx="10"><c:v>1261725</c:v></c:pt><c:pt idx="11"><c:v>572625</c:v></c:pt><c:pt idx="12"><c:v>1760550</c:v></c:pt><c:pt idx="13"><c:v>394875</c:v></c:pt><c:pt idx="14"><c:v>481350</c:v></c:pt><c:pt idx="15"><c:v>686475</c:v></c:pt><c:pt idx="16"><c:v>266400</c:v></c:pt><c:pt idx="17"><c:v>2188275</c:v></c:pt><c:pt idx="18"><c:v>444225</c:v></c:pt><c:pt idx="19"><c:v>595350</c:v></c:pt><c:pt idx="20"><c:v>278325</c:v></c:pt></c:numCache></c:numRef></c:val></c:ser><c:gapWidth val="55"/><c:axId val="89092864"/><c:axId val="89094400"/></c:barChart><c:catAx><c:axId val="89092864"/><c:scaling><c:orientation val="maxMin"/></c:scaling><c:axPos val="b"/><c:numFmt formatCode="General" sourceLinked="1"/><c:majorTickMark val="none"/><c:tickLblPos val="nextTo"/><c:txPr><a:bodyPr/><a:lstStyle/><a:p><a:pPr><a:defRPr lang="en-US"/></a:pPr><a:endParaRPr lang="en-US"/></a:p></c:txPr><c:crossAx val="89094400"/><c:crosses val="autoZero"/><c:auto val="1"/><c:lblAlgn val="ctr"/><c:lblOffset val="100"/></c:catAx><c:valAx><c:axId val="89094400"/><c:scaling><c:orientation val="minMax"/></c:scaling><c:axPos val="l"/><c:majorGridlines/><c:numFmt formatCode="#,##0" sourceLinked="1"/><c:majorTickMark val="none"/><c:tickLblPos val="nextTo"/><c:txPr><a:bodyPr/><a:lstStyle/><a:p><a:pPr><a:defRPr lang="en-US"/></a:pPr><a:endParaRPr lang="en-US"/></a:p></c:txPr><c:crossAx val="89092864"/><c:crosses val="max"/><c:crossBetween val="between"/></c:valAx><c:spPr><a:solidFill><a:schemeClr val="tx1"/></a:solidFill></c:spPr></c:plotArea><c:legend><c:legendPos val="r"/><c:layout><c:manualLayout><c:xMode val="edge"/><c:yMode val="edge"/><c:x val="0.88219147252951513"/><c:y val="1.1492577950577785E-2"/><c:w val="3.6855728399803694E-2"/><c:h val="0.10130483689538566"/></c:manualLayout></c:layout><c:txPr><a:bodyPr/><a:lstStyle/><a:p><a:pPr><a:defRPr lang="en-US"/></a:pPr><a:endParaRPr lang="en-US"/></a:p></c:txPr></c:legend><c:plotVisOnly val="1"/><c:dispBlanksAs val="gap"/></c:chart><c:printSettings><c:headerFooter/><c:pageMargins b="0.75000000000001465" l="0.70000000000000062" r="0.70000000000000062" t="0.75000000000001465" header="0.30000000000000032" footer="0.30000000000000032"/><c:pageSetup/></c:printSettings></c:chartSpace>