<?xml version="1.0" encoding="UTF-8" standalone="yes"?>
<c:chartSpace xmlns:c="http://schemas.openxmlformats.org/drawingml/2006/chart" xmlns:a="http://schemas.openxmlformats.org/drawingml/2006/main" xmlns:r="http://schemas.openxmlformats.org/officeDocument/2006/relationships" xmlns:c16r2="http://schemas.microsoft.com/office/drawing/2015/06/chart"><c:date1904 val="0"/><c:lang val="en-US"/><c:roundedCorners val="0"/><mc:AlternateContent xmlns:mc="http://schemas.openxmlformats.org/markup-compatibility/2006"><mc:Choice Requires="c14" xmlns:c14="http://schemas.microsoft.com/office/drawing/2007/8/2/chart"><c14:style val="142"/></mc:Choice><mc:Fallback><c:style val="42"/></mc:Fallback></mc:AlternateContent><c:chart><c:title><c:tx><c:rich><a:bodyPr/><a:lstStyle/><a:p><a:pPr><a:defRPr lang="en-US" u="sng"><a:solidFill><a:srgbClr val="92D050"/></a:solidFill></a:defRPr></a:pPr><a:r><a:rPr lang="en-IN" u="sng"><a:solidFill><a:srgbClr val="92D050"/></a:solidFill></a:rPr><a:t>CHGOI</a:t></a:r></a:p></c:rich></c:tx><c:overlay val="0"/></c:title><c:autoTitleDeleted val="0"/><c:plotArea><c:layout><c:manualLayout><c:layoutTarget val="inner"/><c:xMode val="edge"/><c:yMode val="edge"/><c:x val="6.2473987432068924E-2"/><c:y val="0.11682376638683629"/><c:w val="0.92535450496073857"/><c:h val="0.74201576168078864"/></c:manualLayout></c:layout><c:barChart><c:barDir val="col"/><c:grouping val="clustered"/><c:varyColors val="0"/><c:ser><c:idx val="0"/><c:order val="0"/><c:tx><c:v>CE</c:v></c:tx><c:spPr><a:solidFill><a:srgbClr val="FF0000"/></a:solidFill><a:ln><a:solidFill><a:srgbClr val="FF0000"/></a:solidFill></a:ln><a:scene3d><a:camera prst="orthographicFront"/><a:lightRig rig="morning" dir="t"/></a:scene3d><a:sp3d prstMaterial="metal"><a:bevelT w="63500" h="25400"/></a:sp3d></c:spPr><c:invertIfNegative val="0"/><c:cat><c:numRef><c:f>CHGOI!$H$32:$H$52</c:f><c:numCache><c:formatCode>General</c:formatCode><c:ptCount val="21"/><c:pt idx="0"><c:v>12200</c:v></c:pt><c:pt idx="1"><c:v>12150</c:v></c:pt><c:pt idx="2"><c:v>12100</c:v></c:pt><c:pt idx="3"><c:v>12050</c:v></c:pt><c:pt idx="4"><c:v>12000</c:v></c:pt><c:pt idx="5"><c:v>11950</c:v></c:pt><c:pt idx="6"><c:v>11900</c:v></c:pt><c:pt idx="7"><c:v>11850</c:v></c:pt><c:pt idx="8"><c:v>11800</c:v></c:pt><c:pt idx="9"><c:v>11750</c:v></c:pt><c:pt idx="10"><c:v>11700</c:v></c:pt><c:pt idx="11"><c:v>11650</c:v></c:pt><c:pt idx="12"><c:v>11600</c:v></c:pt><c:pt idx="13"><c:v>11550</c:v></c:pt><c:pt idx="14"><c:v>11500</c:v></c:pt><c:pt idx="15"><c:v>11450</c:v></c:pt><c:pt idx="16"><c:v>11400</c:v></c:pt><c:pt idx="17"><c:v>11350</c:v></c:pt><c:pt idx="18"><c:v>11300</c:v></c:pt><c:pt idx="19"><c:v>11250</c:v></c:pt><c:pt idx="20"><c:v>11200</c:v></c:pt></c:numCache></c:numRef></c:cat><c:val><c:numRef><c:f>CHGOI!$G$32:$G$52</c:f><c:numCache><c:formatCode>#,##0</c:formatCode><c:ptCount val="21"/><c:pt idx="0"><c:v>49350</c:v></c:pt><c:pt idx="1"><c:v>0</c:v></c:pt><c:pt idx="2"><c:v>46650</c:v></c:pt><c:pt idx="3"><c:v>150</c:v></c:pt><c:pt idx="4"><c:v>2700</c:v></c:pt><c:pt idx="5"><c:v>3450</c:v></c:pt><c:pt idx="6"><c:v>40575</c:v></c:pt><c:pt idx="7"><c:v>7200</c:v></c:pt><c:pt idx="8"><c:v>32250</c:v></c:pt><c:pt idx="9"><c:v>6075</c:v></c:pt><c:pt idx="10"><c:v>173250</c:v></c:pt><c:pt idx="11"><c:v>225</c:v></c:pt><c:pt idx="12"><c:v>19725</c:v></c:pt><c:pt idx="13"><c:v>675</c:v></c:pt><c:pt idx="14"><c:v>-1500</c:v></c:pt><c:pt idx="15"><c:v>0</c:v></c:pt><c:pt idx="16"><c:v>1800</c:v></c:pt><c:pt idx="17"><c:v>0</c:v></c:pt><c:pt idx="18"><c:v>1650</c:v></c:pt><c:pt idx="19"><c:v>0</c:v></c:pt><c:pt idx="20"><c:v>-225</c:v></c:pt></c:numCache></c:numRef></c:val><c:extLst><c:ext uri="{C3380CC4-5D6E-409C-BE32-E72D297353CC}" xmlns:c16="http://schemas.microsoft.com/office/drawing/2014/chart"><c16:uniqueId val="{00000000-4FFF-49EF-8A24-B3B833957FF0}"/></c:ext></c:extLst></c:ser><c:ser><c:idx val="1"/><c:order val="1"/><c:tx><c:v>PE</c:v></c:tx><c:spPr><a:solidFill><a:srgbClr val="00B050"/></a:solidFill><a:ln w="9525"><a:solidFill><a:srgbClr val="00B050"/></a:solidFill></a:ln><a:scene3d><a:camera prst="orthographicFront"/><a:lightRig rig="morning" dir="t"/></a:scene3d><a:sp3d prstMaterial="metal"><a:bevelT w="63500" h="25400"/></a:sp3d></c:spPr><c:invertIfNegative val="0"/><c:cat><c:numRef><c:f>CHGOI!$H$32:$H$52</c:f><c:numCache><c:formatCode>General</c:formatCode><c:ptCount val="21"/><c:pt idx="0"><c:v>12200</c:v></c:pt><c:pt idx="1"><c:v>12150</c:v></c:pt><c:pt idx="2"><c:v>12100</c:v></c:pt><c:pt idx="3"><c:v>12050</c:v></c:pt><c:pt idx="4"><c:v>12000</c:v></c:pt><c:pt idx="5"><c:v>11950</c:v></c:pt><c:pt idx="6"><c:v>11900</c:v></c:pt><c:pt idx="7"><c:v>11850</c:v></c:pt><c:pt idx="8"><c:v>11800</c:v></c:pt><c:pt idx="9"><c:v>11750</c:v></c:pt><c:pt idx="10"><c:v>11700</c:v></c:pt><c:pt idx="11"><c:v>11650</c:v></c:pt><c:pt idx="12"><c:v>11600</c:v></c:pt><c:pt idx="13"><c:v>11550</c:v></c:pt><c:pt idx="14"><c:v>11500</c:v></c:pt><c:pt idx="15"><c:v>11450</c:v></c:pt><c:pt idx="16"><c:v>11400</c:v></c:pt><c:pt idx="17"><c:v>11350</c:v></c:pt><c:pt idx="18"><c:v>11300</c:v></c:pt><c:pt idx="19"><c:v>11250</c:v></c:pt><c:pt idx="20"><c:v>11200</c:v></c:pt></c:numCache></c:numRef></c:cat><c:val><c:numRef><c:f>CHGOI!$I$32:$I$52</c:f><c:numCache><c:formatCode>#,##0</c:formatCode><c:ptCount val="21"/><c:pt idx="0"><c:v>-1275</c:v></c:pt><c:pt idx="1"><c:v>0</c:v></c:pt><c:pt idx="2"><c:v>-600</c:v></c:pt><c:pt idx="3"><c:v>0</c:v></c:pt><c:pt idx="4"><c:v>-20475</c:v></c:pt><c:pt idx="5"><c:v>150</c:v></c:pt><c:pt idx="6"><c:v>23475</c:v></c:pt><c:pt idx="7"><c:v>1275</c:v></c:pt><c:pt idx="8"><c:v>148575</c:v></c:pt><c:pt idx="9"><c:v>4050</c:v></c:pt><c:pt idx="10"><c:v>136500</c:v></c:pt><c:pt idx="11"><c:v>3000</c:v></c:pt><c:pt idx="12"><c:v>-18750</c:v></c:pt><c:pt idx="13"><c:v>2325</c:v></c:pt><c:pt idx="14"><c:v>3675</c:v></c:pt><c:pt idx="15"><c:v>1275</c:v></c:pt><c:pt idx="16"><c:v>31725</c:v></c:pt><c:pt idx="17"><c:v>0</c:v></c:pt><c:pt idx="18"><c:v>29850</c:v></c:pt><c:pt idx="19"><c:v>0</c:v></c:pt><c:pt idx="20"><c:v>20550</c:v></c:pt></c:numCache></c:numRef></c:val><c:extLst><c:ext uri="{C3380CC4-5D6E-409C-BE32-E72D297353CC}" xmlns:c16="http://schemas.microsoft.com/office/drawing/2014/chart"><c16:uniqueId val="{00000001-4FFF-49EF-8A24-B3B833957FF0}"/></c:ext></c:extLst></c:ser><c:dLbls><c:showLegendKey val="0"/><c:showVal val="0"/><c:showCatName val="0"/><c:showSerName val="0"/><c:showPercent val="0"/><c:showBubbleSize val="0"/></c:dLbls><c:gapWidth val="55"/><c:axId val="89146496"/><c:axId val="89148032"/></c:barChart><c:catAx><c:axId val="89146496"/><c:scaling><c:orientation val="maxMin"/></c:scaling><c:delete val="0"/><c:axPos val="b"/><c:numFmt formatCode="General" sourceLinked="1"/><c:majorTickMark val="none"/><c:minorTickMark val="none"/><c:tickLblPos val="nextTo"/><c:txPr><a:bodyPr/><a:lstStyle/><a:p><a:pPr><a:defRPr lang="en-US"/></a:pPr><a:endParaRPr lang="en-US"/></a:p></c:txPr><c:crossAx val="89148032"/><c:crosses val="autoZero"/><c:auto val="1"/><c:lblAlgn val="ctr"/><c:lblOffset val="100"/><c:noMultiLvlLbl val="0"/></c:catAx><c:valAx><c:axId val="89148032"/><c:scaling><c:orientation val="minMax"/></c:scaling><c:delete val="0"/><c:axPos val="l"/><c:majorGridlines/><c:numFmt formatCode="#,##0" sourceLinked="1"/><c:majorTickMark val="none"/><c:minorTickMark val="none"/><c:tickLblPos val="nextTo"/><c:txPr><a:bodyPr/><a:lstStyle/><a:p><a:pPr><a:defRPr lang="en-US"/></a:pPr><a:endParaRPr lang="en-US"/></a:p></c:txPr><c:crossAx val="89146496"/><c:crosses val="max"/><c:crossBetween val="between"/></c:valAx><c:dTable><c:showHorzBorder val="1"/><c:showVertBorder val="1"/><c:showOutline val="1"/><c:showKeys val="1"/><c:txPr><a:bodyPr/><a:lstStyle/><a:p><a:pPr rtl="0"><a:defRPr lang="en-US" sz="800" kern="1200" baseline="0"/></a:pPr><a:endParaRPr lang="en-US"/></a:p></c:txPr></c:dTable><c:spPr><a:solidFill><a:schemeClr val="tx1"/></a:solidFill><a:scene3d><a:camera prst="orthographicFront"/><a:lightRig rig="morning" dir="t"/></a:scene3d><a:sp3d prstMaterial="matte"/></c:spPr></c:plotArea><c:plotVisOnly val="1"/><c:dispBlanksAs val="gap"/><c:showDLblsOverMax val="0"/></c:chart><c:printSettings><c:headerFooter/><c:pageMargins b="0.75000000000001166" l="0.70000000000000062" r="0.70000000000000062" t="0.75000000000001166" header="0.30000000000000032" footer="0.30000000000000032"/><c:pageSetup/></c:printSettings></c:chartSpace>