<?xml version="1.0" encoding="UTF-8" standalone="yes"?>
<worksheet xmlns="http://schemas.openxmlformats.org/spreadsheetml/2006/main" xmlns:r="http://schemas.openxmlformats.org/officeDocument/2006/relationships"><sheetPr codeName="Sheet8"/><dimension ref="A1:K61"/><sheetViews><sheetView workbookViewId="0"><selection activeCell="D48" sqref="D48:E48"/></sheetView></sheetViews><sheetFormatPr defaultRowHeight="16.5" customHeight="1"/><cols><col min="1" max="1" width="13.7109375" style="4" customWidth="1"/><col min="2" max="2" width="22" style="4" customWidth="1"/><col min="3" max="3" width="13.7109375" customWidth="1"/><col min="4" max="4" width="18.140625" customWidth="1"/><col min="5" max="5" width="13.7109375" customWidth="1"/><col min="6" max="6" width="14.28515625" customWidth="1"/><col min="7" max="9" width="13.7109375" customWidth="1"/><col min="10" max="10" width="22.140625" style="249" customWidth="1"/><col min="11" max="11" width="17" style="249" customWidth="1"/></cols><sheetData><row r="1" spans="1:11" ht="16.5" customHeight="1" thickBot="1"><c r="A1" s="320" t="s"><v>23</v></c><c r="B1" s="321" t="str"><f>MAIN!B2</f><v>11748.15</v></c><c r="C1" s="322" t="s"><v>100</v></c><c r="D1" s="323"><f ca="1">MAIN!C5</f><v>12200</v></c><c r="E1" s="324"><f ca="1">MAIN!E5</f><v>127350</v></c><c r="F1" s="325"/><c r="G1" s="326" t="s"><v>102</v></c><c r="H1" s="327"><f ca="1">MAIN!C6</f><v>11800</v></c><c r="I1" s="328"><f ca="1">MAIN!E6</f><v>208725</v></c><c r="J1" s="329" t="s"><v>197</v></c><c r="K1" s="330"><f ca="1">NOW()</f><v>43586.579882175924</v></c></row><row r="2" spans="1:11" ht="16.5" customHeight="1" thickBot="1"><c r="A2" s="532" t="s"><v>30</v></c><c r="B2" s="533"/><c r="C2" s="534"/><c r="D2" s="535" t="str"><f>MAIN!D1</f><v xml:space="preserve">Underlying Index: NIFTY 11748.15  As on Apr 30, 2019 15:30:30 IST </v></c><c r="E2" s="536"/><c r="F2" s="536"/><c r="G2" s="536"/><c r="H2" s="536"/><c r="I2" s="532" t="s"><v>29</v></c><c r="J2" s="533"/><c r="K2" s="534"/></row><row r="3" spans="1:11" s="251" customFormat="1" ht="16.5" customHeight="1" thickBot="1"><c r="A3" s="331" t="s"><v>179</v></c><c r="B3" s="331" t="s"><v>194</v></c><c r="C3" s="331" t="s"><v>196</v></c><c r="D3" s="537" t="s"><v>195</v></c><c r="E3" s="537"/><c r="F3" s="332" t="s"><v>50</v></c><c r="G3" s="537" t="s"><v>195</v></c><c r="H3" s="537"/><c r="I3" s="331" t="s"><v>196</v></c><c r="J3" s="331" t="s"><v>194</v></c><c r="K3" s="331" t="s"><v>179</v></c></row><row r="4" spans="1:11" ht="16.5" customHeight="1" thickBot="1"><c r="A4" s="333" t="str"><f ca="1">IF(Sheet51!$P$18="yes",IF(Sheet51!$P$17="yes",IF(OR(B4="SHORT BUILDUP",B4="LONG UNWINDING"), "BEARISH", IF(OR(B4="LONG BUILDUP",B4="SHORT UNWINDING" ), "BULLISH","")),""),"")</f><v>BEARISH</v></c><c r="B4" s="333" t="str"><f ca="1">IF(Sheet51!$P$18="yes",IF(Sheet51!$P$17="yes",IF(AND(C4&lt;0,D4&lt;0),"LONG UNWINDING",(IF(AND(C4&lt;0,D4&gt;0),"SHORT BUILDUP",(IF(AND(C4&gt;0,D4&gt;0),"LONG BUILDUP",IF(AND(C4&gt;0,D4&lt;0),"SHORT UNWINDING","")))))),""),"")</f><v>SHORT BUILDUP</v></c><c r="C4" s="318"><f ca="1">IF(Sheet51!$P$18="yes",IF(Sheet51!$P$17="yes",SUMIF(Data!$L$21:'Data'!$L$211,F4,Data!$G$21:'Data'!$G$211),""),"")</f><v>-3.8</v></c><c r="D4" s="516"><f ca="1">IF(Sheet51!$P$18="yes",IF(Sheet51!$P$17="yes",SUMIF(Data!$L$21:'Data'!$L$211,F4,Data!$C$21:'Data'!$C$211),""),"")</f><v>25800</v></c><c r="E4" s="516"/><c r="F4" s="235"><f t="shared" ref="F4:F11" si="0">F5+100</f><v>12700</v></c><c r="G4" s="517"><f ca="1">IF(Sheet51!$P$18="yes",IF(Sheet51!$P$17="yes",SUMIF(Data!$L$21:'Data'!$L$211,F4,Data!$U$21:'Data'!$U$211),""),"")</f><v>0</v></c><c r="H4" s="517"/><c r="I4" s="318"><f ca="1">IF(Sheet51!$P$18="yes",IF(Sheet51!$P$17="yes",SUMIF(Data!$L$21:'Data'!$L$211,F4,Data!$Q$21:'Data'!$Q$211),""),"")</f><v>0</v></c><c r="J4" s="334" t="str"><f ca="1">IF(Sheet51!$P$18="yes",IF(Sheet51!$P$17="yes",IF(AND(I4&lt;0,G4&lt;0),"SHORT UNWINDING",(IF(AND(I4&lt;0,G4&gt;0),"SHORT BUILDUP",(IF(AND(I4&gt;0,G4&gt;0),"LONG BUILDUP",IF(AND(I4&gt;0,G4&lt;0),"LONG UNWINDING","")))))),""),"")</f><v/></c><c r="K4" s="335" t="str"><f ca="1">IF(Sheet51!$P$18="yes",IF(Sheet51!$P$17="yes",IF(OR(J4="SHORT BUILDUP",J4="LONG UNWINDING"), "BULLISH", IF(OR(J4="LONG BUILDUP",J4="SHORT UNWINDING" ), "BEARISH","")),""),"")</f><v/></c></row><row r="5" spans="1:11" ht="16.5" customHeight="1" thickBot="1"><c r="A5" s="333" t="str"><f ca="1">IF(Sheet51!$P$18="yes",IF(Sheet51!$P$17="yes",IF(OR(B5="SHORT BUILDUP",B5="LONG UNWINDING"), "BEARISH", IF(OR(B5="LONG BUILDUP",B5="SHORT UNWINDING" ), "BULLISH","")),""),"")</f><v>BEARISH</v></c><c r="B5" s="333" t="str"><f ca="1">IF(Sheet51!$P$18="yes",IF(Sheet51!$P$17="yes",IF(AND(C5&lt;0,D5&lt;0),"LONG UNWINDING",(IF(AND(C5&lt;0,D5&gt;0),"SHORT BUILDUP",(IF(AND(C5&gt;0,D5&gt;0),"LONG BUILDUP",IF(AND(C5&gt;0,D5&lt;0),"SHORT UNWINDING","")))))),""),"")</f><v>SHORT BUILDUP</v></c><c r="C5" s="318"><f ca="1">IF(Sheet51!$P$18="yes",IF(Sheet51!$P$17="yes",SUMIF(Data!$L$21:'Data'!$L$211,F5,Data!$G$21:'Data'!$G$211),""),"")</f><v>-7.4</v></c><c r="D5" s="516"><f ca="1">IF(Sheet51!$P$18="yes",IF(Sheet51!$P$17="yes",SUMIF(Data!$L$21:'Data'!$L$211,F5,Data!$C$21:'Data'!$C$211),""),"")</f><v>89475</v></c><c r="E5" s="516"/><c r="F5" s="235"><f t="shared" si="0"/><v>12600</v></c><c r="G5" s="517"><f ca="1">IF(Sheet51!$P$18="yes",IF(Sheet51!$P$17="yes",SUMIF(Data!$L$21:'Data'!$L$211,F5,Data!$U$21:'Data'!$U$211),""),"")</f><v>75</v></c><c r="H5" s="517"/><c r="I5" s="318"><f ca="1">IF(Sheet51!$P$18="yes",IF(Sheet51!$P$17="yes",SUMIF(Data!$L$21:'Data'!$L$211,F5,Data!$Q$21:'Data'!$Q$211),""),"")</f><v>-19.95</v></c><c r="J5" s="334" t="str"><f ca="1">IF(Sheet51!$P$18="yes",IF(Sheet51!$P$17="yes",IF(AND(I5&lt;0,G5&lt;0),"SHORT UNWINDING",(IF(AND(I5&lt;0,G5&gt;0),"SHORT BUILDUP",(IF(AND(I5&gt;0,G5&gt;0),"LONG BUILDUP",IF(AND(I5&gt;0,G5&lt;0),"LONG UNWINDING","")))))),""),"")</f><v>SHORT BUILDUP</v></c><c r="K5" s="335" t="str"><f ca="1">IF(Sheet51!$P$18="yes",IF(Sheet51!$P$17="yes",IF(OR(J5="SHORT BUILDUP",J5="LONG UNWINDING"), "BULLISH", IF(OR(J5="LONG BUILDUP",J5="SHORT UNWINDING" ), "BEARISH","")),""),"")</f><v>BULLISH</v></c></row><row r="6" spans="1:11" ht="16.5" customHeight="1" thickBot="1"><c r="A6" s="333" t="str"><f ca="1">IF(Sheet51!$P$18="yes",IF(Sheet51!$P$17="yes",IF(OR(B6="SHORT BUILDUP",B6="LONG UNWINDING"), "BEARISH", IF(OR(B6="LONG BUILDUP",B6="SHORT UNWINDING" ), "BULLISH","")),""),"")</f><v>BEARISH</v></c><c r="B6" s="333" t="str"><f ca="1">IF(Sheet51!$P$18="yes",IF(Sheet51!$P$17="yes",IF(AND(C6&lt;0,D6&lt;0),"LONG UNWINDING",(IF(AND(C6&lt;0,D6&gt;0),"SHORT BUILDUP",(IF(AND(C6&gt;0,D6&gt;0),"LONG BUILDUP",IF(AND(C6&gt;0,D6&lt;0),"SHORT UNWINDING","")))))),""),"")</f><v>SHORT BUILDUP</v></c><c r="C6" s="318"><f ca="1">IF(Sheet51!$P$18="yes",IF(Sheet51!$P$17="yes",SUMIF(Data!$L$21:'Data'!$L$211,F6,Data!$G$21:'Data'!$G$211),""),"")</f><v>-8.6999999999999993</v></c><c r="D6" s="516"><f ca="1">IF(Sheet51!$P$18="yes",IF(Sheet51!$P$17="yes",SUMIF(Data!$L$21:'Data'!$L$211,F6,Data!$C$21:'Data'!$C$211),""),"")</f><v>67275</v></c><c r="E6" s="516"/><c r="F6" s="235"><f t="shared" si="0"/><v>12500</v></c><c r="G6" s="517"><f ca="1">IF(Sheet51!$P$18="yes",IF(Sheet51!$P$17="yes",SUMIF(Data!$L$21:'Data'!$L$211,F6,Data!$U$21:'Data'!$U$211),""),"")</f><v>2100</v></c><c r="H6" s="517"/><c r="I6" s="318"><f ca="1">IF(Sheet51!$P$18="yes",IF(Sheet51!$P$17="yes",SUMIF(Data!$L$21:'Data'!$L$211,F6,Data!$Q$21:'Data'!$Q$211),""),"")</f><v>15.15</v></c><c r="J6" s="334" t="str"><f ca="1">IF(Sheet51!$P$18="yes",IF(Sheet51!$P$17="yes",IF(AND(I6&lt;0,G6&lt;0),"SHORT UNWINDING",(IF(AND(I6&lt;0,G6&gt;0),"SHORT BUILDUP",(IF(AND(I6&gt;0,G6&gt;0),"LONG BUILDUP",IF(AND(I6&gt;0,G6&lt;0),"LONG UNWINDING","")))))),""),"")</f><v>LONG BUILDUP</v></c><c r="K6" s="335" t="str"><f ca="1">IF(Sheet51!$P$18="yes",IF(Sheet51!$P$17="yes",IF(OR(J6="SHORT BUILDUP",J6="LONG UNWINDING"), "BULLISH", IF(OR(J6="LONG BUILDUP",J6="SHORT UNWINDING" ), "BEARISH","")),""),"")</f><v>BEARISH</v></c></row><row r="7" spans="1:11" ht="16.5" customHeight="1" thickBot="1"><c r="A7" s="333" t="str"><f ca="1">IF(Sheet51!$P$18="yes",IF(Sheet51!$P$17="yes",IF(OR(B7="SHORT BUILDUP",B7="LONG UNWINDING"), "BEARISH", IF(OR(B7="LONG BUILDUP",B7="SHORT UNWINDING" ), "BULLISH","")),""),"")</f><v>BEARISH</v></c><c r="B7" s="333" t="str"><f ca="1">IF(Sheet51!$P$18="yes",IF(Sheet51!$P$17="yes",IF(AND(C7&lt;0,D7&lt;0),"LONG UNWINDING",(IF(AND(C7&lt;0,D7&gt;0),"SHORT BUILDUP",(IF(AND(C7&gt;0,D7&gt;0),"LONG BUILDUP",IF(AND(C7&gt;0,D7&lt;0),"SHORT UNWINDING","")))))),""),"")</f><v>SHORT BUILDUP</v></c><c r="C7" s="318"><f ca="1">IF(Sheet51!$P$18="yes",IF(Sheet51!$P$17="yes",SUMIF(Data!$L$21:'Data'!$L$211,F7,Data!$G$21:'Data'!$G$211),""),"")</f><v>-11.85</v></c><c r="D7" s="516"><f ca="1">IF(Sheet51!$P$18="yes",IF(Sheet51!$P$17="yes",SUMIF(Data!$L$21:'Data'!$L$211,F7,Data!$C$21:'Data'!$C$211),""),"")</f><v>66975</v></c><c r="E7" s="516"/><c r="F7" s="235"><f t="shared" si="0"/><v>12400</v></c><c r="G7" s="517"><f ca="1">IF(Sheet51!$P$18="yes",IF(Sheet51!$P$17="yes",SUMIF(Data!$L$21:'Data'!$L$211,F7,Data!$U$21:'Data'!$U$211),""),"")</f><v>0</v></c><c r="H7" s="517"/><c r="I7" s="318"><f ca="1">IF(Sheet51!$P$18="yes",IF(Sheet51!$P$17="yes",SUMIF(Data!$L$21:'Data'!$L$211,F7,Data!$Q$21:'Data'!$Q$211),""),"")</f><v>56.9</v></c><c r="J7" s="334" t="str"><f ca="1">IF(Sheet51!$P$18="yes",IF(Sheet51!$P$17="yes",IF(AND(I7&lt;0,G7&lt;0),"SHORT UNWINDING",(IF(AND(I7&lt;0,G7&gt;0),"SHORT BUILDUP",(IF(AND(I7&gt;0,G7&gt;0),"LONG BUILDUP",IF(AND(I7&gt;0,G7&lt;0),"LONG UNWINDING","")))))),""),"")</f><v/></c><c r="K7" s="335" t="str"><f ca="1">IF(Sheet51!$P$18="yes",IF(Sheet51!$P$17="yes",IF(OR(J7="SHORT BUILDUP",J7="LONG UNWINDING"), "BULLISH", IF(OR(J7="LONG BUILDUP",J7="SHORT UNWINDING" ), "BEARISH","")),""),"")</f><v/></c></row><row r="8" spans="1:11" ht="16.5" customHeight="1" thickBot="1"><c r="A8" s="333" t="str"><f ca="1">IF(Sheet51!$P$18="yes",IF(Sheet51!$P$17="yes",IF(OR(B8="SHORT BUILDUP",B8="LONG UNWINDING"), "BEARISH", IF(OR(B8="LONG BUILDUP",B8="SHORT UNWINDING" ), "BULLISH","")),""),"")</f><v>BEARISH</v></c><c r="B8" s="333" t="str"><f ca="1">IF(Sheet51!$P$18="yes",IF(Sheet51!$P$17="yes",IF(AND(C8&lt;0,D8&lt;0),"LONG UNWINDING",(IF(AND(C8&lt;0,D8&gt;0),"SHORT BUILDUP",(IF(AND(C8&gt;0,D8&gt;0),"LONG BUILDUP",IF(AND(C8&gt;0,D8&lt;0),"SHORT UNWINDING","")))))),""),"")</f><v>SHORT BUILDUP</v></c><c r="C8" s="318"><f ca="1">IF(Sheet51!$P$18="yes",IF(Sheet51!$P$17="yes",SUMIF(Data!$L$21:'Data'!$L$211,F8,Data!$G$21:'Data'!$G$211),""),"")</f><v>-13.35</v></c><c r="D8" s="516"><f ca="1">IF(Sheet51!$P$18="yes",IF(Sheet51!$P$17="yes",SUMIF(Data!$L$21:'Data'!$L$211,F8,Data!$C$21:'Data'!$C$211),""),"")</f><v>42600</v></c><c r="E8" s="516"/><c r="F8" s="235"><f t="shared" si="0"/><v>12300</v></c><c r="G8" s="517"><f ca="1">IF(Sheet51!$P$18="yes",IF(Sheet51!$P$17="yes",SUMIF(Data!$L$21:'Data'!$L$211,F8,Data!$U$21:'Data'!$U$211),""),"")</f><v>-75</v></c><c r="H8" s="517"/><c r="I8" s="318"><f ca="1">IF(Sheet51!$P$18="yes",IF(Sheet51!$P$17="yes",SUMIF(Data!$L$21:'Data'!$L$211,F8,Data!$Q$21:'Data'!$Q$211),""),"")</f><v>25.65</v></c><c r="J8" s="334" t="str"><f ca="1">IF(Sheet51!$P$18="yes",IF(Sheet51!$P$17="yes",IF(AND(I8&lt;0,G8&lt;0),"SHORT UNWINDING",(IF(AND(I8&lt;0,G8&gt;0),"SHORT BUILDUP",(IF(AND(I8&gt;0,G8&gt;0),"LONG BUILDUP",IF(AND(I8&gt;0,G8&lt;0),"LONG UNWINDING","")))))),""),"")</f><v>LONG UNWINDING</v></c><c r="K8" s="335" t="str"><f ca="1">IF(Sheet51!$P$18="yes",IF(Sheet51!$P$17="yes",IF(OR(J8="SHORT BUILDUP",J8="LONG UNWINDING"), "BULLISH", IF(OR(J8="LONG BUILDUP",J8="SHORT UNWINDING" ), "BEARISH","")),""),"")</f><v>BULLISH</v></c></row><row r="9" spans="1:11" ht="16.5" customHeight="1" thickBot="1"><c r="A9" s="333" t="str"><f ca="1">IF(Sheet51!$P$18="yes",IF(Sheet51!$P$17="yes",IF(OR(B9="SHORT BUILDUP",B9="LONG UNWINDING"), "BEARISH", IF(OR(B9="LONG BUILDUP",B9="SHORT UNWINDING" ), "BULLISH","")),""),"")</f><v>BEARISH</v></c><c r="B9" s="333" t="str"><f ca="1">IF(Sheet51!$P$18="yes",IF(Sheet51!$P$17="yes",IF(AND(C9&lt;0,D9&lt;0),"LONG UNWINDING",(IF(AND(C9&lt;0,D9&gt;0),"SHORT BUILDUP",(IF(AND(C9&gt;0,D9&gt;0),"LONG BUILDUP",IF(AND(C9&gt;0,D9&lt;0),"SHORT UNWINDING","")))))),""),"")</f><v>SHORT BUILDUP</v></c><c r="C9" s="318"><f ca="1">IF(Sheet51!$P$18="yes",IF(Sheet51!$P$17="yes",SUMIF(Data!$L$21:'Data'!$L$211,F9,Data!$G$21:'Data'!$G$211),""),"")</f><v>-18</v></c><c r="D9" s="516"><f ca="1">IF(Sheet51!$P$18="yes",IF(Sheet51!$P$17="yes",SUMIF(Data!$L$21:'Data'!$L$211,F9,Data!$C$21:'Data'!$C$211),""),"")</f><v>127350</v></c><c r="E9" s="516"/><c r="F9" s="235"><f t="shared" si="0"/><v>12200</v></c><c r="G9" s="517"><f ca="1">IF(Sheet51!$P$18="yes",IF(Sheet51!$P$17="yes",SUMIF(Data!$L$21:'Data'!$L$211,F9,Data!$U$21:'Data'!$U$211),""),"")</f><v>2325</v></c><c r="H9" s="517"/><c r="I9" s="318"><f ca="1">IF(Sheet51!$P$18="yes",IF(Sheet51!$P$17="yes",SUMIF(Data!$L$21:'Data'!$L$211,F9,Data!$Q$21:'Data'!$Q$211),""),"")</f><v>7</v></c><c r="J9" s="334" t="str"><f ca="1">IF(Sheet51!$P$18="yes",IF(Sheet51!$P$17="yes",IF(AND(I9&lt;0,G9&lt;0),"SHORT UNWINDING",(IF(AND(I9&lt;0,G9&gt;0),"SHORT BUILDUP",(IF(AND(I9&gt;0,G9&gt;0),"LONG BUILDUP",IF(AND(I9&gt;0,G9&lt;0),"LONG UNWINDING","")))))),""),"")</f><v>LONG BUILDUP</v></c><c r="K9" s="335" t="str"><f ca="1">IF(Sheet51!$P$18="yes",IF(Sheet51!$P$17="yes",IF(OR(J9="SHORT BUILDUP",J9="LONG UNWINDING"), "BULLISH", IF(OR(J9="LONG BUILDUP",J9="SHORT UNWINDING" ), "BEARISH","")),""),"")</f><v>BEARISH</v></c></row><row r="10" spans="1:11" ht="16.5" customHeight="1" thickBot="1"><c r="A10" s="336" t="str"><f ca="1">IF(Sheet51!$P$18="yes",IF(Sheet51!$P$17="yes",IF(OR(B10="SHORT BUILDUP",B10="LONG UNWINDING"), "BEARISH", IF(OR(B10="LONG BUILDUP",B10="SHORT UNWINDING" ), "BULLISH","")),""),"")</f><v>BEARISH</v></c><c r="B10" s="337" t="str"><f ca="1">IF(Sheet51!$P$18="yes",IF(Sheet51!$P$17="yes",IF(AND(C10&lt;0,D10&lt;0),"LONG UNWINDING",(IF(AND(C10&lt;0,D10&gt;0),"SHORT BUILDUP",(IF(AND(C10&gt;0,D10&gt;0),"LONG BUILDUP",IF(AND(C10&gt;0,D10&lt;0),"SHORT UNWINDING","")))))),""),"")</f><v>SHORT BUILDUP</v></c><c r="C10" s="338"><f ca="1">IF(Sheet51!$P$18="yes",IF(Sheet51!$P$17="yes",SUMIF(Data!$L$21:'Data'!$L$211,F10,Data!$G$21:'Data'!$G$211),""),"")</f><v>-21.3</v></c><c r="D10" s="528"><f ca="1">IF(Sheet51!$P$18="yes",IF(Sheet51!$P$17="yes",SUMIF(Data!$L$21:'Data'!$L$211,F10,Data!$C$21:'Data'!$C$211),""),"")</f><v>3150</v></c><c r="E10" s="528"/><c r="F10" s="339"><f t="shared" si="0"/><v>12100</v></c><c r="G10" s="529"><f ca="1">IF(Sheet51!$P$18="yes",IF(Sheet51!$P$17="yes",SUMIF(Data!$L$21:'Data'!$L$211,F10,Data!$U$21:'Data'!$U$211),""),"")</f><v>16050</v></c><c r="H10" s="529"/><c r="I10" s="338"><f ca="1">IF(Sheet51!$P$18="yes",IF(Sheet51!$P$17="yes",SUMIF(Data!$L$21:'Data'!$L$211,F10,Data!$Q$21:'Data'!$Q$211),""),"")</f><v>-2.1</v></c><c r="J10" s="340" t="str"><f ca="1">IF(Sheet51!$P$18="yes",IF(Sheet51!$P$17="yes",IF(AND(I10&lt;0,G10&lt;0),"SHORT UNWINDING",(IF(AND(I10&lt;0,G10&gt;0),"SHORT BUILDUP",(IF(AND(I10&gt;0,G10&gt;0),"LONG BUILDUP",IF(AND(I10&gt;0,G10&lt;0),"LONG UNWINDING","")))))),""),"")</f><v>SHORT BUILDUP</v></c><c r="K10" s="341" t="str"><f ca="1">IF(Sheet51!$P$18="yes",IF(Sheet51!$P$17="yes",IF(OR(J10="SHORT BUILDUP",J10="LONG UNWINDING"), "BULLISH", IF(OR(J10="LONG BUILDUP",J10="SHORT UNWINDING" ), "BEARISH","")),""),"")</f><v>BULLISH</v></c></row><row r="11" spans="1:11" ht="16.5" customHeight="1" thickBot="1"><c r="A11" s="342" t="str"><f ca="1">IF(Sheet51!$P$18="yes",IF(Sheet51!$P$17="yes",IF(OR(B11="SHORT BUILDUP",B11="LONG UNWINDING"), "BEARISH", IF(OR(B11="LONG BUILDUP",B11="SHORT UNWINDING" ), "BULLISH","")),""),"")</f><v>BEARISH</v></c><c r="B11" s="343" t="str"><f ca="1">IF(Sheet51!$P$18="yes",IF(Sheet51!$P$17="yes",IF(AND(C11&lt;0,D11&lt;0),"LONG UNWINDING",(IF(AND(C11&lt;0,D11&gt;0),"SHORT BUILDUP",(IF(AND(C11&gt;0,D11&gt;0),"LONG BUILDUP",IF(AND(C11&gt;0,D11&lt;0),"SHORT UNWINDING","")))))),""),"")</f><v>LONG UNWINDING</v></c><c r="C11" s="344"><f ca="1">IF(Sheet51!$P$18="yes",IF(Sheet51!$P$17="yes",SUMIF(Data!$L$21:'Data'!$L$211,F11,Data!$G$21:'Data'!$G$211),""),"")</f><v>-24.5</v></c><c r="D11" s="530"><f ca="1">IF(Sheet51!$P$18="yes",IF(Sheet51!$P$17="yes",SUMIF(Data!$L$21:'Data'!$L$211,F11,Data!$C$21:'Data'!$C$211),""),"")</f><v>-70875</v></c><c r="E11" s="530"/><c r="F11" s="345"><f t="shared" si="0"/><v>12000</v></c><c r="G11" s="531"><f ca="1">IF(Sheet51!$P$18="yes",IF(Sheet51!$P$17="yes",SUMIF(Data!$L$21:'Data'!$L$211,F11,Data!$U$21:'Data'!$U$211),""),"")</f><v>3450</v></c><c r="H11" s="531"/><c r="I11" s="346"><f ca="1">IF(Sheet51!$P$18="yes",IF(Sheet51!$P$17="yes",SUMIF(Data!$L$21:'Data'!$L$211,F11,Data!$Q$21:'Data'!$Q$211),""),"")</f><v>3.5</v></c><c r="J11" s="347" t="str"><f ca="1">IF(Sheet51!$P$18="yes",IF(Sheet51!$P$17="yes",IF(AND(I11&lt;0,G11&lt;0),"SHORT UNWINDING",(IF(AND(I11&lt;0,G11&gt;0),"SHORT BUILDUP",(IF(AND(I11&gt;0,G11&gt;0),"LONG BUILDUP",IF(AND(I11&gt;0,G11&lt;0),"LONG UNWINDING","")))))),""),"")</f><v>LONG BUILDUP</v></c><c r="K11" s="348" t="str"><f ca="1">IF(Sheet51!$P$18="yes",IF(Sheet51!$P$17="yes",IF(OR(J11="SHORT BUILDUP",J11="LONG UNWINDING"), "BULLISH", IF(OR(J11="LONG BUILDUP",J11="SHORT UNWINDING" ), "BEARISH","")),""),"")</f><v>BEARISH</v></c></row><row r="12" spans="1:11" ht="16.5" customHeight="1" thickBot="1"><c r="A12" s="349" t="str"><f ca="1">IF(Sheet51!$P$18="yes",IF(Sheet51!$P$17="yes",IF(OR(B12="SHORT BUILDUP",B12="LONG UNWINDING"), "BEARISH", IF(OR(B12="LONG BUILDUP",B12="SHORT UNWINDING" ), "BULLISH","")),""),"")</f><v>BEARISH</v></c><c r="B12" s="350" t="str"><f ca="1">IF(Sheet51!$P$18="yes",IF(Sheet51!$P$17="yes",IF(AND(C12&lt;0,D12&lt;0),"LONG UNWINDING",(IF(AND(C12&lt;0,D12&gt;0),"SHORT BUILDUP",(IF(AND(C12&gt;0,D12&gt;0),"LONG BUILDUP",IF(AND(C12&gt;0,D12&lt;0),"SHORT UNWINDING","")))))),""),"")</f><v>SHORT BUILDUP</v></c><c r="C12" s="351"><f ca="1">IF(Sheet51!$P$18="yes",IF(Sheet51!$P$17="yes",SUMIF(Data!$L$21:'Data'!$L$211,F12,Data!$G$21:'Data'!$G$211),""),"")</f><v>-30.55</v></c><c r="D12" s="524"><f ca="1">IF(Sheet51!$P$18="yes",IF(Sheet51!$P$17="yes",SUMIF(Data!$L$21:'Data'!$L$211,F12,Data!$C$21:'Data'!$C$211),""),"")</f><v>34725</v></c><c r="E12" s="524"/><c r="F12" s="352"><f>F13+100</f><v>11900</v></c><c r="G12" s="525"><f ca="1">IF(Sheet51!$P$18="yes",IF(Sheet51!$P$17="yes",SUMIF(Data!$L$21:'Data'!$L$211,F12,Data!$U$21:'Data'!$U$211),""),"")</f><v>8175</v></c><c r="H12" s="525"/><c r="I12" s="353"><f ca="1">IF(Sheet51!$P$18="yes",IF(Sheet51!$P$17="yes",SUMIF(Data!$L$21:'Data'!$L$211,F12,Data!$Q$21:'Data'!$Q$211),""),"")</f><v>-0.65</v></c><c r="J12" s="354" t="str"><f ca="1">IF(Sheet51!$P$18="yes",IF(Sheet51!$P$17="yes",IF(AND(I12&lt;0,G12&lt;0),"SHORT UNWINDING",(IF(AND(I12&lt;0,G12&gt;0),"SHORT BUILDUP",(IF(AND(I12&gt;0,G12&gt;0),"LONG BUILDUP",IF(AND(I12&gt;0,G12&lt;0),"LONG UNWINDING","")))))),""),"")</f><v>SHORT BUILDUP</v></c><c r="K12" s="355" t="str"><f ca="1">IF(Sheet51!$P$18="yes",IF(Sheet51!$P$17="yes",IF(OR(J12="SHORT BUILDUP",J12="LONG UNWINDING"), "BULLISH", IF(OR(J12="LONG BUILDUP",J12="SHORT UNWINDING" ), "BEARISH","")),""),"")</f><v>BULLISH</v></c></row><row r="13" spans="1:11" ht="16.5" customHeight="1" thickBot="1"><c r="A13" s="349" t="str"><f ca="1">IF(Sheet51!$P$18="yes",IF(Sheet51!$P$17="yes",IF(OR(B13="SHORT BUILDUP",B13="LONG UNWINDING"), "BEARISH", IF(OR(B13="LONG BUILDUP",B13="SHORT UNWINDING" ), "BULLISH","")),""),"")</f><v>BEARISH</v></c><c r="B13" s="350" t="str"><f ca="1">IF(Sheet51!$P$18="yes",IF(Sheet51!$P$17="yes",IF(AND(C13&lt;0,D13&lt;0),"LONG UNWINDING",(IF(AND(C13&lt;0,D13&gt;0),"SHORT BUILDUP",(IF(AND(C13&gt;0,D13&gt;0),"LONG BUILDUP",IF(AND(C13&gt;0,D13&lt;0),"SHORT UNWINDING","")))))),""),"")</f><v>SHORT BUILDUP</v></c><c r="C13" s="351"><f ca="1">IF(Sheet51!$P$18="yes",IF(Sheet51!$P$17="yes",SUMIF(Data!$L$21:'Data'!$L$211,F13,Data!$G$21:'Data'!$G$211),""),"")</f><v>-30.05</v></c><c r="D13" s="524"><f ca="1">IF(Sheet51!$P$18="yes",IF(Sheet51!$P$17="yes",SUMIF(Data!$L$21:'Data'!$L$211,F13,Data!$C$21:'Data'!$C$211),""),"")</f><v>48150</v></c><c r="E13" s="524"/><c r="F13" s="352"><f>F14+100</f><v>11800</v></c><c r="G13" s="525"><f ca="1">IF(Sheet51!$P$18="yes",IF(Sheet51!$P$17="yes",SUMIF(Data!$L$21:'Data'!$L$211,F13,Data!$U$21:'Data'!$U$211),""),"")</f><v>208725</v></c><c r="H13" s="525"/><c r="I13" s="353"><f ca="1">IF(Sheet51!$P$18="yes",IF(Sheet51!$P$17="yes",SUMIF(Data!$L$21:'Data'!$L$211,F13,Data!$Q$21:'Data'!$Q$211),""),"")</f><v>0.8</v></c><c r="J13" s="354" t="str"><f ca="1">IF(Sheet51!$P$18="yes",IF(Sheet51!$P$17="yes",IF(AND(I13&lt;0,G13&lt;0),"SHORT UNWINDING",(IF(AND(I13&lt;0,G13&gt;0),"SHORT BUILDUP",(IF(AND(I13&gt;0,G13&gt;0),"LONG BUILDUP",IF(AND(I13&gt;0,G13&lt;0),"LONG UNWINDING","")))))),""),"")</f><v>LONG BUILDUP</v></c><c r="K13" s="355" t="str"><f ca="1">IF(Sheet51!$P$18="yes",IF(Sheet51!$P$17="yes",IF(OR(J13="SHORT BUILDUP",J13="LONG UNWINDING"), "BULLISH", IF(OR(J13="LONG BUILDUP",J13="SHORT UNWINDING" ), "BEARISH","")),""),"")</f><v>BEARISH</v></c></row><row r="14" spans="1:11" ht="16.5" customHeight="1" thickBot="1"><c r="A14" s="356" t="str"><f ca="1">IF(Sheet51!$P$18="yes",IF(Sheet51!$P$17="yes",IF(OR(B14="SHORT BUILDUP",B14="LONG UNWINDING"), "BEARISH", IF(OR(B14="LONG BUILDUP",B14="SHORT UNWINDING" ), "BULLISH","")),""),"")</f><v>BEARISH</v></c><c r="B14" s="236" t="str"><f ca="1">IF(Sheet51!$P$18="yes",IF(Sheet51!$P$17="yes",IF(AND(C14&lt;0,D14&lt;0),"LONG UNWINDING",(IF(AND(C14&lt;0,D14&gt;0),"SHORT BUILDUP",(IF(AND(C14&gt;0,D14&gt;0),"LONG BUILDUP",IF(AND(C14&gt;0,D14&lt;0),"SHORT UNWINDING","")))))),""),"")</f><v>SHORT BUILDUP</v></c><c r="C14" s="250"><f ca="1">IF(Sheet51!$P$18="yes",IF(Sheet51!$P$17="yes",SUMIF(Data!$L$21:'Data'!$L$211,F14,Data!$G$21:'Data'!$G$211),""),"")</f><v>-31.4</v></c><c r="D14" s="526"><f ca="1">IF(Sheet51!$P$18="yes",IF(Sheet51!$P$17="yes",SUMIF(Data!$L$21:'Data'!$L$211,F14,Data!$C$21:'Data'!$C$211),""),"")</f><v>12975</v></c><c r="E14" s="527"/><c r="F14" s="357"><f>ROUND(Sheet51!B1/100,0)*100</f><v>11700</v></c><c r="G14" s="526"><f ca="1">IF(Sheet51!$P$18="yes",IF(Sheet51!$P$17="yes",SUMIF(Data!$L$21:'Data'!$L$211,F14,Data!$U$21:'Data'!$U$211),""),"")</f><v>28050</v></c><c r="H14" s="527"/><c r="I14" s="250"><f ca="1">IF(Sheet51!$P$18="yes",IF(Sheet51!$P$17="yes",SUMIF(Data!$L$21:'Data'!$L$211,F14,Data!$Q$21:'Data'!$Q$211),""),"")</f><v>-4.05</v></c><c r="J14" s="236" t="str"><f ca="1">IF(Sheet51!$P$18="yes",IF(Sheet51!$P$17="yes",IF(AND(I14&lt;0,G14&lt;0),"SHORT UNWINDING",(IF(AND(I14&lt;0,G14&gt;0),"SHORT BUILDUP",(IF(AND(I14&gt;0,G14&gt;0),"LONG BUILDUP",IF(AND(I14&gt;0,G14&lt;0),"LONG UNWINDING","")))))),""),"")</f><v>SHORT BUILDUP</v></c><c r="K14" s="358" t="str"><f ca="1">IF(Sheet51!$P$18="yes",IF(Sheet51!$P$17="yes",IF(OR(J14="SHORT BUILDUP",J14="LONG UNWINDING"), "BULLISH", IF(OR(J14="LONG BUILDUP",J14="SHORT UNWINDING" ), "BEARISH","")),""),"")</f><v>BULLISH</v></c></row><row r="15" spans="1:11" ht="16.5" customHeight="1" thickBot="1"><c r="A15" s="349" t="str"><f ca="1">IF(Sheet51!$P$18="yes",IF(Sheet51!$P$17="yes",IF(OR(B15="SHORT BUILDUP",B15="LONG UNWINDING"), "BEARISH", IF(OR(B15="LONG BUILDUP",B15="SHORT UNWINDING" ), "BULLISH","")),""),"")</f><v>BEARISH</v></c><c r="B15" s="350" t="str"><f ca="1">IF(Sheet51!$P$18="yes",IF(Sheet51!$P$17="yes",IF(AND(C15&lt;0,D15&lt;0),"LONG UNWINDING",(IF(AND(C15&lt;0,D15&gt;0),"SHORT BUILDUP",(IF(AND(C15&gt;0,D15&gt;0),"LONG BUILDUP",IF(AND(C15&gt;0,D15&lt;0),"SHORT UNWINDING","")))))),""),"")</f><v>SHORT BUILDUP</v></c><c r="C15" s="353"><f ca="1">IF(Sheet51!$P$18="yes",IF(Sheet51!$P$17="yes",SUMIF(Data!$L$21:'Data'!$L$211,F15,Data!$G$21:'Data'!$G$211),""),"")</f><v>-28.65</v></c><c r="D15" s="518"><f ca="1">IF(Sheet51!$P$18="yes",IF(Sheet51!$P$17="yes",SUMIF(Data!$L$21:'Data'!$L$211,F15,Data!$C$21:'Data'!$C$211),""),"")</f><v>5925</v></c><c r="E15" s="518"/><c r="F15" s="352"><f>F14-100</f><v>11600</v></c><c r="G15" s="519"><f ca="1">IF(Sheet51!$P$18="yes",IF(Sheet51!$P$17="yes",SUMIF(Data!$L$21:'Data'!$L$211,F15,Data!$U$21:'Data'!$U$211),""),"")</f><v>7500</v></c><c r="H15" s="519"/><c r="I15" s="351"><f ca="1">IF(Sheet51!$P$18="yes",IF(Sheet51!$P$17="yes",SUMIF(Data!$L$21:'Data'!$L$211,F15,Data!$Q$21:'Data'!$Q$211),""),"")</f><v>-5</v></c><c r="J15" s="354" t="str"><f ca="1">IF(Sheet51!$P$18="yes",IF(Sheet51!$P$17="yes",IF(AND(I15&lt;0,G15&lt;0),"SHORT UNWINDING",(IF(AND(I15&lt;0,G15&gt;0),"SHORT BUILDUP",(IF(AND(I15&gt;0,G15&gt;0),"LONG BUILDUP",IF(AND(I15&gt;0,G15&lt;0),"LONG UNWINDING","")))))),""),"")</f><v>SHORT BUILDUP</v></c><c r="K15" s="355" t="str"><f ca="1">IF(Sheet51!$P$18="yes",IF(Sheet51!$P$17="yes",IF(OR(J15="SHORT BUILDUP",J15="LONG UNWINDING"), "BULLISH", IF(OR(J15="LONG BUILDUP",J15="SHORT UNWINDING" ), "BEARISH","")),""),"")</f><v>BULLISH</v></c></row><row r="16" spans="1:11" ht="16.5" customHeight="1" thickBot="1"><c r="A16" s="349" t="str"><f ca="1">IF(Sheet51!$P$18="yes",IF(Sheet51!$P$17="yes",IF(OR(B16="SHORT BUILDUP",B16="LONG UNWINDING"), "BEARISH", IF(OR(B16="LONG BUILDUP",B16="SHORT UNWINDING" ), "BULLISH","")),""),"")</f><v>BEARISH</v></c><c r="B16" s="350" t="str"><f ca="1">IF(Sheet51!$P$18="yes",IF(Sheet51!$P$17="yes",IF(AND(C16&lt;0,D16&lt;0),"LONG UNWINDING",(IF(AND(C16&lt;0,D16&gt;0),"SHORT BUILDUP",(IF(AND(C16&gt;0,D16&gt;0),"LONG BUILDUP",IF(AND(C16&gt;0,D16&lt;0),"SHORT UNWINDING","")))))),""),"")</f><v>SHORT BUILDUP</v></c><c r="C16" s="353"><f ca="1">IF(Sheet51!$P$18="yes",IF(Sheet51!$P$17="yes",SUMIF(Data!$L$21:'Data'!$L$211,F16,Data!$G$21:'Data'!$G$211),""),"")</f><v>-35.049999999999997</v></c><c r="D16" s="518"><f ca="1">IF(Sheet51!$P$18="yes",IF(Sheet51!$P$17="yes",SUMIF(Data!$L$21:'Data'!$L$211,F16,Data!$C$21:'Data'!$C$211),""),"")</f><v>23250</v></c><c r="E16" s="518"/><c r="F16" s="352"><f>F15-100</f><v>11500</v></c><c r="G16" s="519"><f ca="1">IF(Sheet51!$P$18="yes",IF(Sheet51!$P$17="yes",SUMIF(Data!$L$21:'Data'!$L$211,F16,Data!$U$21:'Data'!$U$211),""),"")</f><v>103425</v></c><c r="H16" s="519"/><c r="I16" s="351"><f ca="1">IF(Sheet51!$P$18="yes",IF(Sheet51!$P$17="yes",SUMIF(Data!$L$21:'Data'!$L$211,F16,Data!$Q$21:'Data'!$Q$211),""),"")</f><v>-7.75</v></c><c r="J16" s="354" t="str"><f ca="1">IF(Sheet51!$P$18="yes",IF(Sheet51!$P$17="yes",IF(AND(I16&lt;0,G16&lt;0),"SHORT UNWINDING",(IF(AND(I16&lt;0,G16&gt;0),"SHORT BUILDUP",(IF(AND(I16&gt;0,G16&gt;0),"LONG BUILDUP",IF(AND(I16&gt;0,G16&lt;0),"LONG UNWINDING","")))))),""),"")</f><v>SHORT BUILDUP</v></c><c r="K16" s="355" t="str"><f ca="1">IF(Sheet51!$P$18="yes",IF(Sheet51!$P$17="yes",IF(OR(J16="SHORT BUILDUP",J16="LONG UNWINDING"), "BULLISH", IF(OR(J16="LONG BUILDUP",J16="SHORT UNWINDING" ), "BEARISH","")),""),"")</f><v>BULLISH</v></c></row><row r="17" spans="1:11" ht="16.5" customHeight="1" thickBot="1"><c r="A17" s="359" t="str"><f ca="1">IF(Sheet51!$P$18="yes",IF(Sheet51!$P$17="yes",IF(OR(B17="SHORT BUILDUP",B17="LONG UNWINDING"), "BEARISH", IF(OR(B17="LONG BUILDUP",B17="SHORT UNWINDING" ), "BULLISH","")),""),"")</f><v>BEARISH</v></c><c r="B17" s="360" t="str"><f ca="1">IF(Sheet51!$P$18="yes",IF(Sheet51!$P$17="yes",IF(AND(C17&lt;0,D17&lt;0),"LONG UNWINDING",(IF(AND(C17&lt;0,D17&gt;0),"SHORT BUILDUP",(IF(AND(C17&gt;0,D17&gt;0),"LONG BUILDUP",IF(AND(C17&gt;0,D17&lt;0),"SHORT UNWINDING","")))))),""),"")</f><v>SHORT BUILDUP</v></c><c r="C17" s="361"><f ca="1">IF(Sheet51!$P$18="yes",IF(Sheet51!$P$17="yes",SUMIF(Data!$L$21:'Data'!$L$211,F17,Data!$G$21:'Data'!$G$211),""),"")</f><v>-31.7</v></c><c r="D17" s="520"><f ca="1">IF(Sheet51!$P$18="yes",IF(Sheet51!$P$17="yes",SUMIF(Data!$L$21:'Data'!$L$211,F17,Data!$C$21:'Data'!$C$211),""),"")</f><v>12225</v></c><c r="E17" s="520"/><c r="F17" s="362"><f t="shared" ref="F17:F24" si="1">F16-100</f><v>11400</v></c><c r="G17" s="521"><f ca="1">IF(Sheet51!$P$18="yes",IF(Sheet51!$P$17="yes",SUMIF(Data!$L$21:'Data'!$L$211,F17,Data!$U$21:'Data'!$U$211),""),"")</f><v>53475</v></c><c r="H17" s="521"/><c r="I17" s="363"><f ca="1">IF(Sheet51!$P$18="yes",IF(Sheet51!$P$17="yes",SUMIF(Data!$L$21:'Data'!$L$211,F17,Data!$Q$21:'Data'!$Q$211),""),"")</f><v>-6.2</v></c><c r="J17" s="364" t="str"><f ca="1">IF(Sheet51!$P$18="yes",IF(Sheet51!$P$17="yes",IF(AND(I17&lt;0,G17&lt;0),"SHORT UNWINDING",(IF(AND(I17&lt;0,G17&gt;0),"SHORT BUILDUP",(IF(AND(I17&gt;0,G17&gt;0),"LONG BUILDUP",IF(AND(I17&gt;0,G17&lt;0),"LONG UNWINDING","")))))),""),"")</f><v>SHORT BUILDUP</v></c><c r="K17" s="365" t="str"><f ca="1">IF(Sheet51!$P$18="yes",IF(Sheet51!$P$17="yes",IF(OR(J17="SHORT BUILDUP",J17="LONG UNWINDING"), "BULLISH", IF(OR(J17="LONG BUILDUP",J17="SHORT UNWINDING" ), "BEARISH","")),""),"")</f><v>BULLISH</v></c></row><row r="18" spans="1:11" ht="16.5" customHeight="1" thickBot="1"><c r="A18" s="366" t="str"><f ca="1">IF(Sheet51!$P$18="yes",IF(Sheet51!$P$17="yes",IF(OR(B18="SHORT BUILDUP",B18="LONG UNWINDING"), "BEARISH", IF(OR(B18="LONG BUILDUP",B18="SHORT UNWINDING" ), "BULLISH","")),""),"")</f><v>BEARISH</v></c><c r="B18" s="366" t="str"><f ca="1">IF(Sheet51!$P$18="yes",IF(Sheet51!$P$17="yes",IF(AND(C18&lt;0,D18&lt;0),"LONG UNWINDING",(IF(AND(C18&lt;0,D18&gt;0),"SHORT BUILDUP",(IF(AND(C18&gt;0,D18&gt;0),"LONG BUILDUP",IF(AND(C18&gt;0,D18&lt;0),"SHORT UNWINDING","")))))),""),"")</f><v>LONG UNWINDING</v></c><c r="C18" s="367"><f ca="1">IF(Sheet51!$P$18="yes",IF(Sheet51!$P$17="yes",SUMIF(Data!$L$21:'Data'!$L$211,F18,Data!$G$21:'Data'!$G$211),""),"")</f><v>-30.2</v></c><c r="D18" s="522"><f ca="1">IF(Sheet51!$P$18="yes",IF(Sheet51!$P$17="yes",SUMIF(Data!$L$21:'Data'!$L$211,F18,Data!$C$21:'Data'!$C$211),""),"")</f><v>-150</v></c><c r="E18" s="522"/><c r="F18" s="368"><f t="shared" si="1"/><v>11300</v></c><c r="G18" s="523"><f ca="1">IF(Sheet51!$P$18="yes",IF(Sheet51!$P$17="yes",SUMIF(Data!$L$21:'Data'!$L$211,F18,Data!$U$21:'Data'!$U$211),""),"")</f><v>21975</v></c><c r="H18" s="523"/><c r="I18" s="367"><f ca="1">IF(Sheet51!$P$18="yes",IF(Sheet51!$P$17="yes",SUMIF(Data!$L$21:'Data'!$L$211,F18,Data!$Q$21:'Data'!$Q$211),""),"")</f><v>-5.45</v></c><c r="J18" s="369" t="str"><f ca="1">IF(Sheet51!$P$18="yes",IF(Sheet51!$P$17="yes",IF(AND(I18&lt;0,G18&lt;0),"SHORT UNWINDING",(IF(AND(I18&lt;0,G18&gt;0),"SHORT BUILDUP",(IF(AND(I18&gt;0,G18&gt;0),"LONG BUILDUP",IF(AND(I18&gt;0,G18&lt;0),"LONG UNWINDING","")))))),""),"")</f><v>SHORT BUILDUP</v></c><c r="K18" s="370" t="str"><f ca="1">IF(Sheet51!$P$18="yes",IF(Sheet51!$P$17="yes",IF(OR(J18="SHORT BUILDUP",J18="LONG UNWINDING"), "BULLISH", IF(OR(J18="LONG BUILDUP",J18="SHORT UNWINDING" ), "BEARISH","")),""),"")</f><v>BULLISH</v></c></row><row r="19" spans="1:11" ht="16.5" customHeight="1" thickBot="1"><c r="A19" s="333" t="str"><f ca="1">IF(Sheet51!$P$18="yes",IF(Sheet51!$P$17="yes",IF(OR(B19="SHORT BUILDUP",B19="LONG UNWINDING"), "BEARISH", IF(OR(B19="LONG BUILDUP",B19="SHORT UNWINDING" ), "BULLISH","")),""),"")</f><v/></c><c r="B19" s="333" t="str"><f ca="1">IF(Sheet51!$P$18="yes",IF(Sheet51!$P$17="yes",IF(AND(C19&lt;0,D19&lt;0),"LONG UNWINDING",(IF(AND(C19&lt;0,D19&gt;0),"SHORT BUILDUP",(IF(AND(C19&gt;0,D19&gt;0),"LONG BUILDUP",IF(AND(C19&gt;0,D19&lt;0),"SHORT UNWINDING","")))))),""),"")</f><v/></c><c r="C19" s="318"><f ca="1">IF(Sheet51!$P$18="yes",IF(Sheet51!$P$17="yes",SUMIF(Data!$L$21:'Data'!$L$211,F19,Data!$G$21:'Data'!$G$211),""),"")</f><v>-29</v></c><c r="D19" s="516"><f ca="1">IF(Sheet51!$P$18="yes",IF(Sheet51!$P$17="yes",SUMIF(Data!$L$21:'Data'!$L$211,F19,Data!$C$21:'Data'!$C$211),""),"")</f><v>0</v></c><c r="E19" s="516"/><c r="F19" s="235"><f t="shared" si="1"/><v>11200</v></c><c r="G19" s="517"><f ca="1">IF(Sheet51!$P$18="yes",IF(Sheet51!$P$17="yes",SUMIF(Data!$L$21:'Data'!$L$211,F19,Data!$U$21:'Data'!$U$211),""),"")</f><v>31875</v></c><c r="H19" s="517"/><c r="I19" s="318"><f ca="1">IF(Sheet51!$P$18="yes",IF(Sheet51!$P$17="yes",SUMIF(Data!$L$21:'Data'!$L$211,F19,Data!$Q$21:'Data'!$Q$211),""),"")</f><v>-3.9</v></c><c r="J19" s="334" t="str"><f ca="1">IF(Sheet51!$P$18="yes",IF(Sheet51!$P$17="yes",IF(AND(I19&lt;0,G19&lt;0),"SHORT UNWINDING",(IF(AND(I19&lt;0,G19&gt;0),"SHORT BUILDUP",(IF(AND(I19&gt;0,G19&gt;0),"LONG BUILDUP",IF(AND(I19&gt;0,G19&lt;0),"LONG UNWINDING","")))))),""),"")</f><v>SHORT BUILDUP</v></c><c r="K19" s="335" t="str"><f ca="1">IF(Sheet51!$P$18="yes",IF(Sheet51!$P$17="yes",IF(OR(J19="SHORT BUILDUP",J19="LONG UNWINDING"), "BULLISH", IF(OR(J19="LONG BUILDUP",J19="SHORT UNWINDING" ), "BEARISH","")),""),"")</f><v>BULLISH</v></c></row><row r="20" spans="1:11" ht="16.5" customHeight="1" thickBot="1"><c r="A20" s="333" t="str"><f ca="1">IF(Sheet51!$P$18="yes",IF(Sheet51!$P$17="yes",IF(OR(B20="SHORT BUILDUP",B20="LONG UNWINDING"), "BEARISH", IF(OR(B20="LONG BUILDUP",B20="SHORT UNWINDING" ), "BULLISH","")),""),"")</f><v>BEARISH</v></c><c r="B20" s="333" t="str"><f ca="1">IF(Sheet51!$P$18="yes",IF(Sheet51!$P$17="yes",IF(AND(C20&lt;0,D20&lt;0),"LONG UNWINDING",(IF(AND(C20&lt;0,D20&gt;0),"SHORT BUILDUP",(IF(AND(C20&gt;0,D20&gt;0),"LONG BUILDUP",IF(AND(C20&gt;0,D20&lt;0),"SHORT UNWINDING","")))))),""),"")</f><v>LONG UNWINDING</v></c><c r="C20" s="318"><f ca="1">IF(Sheet51!$P$18="yes",IF(Sheet51!$P$17="yes",SUMIF(Data!$L$21:'Data'!$L$211,F20,Data!$G$21:'Data'!$G$211),""),"")</f><v>-20.149999999999999</v></c><c r="D20" s="516"><f ca="1">IF(Sheet51!$P$18="yes",IF(Sheet51!$P$17="yes",SUMIF(Data!$L$21:'Data'!$L$211,F20,Data!$C$21:'Data'!$C$211),""),"")</f><v>-150</v></c><c r="E20" s="516"/><c r="F20" s="235"><f t="shared" si="1"/><v>11100</v></c><c r="G20" s="517"><f ca="1">IF(Sheet51!$P$18="yes",IF(Sheet51!$P$17="yes",SUMIF(Data!$L$21:'Data'!$L$211,F20,Data!$U$21:'Data'!$U$211),""),"")</f><v>38550</v></c><c r="H20" s="517"/><c r="I20" s="318"><f ca="1">IF(Sheet51!$P$18="yes",IF(Sheet51!$P$17="yes",SUMIF(Data!$L$21:'Data'!$L$211,F20,Data!$Q$21:'Data'!$Q$211),""),"")</f><v>-4</v></c><c r="J20" s="334" t="str"><f ca="1">IF(Sheet51!$P$18="yes",IF(Sheet51!$P$17="yes",IF(AND(I20&lt;0,G20&lt;0),"SHORT UNWINDING",(IF(AND(I20&lt;0,G20&gt;0),"SHORT BUILDUP",(IF(AND(I20&gt;0,G20&gt;0),"LONG BUILDUP",IF(AND(I20&gt;0,G20&lt;0),"LONG UNWINDING","")))))),""),"")</f><v>SHORT BUILDUP</v></c><c r="K20" s="335" t="str"><f ca="1">IF(Sheet51!$P$18="yes",IF(Sheet51!$P$17="yes",IF(OR(J20="SHORT BUILDUP",J20="LONG UNWINDING"), "BULLISH", IF(OR(J20="LONG BUILDUP",J20="SHORT UNWINDING" ), "BEARISH","")),""),"")</f><v>BULLISH</v></c></row><row r="21" spans="1:11" ht="16.5" customHeight="1" thickBot="1"><c r="A21" s="333" t="str"><f ca="1">IF(Sheet51!$P$18="yes",IF(Sheet51!$P$17="yes",IF(OR(B21="SHORT BUILDUP",B21="LONG UNWINDING"), "BEARISH", IF(OR(B21="LONG BUILDUP",B21="SHORT UNWINDING" ), "BULLISH","")),""),"")</f><v>BEARISH</v></c><c r="B21" s="333" t="str"><f ca="1">IF(Sheet51!$P$18="yes",IF(Sheet51!$P$17="yes",IF(AND(C21&lt;0,D21&lt;0),"LONG UNWINDING",(IF(AND(C21&lt;0,D21&gt;0),"SHORT BUILDUP",(IF(AND(C21&gt;0,D21&gt;0),"LONG BUILDUP",IF(AND(C21&gt;0,D21&lt;0),"SHORT UNWINDING","")))))),""),"")</f><v>LONG UNWINDING</v></c><c r="C21" s="318"><f ca="1">IF(Sheet51!$P$18="yes",IF(Sheet51!$P$17="yes",SUMIF(Data!$L$21:'Data'!$L$211,F21,Data!$G$21:'Data'!$G$211),""),"")</f><v>-34.15</v></c><c r="D21" s="516"><f ca="1">IF(Sheet51!$P$18="yes",IF(Sheet51!$P$17="yes",SUMIF(Data!$L$21:'Data'!$L$211,F21,Data!$C$21:'Data'!$C$211),""),"")</f><v>-3150</v></c><c r="E21" s="516"/><c r="F21" s="235"><f t="shared" si="1"/><v>11000</v></c><c r="G21" s="517"><f ca="1">IF(Sheet51!$P$18="yes",IF(Sheet51!$P$17="yes",SUMIF(Data!$L$21:'Data'!$L$211,F21,Data!$U$21:'Data'!$U$211),""),"")</f><v>-84975</v></c><c r="H21" s="517"/><c r="I21" s="318"><f ca="1">IF(Sheet51!$P$18="yes",IF(Sheet51!$P$17="yes",SUMIF(Data!$L$21:'Data'!$L$211,F21,Data!$Q$21:'Data'!$Q$211),""),"")</f><v>-3.3</v></c><c r="J21" s="334" t="str"><f ca="1">IF(Sheet51!$P$18="yes",IF(Sheet51!$P$17="yes",IF(AND(I21&lt;0,G21&lt;0),"SHORT UNWINDING",(IF(AND(I21&lt;0,G21&gt;0),"SHORT BUILDUP",(IF(AND(I21&gt;0,G21&gt;0),"LONG BUILDUP",IF(AND(I21&gt;0,G21&lt;0),"LONG UNWINDING","")))))),""),"")</f><v>SHORT UNWINDING</v></c><c r="K21" s="335" t="str"><f ca="1">IF(Sheet51!$P$18="yes",IF(Sheet51!$P$17="yes",IF(OR(J21="SHORT BUILDUP",J21="LONG UNWINDING"), "BULLISH", IF(OR(J21="LONG BUILDUP",J21="SHORT UNWINDING" ), "BEARISH","")),""),"")</f><v>BEARISH</v></c></row><row r="22" spans="1:11" ht="16.5" customHeight="1" thickBot="1"><c r="A22" s="333" t="str"><f ca="1">IF(Sheet51!$P$18="yes",IF(Sheet51!$P$17="yes",IF(OR(B22="SHORT BUILDUP",B22="LONG UNWINDING"), "BEARISH", IF(OR(B22="LONG BUILDUP",B22="SHORT UNWINDING" ), "BULLISH","")),""),"")</f><v>BEARISH</v></c><c r="B22" s="333" t="str"><f ca="1">IF(Sheet51!$P$18="yes",IF(Sheet51!$P$17="yes",IF(AND(C22&lt;0,D22&lt;0),"LONG UNWINDING",(IF(AND(C22&lt;0,D22&gt;0),"SHORT BUILDUP",(IF(AND(C22&gt;0,D22&gt;0),"LONG BUILDUP",IF(AND(C22&gt;0,D22&lt;0),"SHORT UNWINDING","")))))),""),"")</f><v>LONG UNWINDING</v></c><c r="C22" s="318"><f ca="1">IF(Sheet51!$P$18="yes",IF(Sheet51!$P$17="yes",SUMIF(Data!$L$21:'Data'!$L$211,F22,Data!$G$21:'Data'!$G$211),""),"")</f><v>-65</v></c><c r="D22" s="516"><f ca="1">IF(Sheet51!$P$18="yes",IF(Sheet51!$P$17="yes",SUMIF(Data!$L$21:'Data'!$L$211,F22,Data!$C$21:'Data'!$C$211),""),"")</f><v>-450</v></c><c r="E22" s="516"/><c r="F22" s="235"><f t="shared" si="1"/><v>10900</v></c><c r="G22" s="517"><f ca="1">IF(Sheet51!$P$18="yes",IF(Sheet51!$P$17="yes",SUMIF(Data!$L$21:'Data'!$L$211,F22,Data!$U$21:'Data'!$U$211),""),"")</f><v>21225</v></c><c r="H22" s="517"/><c r="I22" s="318"><f ca="1">IF(Sheet51!$P$18="yes",IF(Sheet51!$P$17="yes",SUMIF(Data!$L$21:'Data'!$L$211,F22,Data!$Q$21:'Data'!$Q$211),""),"")</f><v>-3.7</v></c><c r="J22" s="334" t="str"><f ca="1">IF(Sheet51!$P$18="yes",IF(Sheet51!$P$17="yes",IF(AND(I22&lt;0,G22&lt;0),"SHORT UNWINDING",(IF(AND(I22&lt;0,G22&gt;0),"SHORT BUILDUP",(IF(AND(I22&gt;0,G22&gt;0),"LONG BUILDUP",IF(AND(I22&gt;0,G22&lt;0),"LONG UNWINDING","")))))),""),"")</f><v>SHORT BUILDUP</v></c><c r="K22" s="335" t="str"><f ca="1">IF(Sheet51!$P$18="yes",IF(Sheet51!$P$17="yes",IF(OR(J22="SHORT BUILDUP",J22="LONG UNWINDING"), "BULLISH", IF(OR(J22="LONG BUILDUP",J22="SHORT UNWINDING" ), "BEARISH","")),""),"")</f><v>BULLISH</v></c></row><row r="23" spans="1:11" ht="16.5" customHeight="1" thickBot="1"><c r="A23" s="333" t="str"><f ca="1">IF(Sheet51!$P$18="yes",IF(Sheet51!$P$17="yes",IF(OR(B23="SHORT BUILDUP",B23="LONG UNWINDING"), "BEARISH", IF(OR(B23="LONG BUILDUP",B23="SHORT UNWINDING" ), "BULLISH","")),""),"")</f><v>BEARISH</v></c><c r="B23" s="333" t="str"><f ca="1">IF(Sheet51!$P$18="yes",IF(Sheet51!$P$17="yes",IF(AND(C23&lt;0,D23&lt;0),"LONG UNWINDING",(IF(AND(C23&lt;0,D23&gt;0),"SHORT BUILDUP",(IF(AND(C23&gt;0,D23&gt;0),"LONG BUILDUP",IF(AND(C23&gt;0,D23&lt;0),"SHORT UNWINDING","")))))),""),"")</f><v>LONG UNWINDING</v></c><c r="C23" s="318"><f ca="1">IF(Sheet51!$P$18="yes",IF(Sheet51!$P$17="yes",SUMIF(Data!$L$21:'Data'!$L$211,F23,Data!$G$21:'Data'!$G$211),""),"")</f><v>-15.7</v></c><c r="D23" s="516"><f ca="1">IF(Sheet51!$P$18="yes",IF(Sheet51!$P$17="yes",SUMIF(Data!$L$21:'Data'!$L$211,F23,Data!$C$21:'Data'!$C$211),""),"")</f><v>-225</v></c><c r="E23" s="516"/><c r="F23" s="235"><f t="shared" si="1"/><v>10800</v></c><c r="G23" s="517"><f ca="1">IF(Sheet51!$P$18="yes",IF(Sheet51!$P$17="yes",SUMIF(Data!$L$21:'Data'!$L$211,F23,Data!$U$21:'Data'!$U$211),""),"")</f><v>21150</v></c><c r="H23" s="517"/><c r="I23" s="318"><f ca="1">IF(Sheet51!$P$18="yes",IF(Sheet51!$P$17="yes",SUMIF(Data!$L$21:'Data'!$L$211,F23,Data!$Q$21:'Data'!$Q$211),""),"")</f><v>-0.45</v></c><c r="J23" s="334" t="str"><f ca="1">IF(Sheet51!$P$18="yes",IF(Sheet51!$P$17="yes",IF(AND(I23&lt;0,G23&lt;0),"SHORT UNWINDING",(IF(AND(I23&lt;0,G23&gt;0),"SHORT BUILDUP",(IF(AND(I23&gt;0,G23&gt;0),"LONG BUILDUP",IF(AND(I23&gt;0,G23&lt;0),"LONG UNWINDING","")))))),""),"")</f><v>SHORT BUILDUP</v></c><c r="K23" s="335" t="str"><f ca="1">IF(Sheet51!$P$18="yes",IF(Sheet51!$P$17="yes",IF(OR(J23="SHORT BUILDUP",J23="LONG UNWINDING"), "BULLISH", IF(OR(J23="LONG BUILDUP",J23="SHORT UNWINDING" ), "BEARISH","")),""),"")</f><v>BULLISH</v></c></row><row r="24" spans="1:11" ht="16.5" customHeight="1" thickBot="1"><c r="A24" s="333" t="str"><f ca="1">IF(Sheet51!$P$18="yes",IF(Sheet51!$P$17="yes",IF(OR(B24="SHORT BUILDUP",B24="LONG UNWINDING"), "BEARISH", IF(OR(B24="LONG BUILDUP",B24="SHORT UNWINDING" ), "BULLISH","")),""),"")</f><v>BEARISH</v></c><c r="B24" s="333" t="str"><f ca="1">IF(Sheet51!$P$18="yes",IF(Sheet51!$P$17="yes",IF(AND(C24&lt;0,D24&lt;0),"LONG UNWINDING",(IF(AND(C24&lt;0,D24&gt;0),"SHORT BUILDUP",(IF(AND(C24&gt;0,D24&gt;0),"LONG BUILDUP",IF(AND(C24&gt;0,D24&lt;0),"SHORT UNWINDING","")))))),""),"")</f><v>LONG UNWINDING</v></c><c r="C24" s="318"><f ca="1">IF(Sheet51!$P$18="yes",IF(Sheet51!$P$17="yes",SUMIF(Data!$L$21:'Data'!$L$211,F24,Data!$G$21:'Data'!$G$211),""),"")</f><v>-22</v></c><c r="D24" s="516"><f ca="1">IF(Sheet51!$P$18="yes",IF(Sheet51!$P$17="yes",SUMIF(Data!$L$21:'Data'!$L$211,F24,Data!$C$21:'Data'!$C$211),""),"")</f><v>-525</v></c><c r="E24" s="516"/><c r="F24" s="235"><f t="shared" si="1"/><v>10700</v></c><c r="G24" s="517"><f ca="1">IF(Sheet51!$P$18="yes",IF(Sheet51!$P$17="yes",SUMIF(Data!$L$21:'Data'!$L$211,F24,Data!$U$21:'Data'!$U$211),""),"")</f><v>47175</v></c><c r="H24" s="517"/><c r="I24" s="318"><f ca="1">IF(Sheet51!$P$18="yes",IF(Sheet51!$P$17="yes",SUMIF(Data!$L$21:'Data'!$L$211,F24,Data!$Q$21:'Data'!$Q$211),""),"")</f><v>-2</v></c><c r="J24" s="334" t="str"><f ca="1">IF(Sheet51!$P$18="yes",IF(Sheet51!$P$17="yes",IF(AND(I24&lt;0,G24&lt;0),"SHORT UNWINDING",(IF(AND(I24&lt;0,G24&gt;0),"SHORT BUILDUP",(IF(AND(I24&gt;0,G24&gt;0),"LONG BUILDUP",IF(AND(I24&gt;0,G24&lt;0),"LONG UNWINDING","")))))),""),"")</f><v>SHORT BUILDUP</v></c><c r="K24" s="335" t="str"><f ca="1">IF(Sheet51!$P$18="yes",IF(Sheet51!$P$17="yes",IF(OR(J24="SHORT BUILDUP",J24="LONG UNWINDING"), "BULLISH", IF(OR(J24="LONG BUILDUP",J24="SHORT UNWINDING" ), "BEARISH","")),""),"")</f><v>BULLISH</v></c></row><row r="30" spans="1:11" ht="16.5" customHeight="1" thickBot="1"/><row r="31" spans="1:11" ht="16.5" customHeight="1" thickBot="1"><c r="A31" s="320" t="s"><v>23</v></c><c r="B31" s="321" t="str"><f>MAIN!B2</f><v>11748.15</v></c><c r="C31" s="322" t="s"><v>100</v></c><c r="D31" s="323"><f ca="1">MAIN!C5</f><v>12200</v></c><c r="E31" s="324"><f ca="1">MAIN!E5</f><v>127350</v></c><c r="F31" s="325"/><c r="G31" s="326" t="s"><v>102</v></c><c r="H31" s="327"><f ca="1">MAIN!C6</f><v>11800</v></c><c r="I31" s="328"><f ca="1">MAIN!E6</f><v>208725</v></c><c r="J31" s="329" t="s"><v>197</v></c><c r="K31" s="330"><f ca="1">NOW()</f><v>43586.579882175924</v></c></row><row r="32" spans="1:11" ht="16.5" customHeight="1" thickBot="1"><c r="A32" s="532" t="s"><v>30</v></c><c r="B32" s="533"/><c r="C32" s="534"/><c r="D32" s="535" t="str"><f>MAIN!D1</f><v xml:space="preserve">Underlying Index: NIFTY 11748.15  As on Apr 30, 2019 15:30:30 IST </v></c><c r="E32" s="536"/><c r="F32" s="536"/><c r="G32" s="536"/><c r="H32" s="536"/><c r="I32" s="532" t="s"><v>29</v></c><c r="J32" s="533"/><c r="K32" s="534"/></row><row r="33" spans="1:11" ht="16.5" customHeight="1" thickBot="1"><c r="A33" s="386" t="s"><v>179</v></c><c r="B33" s="386" t="s"><v>194</v></c><c r="C33" s="386" t="s"><v>196</v></c><c r="D33" s="537" t="s"><v>195</v></c><c r="E33" s="537"/><c r="F33" s="332" t="s"><v>50</v></c><c r="G33" s="537" t="s"><v>195</v></c><c r="H33" s="537"/><c r="I33" s="386" t="s"><v>196</v></c><c r="J33" s="386" t="s"><v>194</v></c><c r="K33" s="386" t="s"><v>179</v></c></row><row r="34" spans="1:11" ht="16.5" customHeight="1" thickBot="1"><c r="A34" s="333" t="str"><f ca="1">IF(Sheet51!$P$18="yes",IF(Sheet51!$P$17="yes",IF(OR(B34="SHORT BUILDUP",B34="LONG UNWINDING"), "BEARISH", IF(OR(B34="LONG BUILDUP",B34="SHORT UNWINDING" ), "BULLISH","")),""),"")</f><v>BEARISH</v></c><c r="B34" s="333" t="str"><f ca="1">IF(Sheet51!$P$18="yes",IF(Sheet51!$P$17="yes",IF(AND(C34&lt;0,D34&lt;0),"LONG UNWINDING",(IF(AND(C34&lt;0,D34&gt;0),"SHORT BUILDUP",(IF(AND(C34&gt;0,D34&gt;0),"LONG BUILDUP",IF(AND(C34&gt;0,D34&lt;0),"SHORT UNWINDING","")))))),""),"")</f><v>SHORT BUILDUP</v></c><c r="C34" s="318"><f ca="1">IF(Sheet51!$P$18="yes",IF(Sheet51!$P$17="yes",SUMIF(Data!$L$21:'Data'!$L$211,F34,Data!$G$21:'Data'!$G$211),""),"")</f><v>-18</v></c><c r="D34" s="516"><f ca="1">IF(Sheet51!$P$18="yes",IF(Sheet51!$P$17="yes",SUMIF(Data!$L$21:'Data'!$L$211,F34,Data!$C$21:'Data'!$C$211),""),"")</f><v>127350</v></c><c r="E34" s="516"/><c r="F34" s="235"><f t="shared" ref="F34:F43" si="2">F35+50</f><v>12200</v></c><c r="G34" s="517"><f ca="1">IF(Sheet51!$P$18="yes",IF(Sheet51!$P$17="yes",SUMIF(Data!$L$21:'Data'!$L$211,F34,Data!$U$21:'Data'!$U$211),""),"")</f><v>2325</v></c><c r="H34" s="517"/><c r="I34" s="318"><f ca="1">IF(Sheet51!$P$18="yes",IF(Sheet51!$P$17="yes",SUMIF(Data!$L$21:'Data'!$L$211,F34,Data!$Q$21:'Data'!$Q$211),""),"")</f><v>7</v></c><c r="J34" s="334" t="str"><f ca="1">IF(Sheet51!$P$18="yes",IF(Sheet51!$P$17="yes",IF(AND(I34&lt;0,G34&lt;0),"SHORT UNWINDING",(IF(AND(I34&lt;0,G34&gt;0),"SHORT BUILDUP",(IF(AND(I34&gt;0,G34&gt;0),"LONG BUILDUP",IF(AND(I34&gt;0,G34&lt;0),"LONG UNWINDING","")))))),""),"")</f><v>LONG BUILDUP</v></c><c r="K34" s="335" t="str"><f ca="1">IF(Sheet51!$P$18="yes",IF(Sheet51!$P$17="yes",IF(OR(J34="SHORT BUILDUP",J34="LONG UNWINDING"), "BULLISH", IF(OR(J34="LONG BUILDUP",J34="SHORT UNWINDING" ), "BEARISH","")),""),"")</f><v>BEARISH</v></c></row><row r="35" spans="1:11" ht="16.5" customHeight="1" thickBot="1"><c r="A35" s="333" t="str"><f ca="1">IF(Sheet51!$P$18="yes",IF(Sheet51!$P$17="yes",IF(OR(B35="SHORT BUILDUP",B35="LONG UNWINDING"), "BEARISH", IF(OR(B35="LONG BUILDUP",B35="SHORT UNWINDING" ), "BULLISH","")),""),"")</f><v>BULLISH</v></c><c r="B35" s="333" t="str"><f ca="1">IF(Sheet51!$P$18="yes",IF(Sheet51!$P$17="yes",IF(AND(C35&lt;0,D35&lt;0),"LONG UNWINDING",(IF(AND(C35&lt;0,D35&gt;0),"SHORT BUILDUP",(IF(AND(C35&gt;0,D35&gt;0),"LONG BUILDUP",IF(AND(C35&gt;0,D35&lt;0),"SHORT UNWINDING","")))))),""),"")</f><v>LONG BUILDUP</v></c><c r="C35" s="318"><f ca="1">IF(Sheet51!$P$18="yes",IF(Sheet51!$P$17="yes",SUMIF(Data!$L$21:'Data'!$L$211,F35,Data!$G$21:'Data'!$G$211),""),"")</f><v>18.05</v></c><c r="D35" s="516"><f ca="1">IF(Sheet51!$P$18="yes",IF(Sheet51!$P$17="yes",SUMIF(Data!$L$21:'Data'!$L$211,F35,Data!$C$21:'Data'!$C$211),""),"")</f><v>375</v></c><c r="E35" s="516"/><c r="F35" s="235"><f t="shared" si="2"/><v>12150</v></c><c r="G35" s="517"><f ca="1">IF(Sheet51!$P$18="yes",IF(Sheet51!$P$17="yes",SUMIF(Data!$L$21:'Data'!$L$211,F35,Data!$U$21:'Data'!$U$211),""),"")</f><v>0</v></c><c r="H35" s="517"/><c r="I35" s="318"><f ca="1">IF(Sheet51!$P$18="yes",IF(Sheet51!$P$17="yes",SUMIF(Data!$L$21:'Data'!$L$211,F35,Data!$Q$21:'Data'!$Q$211),""),"")</f><v>0</v></c><c r="J35" s="334" t="str"><f ca="1">IF(Sheet51!$P$18="yes",IF(Sheet51!$P$17="yes",IF(AND(I35&lt;0,G35&lt;0),"SHORT UNWINDING",(IF(AND(I35&lt;0,G35&gt;0),"SHORT BUILDUP",(IF(AND(I35&gt;0,G35&gt;0),"LONG BUILDUP",IF(AND(I35&gt;0,G35&lt;0),"LONG UNWINDING","")))))),""),"")</f><v/></c><c r="K35" s="335" t="str"><f ca="1">IF(Sheet51!$P$18="yes",IF(Sheet51!$P$17="yes",IF(OR(J35="SHORT BUILDUP",J35="LONG UNWINDING"), "BULLISH", IF(OR(J35="LONG BUILDUP",J35="SHORT UNWINDING" ), "BEARISH","")),""),"")</f><v/></c></row><row r="36" spans="1:11" ht="16.5" customHeight="1" thickBot="1"><c r="A36" s="333" t="str"><f ca="1">IF(Sheet51!$P$18="yes",IF(Sheet51!$P$17="yes",IF(OR(B36="SHORT BUILDUP",B36="LONG UNWINDING"), "BEARISH", IF(OR(B36="LONG BUILDUP",B36="SHORT UNWINDING" ), "BULLISH","")),""),"")</f><v>BEARISH</v></c><c r="B36" s="333" t="str"><f ca="1">IF(Sheet51!$P$18="yes",IF(Sheet51!$P$17="yes",IF(AND(C36&lt;0,D36&lt;0),"LONG UNWINDING",(IF(AND(C36&lt;0,D36&gt;0),"SHORT BUILDUP",(IF(AND(C36&gt;0,D36&gt;0),"LONG BUILDUP",IF(AND(C36&gt;0,D36&lt;0),"SHORT UNWINDING","")))))),""),"")</f><v>SHORT BUILDUP</v></c><c r="C36" s="318"><f ca="1">IF(Sheet51!$P$18="yes",IF(Sheet51!$P$17="yes",SUMIF(Data!$L$21:'Data'!$L$211,F36,Data!$G$21:'Data'!$G$211),""),"")</f><v>-21.3</v></c><c r="D36" s="516"><f ca="1">IF(Sheet51!$P$18="yes",IF(Sheet51!$P$17="yes",SUMIF(Data!$L$21:'Data'!$L$211,F36,Data!$C$21:'Data'!$C$211),""),"")</f><v>3150</v></c><c r="E36" s="516"/><c r="F36" s="235"><f t="shared" si="2"/><v>12100</v></c><c r="G36" s="517"><f ca="1">IF(Sheet51!$P$18="yes",IF(Sheet51!$P$17="yes",SUMIF(Data!$L$21:'Data'!$L$211,F36,Data!$U$21:'Data'!$U$211),""),"")</f><v>16050</v></c><c r="H36" s="517"/><c r="I36" s="318"><f ca="1">IF(Sheet51!$P$18="yes",IF(Sheet51!$P$17="yes",SUMIF(Data!$L$21:'Data'!$L$211,F36,Data!$Q$21:'Data'!$Q$211),""),"")</f><v>-2.1</v></c><c r="J36" s="334" t="str"><f ca="1">IF(Sheet51!$P$18="yes",IF(Sheet51!$P$17="yes",IF(AND(I36&lt;0,G36&lt;0),"SHORT UNWINDING",(IF(AND(I36&lt;0,G36&gt;0),"SHORT BUILDUP",(IF(AND(I36&gt;0,G36&gt;0),"LONG BUILDUP",IF(AND(I36&gt;0,G36&lt;0),"LONG UNWINDING","")))))),""),"")</f><v>SHORT BUILDUP</v></c><c r="K36" s="335" t="str"><f ca="1">IF(Sheet51!$P$18="yes",IF(Sheet51!$P$17="yes",IF(OR(J36="SHORT BUILDUP",J36="LONG UNWINDING"), "BULLISH", IF(OR(J36="LONG BUILDUP",J36="SHORT UNWINDING" ), "BEARISH","")),""),"")</f><v>BULLISH</v></c></row><row r="37" spans="1:11" ht="16.5" customHeight="1" thickBot="1"><c r="A37" s="333" t="str"><f ca="1">IF(Sheet51!$P$18="yes",IF(Sheet51!$P$17="yes",IF(OR(B37="SHORT BUILDUP",B37="LONG UNWINDING"), "BEARISH", IF(OR(B37="LONG BUILDUP",B37="SHORT UNWINDING" ), "BULLISH","")),""),"")</f><v/></c><c r="B37" s="333" t="str"><f ca="1">IF(Sheet51!$P$18="yes",IF(Sheet51!$P$17="yes",IF(AND(C37&lt;0,D37&lt;0),"LONG UNWINDING",(IF(AND(C37&lt;0,D37&gt;0),"SHORT BUILDUP",(IF(AND(C37&gt;0,D37&gt;0),"LONG BUILDUP",IF(AND(C37&gt;0,D37&lt;0),"SHORT UNWINDING","")))))),""),"")</f><v/></c><c r="C37" s="318"><f ca="1">IF(Sheet51!$P$18="yes",IF(Sheet51!$P$17="yes",SUMIF(Data!$L$21:'Data'!$L$211,F37,Data!$G$21:'Data'!$G$211),""),"")</f><v>0</v></c><c r="D37" s="516"><f ca="1">IF(Sheet51!$P$18="yes",IF(Sheet51!$P$17="yes",SUMIF(Data!$L$21:'Data'!$L$211,F37,Data!$C$21:'Data'!$C$211),""),"")</f><v>0</v></c><c r="E37" s="516"/><c r="F37" s="235"><f t="shared" si="2"/><v>12050</v></c><c r="G37" s="517"><f ca="1">IF(Sheet51!$P$18="yes",IF(Sheet51!$P$17="yes",SUMIF(Data!$L$21:'Data'!$L$211,F37,Data!$U$21:'Data'!$U$211),""),"")</f><v>0</v></c><c r="H37" s="517"/><c r="I37" s="318"><f ca="1">IF(Sheet51!$P$18="yes",IF(Sheet51!$P$17="yes",SUMIF(Data!$L$21:'Data'!$L$211,F37,Data!$Q$21:'Data'!$Q$211),""),"")</f><v>0</v></c><c r="J37" s="334" t="str"><f ca="1">IF(Sheet51!$P$18="yes",IF(Sheet51!$P$17="yes",IF(AND(I37&lt;0,G37&lt;0),"SHORT UNWINDING",(IF(AND(I37&lt;0,G37&gt;0),"SHORT BUILDUP",(IF(AND(I37&gt;0,G37&gt;0),"LONG BUILDUP",IF(AND(I37&gt;0,G37&lt;0),"LONG UNWINDING","")))))),""),"")</f><v/></c><c r="K37" s="335" t="str"><f ca="1">IF(Sheet51!$P$18="yes",IF(Sheet51!$P$17="yes",IF(OR(J37="SHORT BUILDUP",J37="LONG UNWINDING"), "BULLISH", IF(OR(J37="LONG BUILDUP",J37="SHORT UNWINDING" ), "BEARISH","")),""),"")</f><v/></c></row><row r="38" spans="1:11" ht="16.5" customHeight="1" thickBot="1"><c r="A38" s="333" t="str"><f ca="1">IF(Sheet51!$P$18="yes",IF(Sheet51!$P$17="yes",IF(OR(B38="SHORT BUILDUP",B38="LONG UNWINDING"), "BEARISH", IF(OR(B38="LONG BUILDUP",B38="SHORT UNWINDING" ), "BULLISH","")),""),"")</f><v>BEARISH</v></c><c r="B38" s="333" t="str"><f ca="1">IF(Sheet51!$P$18="yes",IF(Sheet51!$P$17="yes",IF(AND(C38&lt;0,D38&lt;0),"LONG UNWINDING",(IF(AND(C38&lt;0,D38&gt;0),"SHORT BUILDUP",(IF(AND(C38&gt;0,D38&gt;0),"LONG BUILDUP",IF(AND(C38&gt;0,D38&lt;0),"SHORT UNWINDING","")))))),""),"")</f><v>LONG UNWINDING</v></c><c r="C38" s="318"><f ca="1">IF(Sheet51!$P$18="yes",IF(Sheet51!$P$17="yes",SUMIF(Data!$L$21:'Data'!$L$211,F38,Data!$G$21:'Data'!$G$211),""),"")</f><v>-24.5</v></c><c r="D38" s="516"><f ca="1">IF(Sheet51!$P$18="yes",IF(Sheet51!$P$17="yes",SUMIF(Data!$L$21:'Data'!$L$211,F38,Data!$C$21:'Data'!$C$211),""),"")</f><v>-70875</v></c><c r="E38" s="516"/><c r="F38" s="235"><f t="shared" si="2"/><v>12000</v></c><c r="G38" s="517"><f ca="1">IF(Sheet51!$P$18="yes",IF(Sheet51!$P$17="yes",SUMIF(Data!$L$21:'Data'!$L$211,F38,Data!$U$21:'Data'!$U$211),""),"")</f><v>3450</v></c><c r="H38" s="517"/><c r="I38" s="318"><f ca="1">IF(Sheet51!$P$18="yes",IF(Sheet51!$P$17="yes",SUMIF(Data!$L$21:'Data'!$L$211,F38,Data!$Q$21:'Data'!$Q$211),""),"")</f><v>3.5</v></c><c r="J38" s="334" t="str"><f ca="1">IF(Sheet51!$P$18="yes",IF(Sheet51!$P$17="yes",IF(AND(I38&lt;0,G38&lt;0),"SHORT UNWINDING",(IF(AND(I38&lt;0,G38&gt;0),"SHORT BUILDUP",(IF(AND(I38&gt;0,G38&gt;0),"LONG BUILDUP",IF(AND(I38&gt;0,G38&lt;0),"LONG UNWINDING","")))))),""),"")</f><v>LONG BUILDUP</v></c><c r="K38" s="335" t="str"><f ca="1">IF(Sheet51!$P$18="yes",IF(Sheet51!$P$17="yes",IF(OR(J38="SHORT BUILDUP",J38="LONG UNWINDING"), "BULLISH", IF(OR(J38="LONG BUILDUP",J38="SHORT UNWINDING" ), "BEARISH","")),""),"")</f><v>BEARISH</v></c></row><row r="39" spans="1:11" ht="16.5" customHeight="1" thickBot="1"><c r="A39" s="333" t="str"><f ca="1">IF(Sheet51!$P$18="yes",IF(Sheet51!$P$17="yes",IF(OR(B39="SHORT BUILDUP",B39="LONG UNWINDING"), "BEARISH", IF(OR(B39="LONG BUILDUP",B39="SHORT UNWINDING" ), "BULLISH","")),""),"")</f><v>BEARISH</v></c><c r="B39" s="333" t="str"><f ca="1">IF(Sheet51!$P$18="yes",IF(Sheet51!$P$17="yes",IF(AND(C39&lt;0,D39&lt;0),"LONG UNWINDING",(IF(AND(C39&lt;0,D39&gt;0),"SHORT BUILDUP",(IF(AND(C39&gt;0,D39&gt;0),"LONG BUILDUP",IF(AND(C39&gt;0,D39&lt;0),"SHORT UNWINDING","")))))),""),"")</f><v>SHORT BUILDUP</v></c><c r="C39" s="318"><f ca="1">IF(Sheet51!$P$18="yes",IF(Sheet51!$P$17="yes",SUMIF(Data!$L$21:'Data'!$L$211,F39,Data!$G$21:'Data'!$G$211),""),"")</f><v>-24.2</v></c><c r="D39" s="516"><f ca="1">IF(Sheet51!$P$18="yes",IF(Sheet51!$P$17="yes",SUMIF(Data!$L$21:'Data'!$L$211,F39,Data!$C$21:'Data'!$C$211),""),"")</f><v>975</v></c><c r="E39" s="516"/><c r="F39" s="235"><f t="shared" si="2"/><v>11950</v></c><c r="G39" s="517"><f ca="1">IF(Sheet51!$P$18="yes",IF(Sheet51!$P$17="yes",SUMIF(Data!$L$21:'Data'!$L$211,F39,Data!$U$21:'Data'!$U$211),""),"")</f><v>600</v></c><c r="H39" s="517"/><c r="I39" s="318"><f ca="1">IF(Sheet51!$P$18="yes",IF(Sheet51!$P$17="yes",SUMIF(Data!$L$21:'Data'!$L$211,F39,Data!$Q$21:'Data'!$Q$211),""),"")</f><v>5.55</v></c><c r="J39" s="334" t="str"><f ca="1">IF(Sheet51!$P$18="yes",IF(Sheet51!$P$17="yes",IF(AND(I39&lt;0,G39&lt;0),"SHORT UNWINDING",(IF(AND(I39&lt;0,G39&gt;0),"SHORT BUILDUP",(IF(AND(I39&gt;0,G39&gt;0),"LONG BUILDUP",IF(AND(I39&gt;0,G39&lt;0),"LONG UNWINDING","")))))),""),"")</f><v>LONG BUILDUP</v></c><c r="K39" s="335" t="str"><f ca="1">IF(Sheet51!$P$18="yes",IF(Sheet51!$P$17="yes",IF(OR(J39="SHORT BUILDUP",J39="LONG UNWINDING"), "BULLISH", IF(OR(J39="LONG BUILDUP",J39="SHORT UNWINDING" ), "BEARISH","")),""),"")</f><v>BEARISH</v></c></row><row r="40" spans="1:11" ht="16.5" customHeight="1" thickBot="1"><c r="A40" s="336" t="str"><f ca="1">IF(Sheet51!$P$18="yes",IF(Sheet51!$P$17="yes",IF(OR(B40="SHORT BUILDUP",B40="LONG UNWINDING"), "BEARISH", IF(OR(B40="LONG BUILDUP",B40="SHORT UNWINDING" ), "BULLISH","")),""),"")</f><v>BEARISH</v></c><c r="B40" s="337" t="str"><f ca="1">IF(Sheet51!$P$18="yes",IF(Sheet51!$P$17="yes",IF(AND(C40&lt;0,D40&lt;0),"LONG UNWINDING",(IF(AND(C40&lt;0,D40&gt;0),"SHORT BUILDUP",(IF(AND(C40&gt;0,D40&gt;0),"LONG BUILDUP",IF(AND(C40&gt;0,D40&lt;0),"SHORT UNWINDING","")))))),""),"")</f><v>SHORT BUILDUP</v></c><c r="C40" s="338"><f ca="1">IF(Sheet51!$P$18="yes",IF(Sheet51!$P$17="yes",SUMIF(Data!$L$21:'Data'!$L$211,F40,Data!$G$21:'Data'!$G$211),""),"")</f><v>-30.55</v></c><c r="D40" s="528"><f ca="1">IF(Sheet51!$P$18="yes",IF(Sheet51!$P$17="yes",SUMIF(Data!$L$21:'Data'!$L$211,F40,Data!$C$21:'Data'!$C$211),""),"")</f><v>34725</v></c><c r="E40" s="528"/><c r="F40" s="339"><f t="shared" si="2"/><v>11900</v></c><c r="G40" s="529"><f ca="1">IF(Sheet51!$P$18="yes",IF(Sheet51!$P$17="yes",SUMIF(Data!$L$21:'Data'!$L$211,F40,Data!$U$21:'Data'!$U$211),""),"")</f><v>8175</v></c><c r="H40" s="529"/><c r="I40" s="338"><f ca="1">IF(Sheet51!$P$18="yes",IF(Sheet51!$P$17="yes",SUMIF(Data!$L$21:'Data'!$L$211,F40,Data!$Q$21:'Data'!$Q$211),""),"")</f><v>-0.65</v></c><c r="J40" s="340" t="str"><f ca="1">IF(Sheet51!$P$18="yes",IF(Sheet51!$P$17="yes",IF(AND(I40&lt;0,G40&lt;0),"SHORT UNWINDING",(IF(AND(I40&lt;0,G40&gt;0),"SHORT BUILDUP",(IF(AND(I40&gt;0,G40&gt;0),"LONG BUILDUP",IF(AND(I40&gt;0,G40&lt;0),"LONG UNWINDING","")))))),""),"")</f><v>SHORT BUILDUP</v></c><c r="K40" s="341" t="str"><f ca="1">IF(Sheet51!$P$18="yes",IF(Sheet51!$P$17="yes",IF(OR(J40="SHORT BUILDUP",J40="LONG UNWINDING"), "BULLISH", IF(OR(J40="LONG BUILDUP",J40="SHORT UNWINDING" ), "BEARISH","")),""),"")</f><v>BULLISH</v></c></row><row r="41" spans="1:11" ht="16.5" customHeight="1" thickBot="1"><c r="A41" s="342" t="str"><f ca="1">IF(Sheet51!$P$18="yes",IF(Sheet51!$P$17="yes",IF(OR(B41="SHORT BUILDUP",B41="LONG UNWINDING"), "BEARISH", IF(OR(B41="LONG BUILDUP",B41="SHORT UNWINDING" ), "BULLISH","")),""),"")</f><v>BEARISH</v></c><c r="B41" s="343" t="str"><f ca="1">IF(Sheet51!$P$18="yes",IF(Sheet51!$P$17="yes",IF(AND(C41&lt;0,D41&lt;0),"LONG UNWINDING",(IF(AND(C41&lt;0,D41&gt;0),"SHORT BUILDUP",(IF(AND(C41&gt;0,D41&gt;0),"LONG BUILDUP",IF(AND(C41&gt;0,D41&lt;0),"SHORT UNWINDING","")))))),""),"")</f><v>SHORT BUILDUP</v></c><c r="C41" s="344"><f ca="1">IF(Sheet51!$P$18="yes",IF(Sheet51!$P$17="yes",SUMIF(Data!$L$21:'Data'!$L$211,F41,Data!$G$21:'Data'!$G$211),""),"")</f><v>-30.95</v></c><c r="D41" s="530"><f ca="1">IF(Sheet51!$P$18="yes",IF(Sheet51!$P$17="yes",SUMIF(Data!$L$21:'Data'!$L$211,F41,Data!$C$21:'Data'!$C$211),""),"")</f><v>2775</v></c><c r="E41" s="530"/><c r="F41" s="345"><f t="shared" si="2"/><v>11850</v></c><c r="G41" s="531"><f ca="1">IF(Sheet51!$P$18="yes",IF(Sheet51!$P$17="yes",SUMIF(Data!$L$21:'Data'!$L$211,F41,Data!$U$21:'Data'!$U$211),""),"")</f><v>1125</v></c><c r="H41" s="531"/><c r="I41" s="346"><f ca="1">IF(Sheet51!$P$18="yes",IF(Sheet51!$P$17="yes",SUMIF(Data!$L$21:'Data'!$L$211,F41,Data!$Q$21:'Data'!$Q$211),""),"")</f><v>-3.4</v></c><c r="J41" s="347" t="str"><f ca="1">IF(Sheet51!$P$18="yes",IF(Sheet51!$P$17="yes",IF(AND(I41&lt;0,G41&lt;0),"SHORT UNWINDING",(IF(AND(I41&lt;0,G41&gt;0),"SHORT BUILDUP",(IF(AND(I41&gt;0,G41&gt;0),"LONG BUILDUP",IF(AND(I41&gt;0,G41&lt;0),"LONG UNWINDING","")))))),""),"")</f><v>SHORT BUILDUP</v></c><c r="K41" s="348" t="str"><f ca="1">IF(Sheet51!$P$18="yes",IF(Sheet51!$P$17="yes",IF(OR(J41="SHORT BUILDUP",J41="LONG UNWINDING"), "BULLISH", IF(OR(J41="LONG BUILDUP",J41="SHORT UNWINDING" ), "BEARISH","")),""),"")</f><v>BULLISH</v></c></row><row r="42" spans="1:11" ht="16.5" customHeight="1" thickBot="1"><c r="A42" s="349" t="str"><f ca="1">IF(Sheet51!$P$18="yes",IF(Sheet51!$P$17="yes",IF(OR(B42="SHORT BUILDUP",B42="LONG UNWINDING"), "BEARISH", IF(OR(B42="LONG BUILDUP",B42="SHORT UNWINDING" ), "BULLISH","")),""),"")</f><v>BEARISH</v></c><c r="B42" s="350" t="str"><f ca="1">IF(Sheet51!$P$18="yes",IF(Sheet51!$P$17="yes",IF(AND(C42&lt;0,D42&lt;0),"LONG UNWINDING",(IF(AND(C42&lt;0,D42&gt;0),"SHORT BUILDUP",(IF(AND(C42&gt;0,D42&gt;0),"LONG BUILDUP",IF(AND(C42&gt;0,D42&lt;0),"SHORT UNWINDING","")))))),""),"")</f><v>SHORT BUILDUP</v></c><c r="C42" s="351"><f ca="1">IF(Sheet51!$P$18="yes",IF(Sheet51!$P$17="yes",SUMIF(Data!$L$21:'Data'!$L$211,F42,Data!$G$21:'Data'!$G$211),""),"")</f><v>-30.05</v></c><c r="D42" s="524"><f ca="1">IF(Sheet51!$P$18="yes",IF(Sheet51!$P$17="yes",SUMIF(Data!$L$21:'Data'!$L$211,F42,Data!$C$21:'Data'!$C$211),""),"")</f><v>48150</v></c><c r="E42" s="524"/><c r="F42" s="352"><f t="shared" si="2"/><v>11800</v></c><c r="G42" s="525"><f ca="1">IF(Sheet51!$P$18="yes",IF(Sheet51!$P$17="yes",SUMIF(Data!$L$21:'Data'!$L$211,F42,Data!$U$21:'Data'!$U$211),""),"")</f><v>208725</v></c><c r="H42" s="525"/><c r="I42" s="353"><f ca="1">IF(Sheet51!$P$18="yes",IF(Sheet51!$P$17="yes",SUMIF(Data!$L$21:'Data'!$L$211,F42,Data!$Q$21:'Data'!$Q$211),""),"")</f><v>0.8</v></c><c r="J42" s="354" t="str"><f ca="1">IF(Sheet51!$P$18="yes",IF(Sheet51!$P$17="yes",IF(AND(I42&lt;0,G42&lt;0),"SHORT UNWINDING",(IF(AND(I42&lt;0,G42&gt;0),"SHORT BUILDUP",(IF(AND(I42&gt;0,G42&gt;0),"LONG BUILDUP",IF(AND(I42&gt;0,G42&lt;0),"LONG UNWINDING","")))))),""),"")</f><v>LONG BUILDUP</v></c><c r="K42" s="355" t="str"><f ca="1">IF(Sheet51!$P$18="yes",IF(Sheet51!$P$17="yes",IF(OR(J42="SHORT BUILDUP",J42="LONG UNWINDING"), "BULLISH", IF(OR(J42="LONG BUILDUP",J42="SHORT UNWINDING" ), "BEARISH","")),""),"")</f><v>BEARISH</v></c></row><row r="43" spans="1:11" ht="16.5" customHeight="1" thickBot="1"><c r="A43" s="349" t="str"><f ca="1">IF(Sheet51!$P$18="yes",IF(Sheet51!$P$17="yes",IF(OR(B43="SHORT BUILDUP",B43="LONG UNWINDING"), "BEARISH", IF(OR(B43="LONG BUILDUP",B43="SHORT UNWINDING" ), "BULLISH","")),""),"")</f><v>BEARISH</v></c><c r="B43" s="350" t="str"><f ca="1">IF(Sheet51!$P$18="yes",IF(Sheet51!$P$17="yes",IF(AND(C43&lt;0,D43&lt;0),"LONG UNWINDING",(IF(AND(C43&lt;0,D43&gt;0),"SHORT BUILDUP",(IF(AND(C43&gt;0,D43&gt;0),"LONG BUILDUP",IF(AND(C43&gt;0,D43&lt;0),"SHORT UNWINDING","")))))),""),"")</f><v>SHORT BUILDUP</v></c><c r="C43" s="351"><f ca="1">IF(Sheet51!$P$18="yes",IF(Sheet51!$P$17="yes",SUMIF(Data!$L$21:'Data'!$L$211,F43,Data!$G$21:'Data'!$G$211),""),"")</f><v>-28.6</v></c><c r="D43" s="524"><f ca="1">IF(Sheet51!$P$18="yes",IF(Sheet51!$P$17="yes",SUMIF(Data!$L$21:'Data'!$L$211,F43,Data!$C$21:'Data'!$C$211),""),"")</f><v>8775</v></c><c r="E43" s="524"/><c r="F43" s="352"><f t="shared" si="2"/><v>11750</v></c><c r="G43" s="525"><f ca="1">IF(Sheet51!$P$18="yes",IF(Sheet51!$P$17="yes",SUMIF(Data!$L$21:'Data'!$L$211,F43,Data!$U$21:'Data'!$U$211),""),"")</f><v>-2100</v></c><c r="H43" s="525"/><c r="I43" s="353"><f ca="1">IF(Sheet51!$P$18="yes",IF(Sheet51!$P$17="yes",SUMIF(Data!$L$21:'Data'!$L$211,F43,Data!$Q$21:'Data'!$Q$211),""),"")</f><v>-2.65</v></c><c r="J43" s="354" t="str"><f ca="1">IF(Sheet51!$P$18="yes",IF(Sheet51!$P$17="yes",IF(AND(I43&lt;0,G43&lt;0),"SHORT UNWINDING",(IF(AND(I43&lt;0,G43&gt;0),"SHORT BUILDUP",(IF(AND(I43&gt;0,G43&gt;0),"LONG BUILDUP",IF(AND(I43&gt;0,G43&lt;0),"LONG UNWINDING","")))))),""),"")</f><v>SHORT UNWINDING</v></c><c r="K43" s="355" t="str"><f ca="1">IF(Sheet51!$P$18="yes",IF(Sheet51!$P$17="yes",IF(OR(J43="SHORT BUILDUP",J43="LONG UNWINDING"), "BULLISH", IF(OR(J43="LONG BUILDUP",J43="SHORT UNWINDING" ), "BEARISH","")),""),"")</f><v>BEARISH</v></c></row><row r="44" spans="1:11" ht="16.5" customHeight="1" thickBot="1"><c r="A44" s="356" t="str"><f ca="1">IF(Sheet51!$P$18="yes",IF(Sheet51!$P$17="yes",IF(OR(B44="SHORT BUILDUP",B44="LONG UNWINDING"), "BEARISH", IF(OR(B44="LONG BUILDUP",B44="SHORT UNWINDING" ), "BULLISH","")),""),"")</f><v>BEARISH</v></c><c r="B44" s="236" t="str"><f ca="1">IF(Sheet51!$P$18="yes",IF(Sheet51!$P$17="yes",IF(AND(C44&lt;0,D44&lt;0),"LONG UNWINDING",(IF(AND(C44&lt;0,D44&gt;0),"SHORT BUILDUP",(IF(AND(C44&gt;0,D44&gt;0),"LONG BUILDUP",IF(AND(C44&gt;0,D44&lt;0),"SHORT UNWINDING","")))))),""),"")</f><v>SHORT BUILDUP</v></c><c r="C44" s="250"><f ca="1">IF(Sheet51!$P$18="yes",IF(Sheet51!$P$17="yes",SUMIF(Data!$L$21:'Data'!$L$211,F44,Data!$G$21:'Data'!$G$211),""),"")</f><v>-31.4</v></c><c r="D44" s="526"><f ca="1">IF(Sheet51!$P$18="yes",IF(Sheet51!$P$17="yes",SUMIF(Data!$L$21:'Data'!$L$211,F44,Data!$C$21:'Data'!$C$211),""),"")</f><v>12975</v></c><c r="E44" s="527"/><c r="F44" s="357"><f>ROUND(Sheet51!B1/100,0)*100</f><v>11700</v></c><c r="G44" s="526"><f ca="1">IF(Sheet51!$P$18="yes",IF(Sheet51!$P$17="yes",SUMIF(Data!$L$21:'Data'!$L$211,F44,Data!$U$21:'Data'!$U$211),""),"")</f><v>28050</v></c><c r="H44" s="527"/><c r="I44" s="250"><f ca="1">IF(Sheet51!$P$18="yes",IF(Sheet51!$P$17="yes",SUMIF(Data!$L$21:'Data'!$L$211,F44,Data!$Q$21:'Data'!$Q$211),""),"")</f><v>-4.05</v></c><c r="J44" s="236" t="str"><f ca="1">IF(Sheet51!$P$18="yes",IF(Sheet51!$P$17="yes",IF(AND(I44&lt;0,G44&lt;0),"SHORT UNWINDING",(IF(AND(I44&lt;0,G44&gt;0),"SHORT BUILDUP",(IF(AND(I44&gt;0,G44&gt;0),"LONG BUILDUP",IF(AND(I44&gt;0,G44&lt;0),"LONG UNWINDING","")))))),""),"")</f><v>SHORT BUILDUP</v></c><c r="K44" s="358" t="str"><f ca="1">IF(Sheet51!$P$18="yes",IF(Sheet51!$P$17="yes",IF(OR(J44="SHORT BUILDUP",J44="LONG UNWINDING"), "BULLISH", IF(OR(J44="LONG BUILDUP",J44="SHORT UNWINDING" ), "BEARISH","")),""),"")</f><v>BULLISH</v></c></row><row r="45" spans="1:11" ht="16.5" customHeight="1" thickBot="1"><c r="A45" s="349" t="str"><f ca="1">IF(Sheet51!$P$18="yes",IF(Sheet51!$P$17="yes",IF(OR(B45="SHORT BUILDUP",B45="LONG UNWINDING"), "BEARISH", IF(OR(B45="LONG BUILDUP",B45="SHORT UNWINDING" ), "BULLISH","")),""),"")</f><v>BEARISH</v></c><c r="B45" s="350" t="str"><f ca="1">IF(Sheet51!$P$18="yes",IF(Sheet51!$P$17="yes",IF(AND(C45&lt;0,D45&lt;0),"LONG UNWINDING",(IF(AND(C45&lt;0,D45&gt;0),"SHORT BUILDUP",(IF(AND(C45&gt;0,D45&gt;0),"LONG BUILDUP",IF(AND(C45&gt;0,D45&lt;0),"SHORT UNWINDING","")))))),""),"")</f><v>SHORT BUILDUP</v></c><c r="C45" s="353"><f ca="1">IF(Sheet51!$P$18="yes",IF(Sheet51!$P$17="yes",SUMIF(Data!$L$21:'Data'!$L$211,F45,Data!$G$21:'Data'!$G$211),""),"")</f><v>-30.65</v></c><c r="D45" s="518"><f ca="1">IF(Sheet51!$P$18="yes",IF(Sheet51!$P$17="yes",SUMIF(Data!$L$21:'Data'!$L$211,F45,Data!$C$21:'Data'!$C$211),""),"")</f><v>900</v></c><c r="E45" s="518"/><c r="F45" s="352"><f t="shared" ref="F45:F54" si="3">F44-50</f><v>11650</v></c><c r="G45" s="519"><f ca="1">IF(Sheet51!$P$18="yes",IF(Sheet51!$P$17="yes",SUMIF(Data!$L$21:'Data'!$L$211,F45,Data!$U$21:'Data'!$U$211),""),"")</f><v>2775</v></c><c r="H45" s="519"/><c r="I45" s="351"><f ca="1">IF(Sheet51!$P$18="yes",IF(Sheet51!$P$17="yes",SUMIF(Data!$L$21:'Data'!$L$211,F45,Data!$Q$21:'Data'!$Q$211),""),"")</f><v>-1.75</v></c><c r="J45" s="354" t="str"><f ca="1">IF(Sheet51!$P$18="yes",IF(Sheet51!$P$17="yes",IF(AND(I45&lt;0,G45&lt;0),"SHORT UNWINDING",(IF(AND(I45&lt;0,G45&gt;0),"SHORT BUILDUP",(IF(AND(I45&gt;0,G45&gt;0),"LONG BUILDUP",IF(AND(I45&gt;0,G45&lt;0),"LONG UNWINDING","")))))),""),"")</f><v>SHORT BUILDUP</v></c><c r="K45" s="355" t="str"><f ca="1">IF(Sheet51!$P$18="yes",IF(Sheet51!$P$17="yes",IF(OR(J45="SHORT BUILDUP",J45="LONG UNWINDING"), "BULLISH", IF(OR(J45="LONG BUILDUP",J45="SHORT UNWINDING" ), "BEARISH","")),""),"")</f><v>BULLISH</v></c></row><row r="46" spans="1:11" ht="16.5" customHeight="1" thickBot="1"><c r="A46" s="349" t="str"><f ca="1">IF(Sheet51!$P$18="yes",IF(Sheet51!$P$17="yes",IF(OR(B46="SHORT BUILDUP",B46="LONG UNWINDING"), "BEARISH", IF(OR(B46="LONG BUILDUP",B46="SHORT UNWINDING" ), "BULLISH","")),""),"")</f><v>BEARISH</v></c><c r="B46" s="350" t="str"><f ca="1">IF(Sheet51!$P$18="yes",IF(Sheet51!$P$17="yes",IF(AND(C46&lt;0,D46&lt;0),"LONG UNWINDING",(IF(AND(C46&lt;0,D46&gt;0),"SHORT BUILDUP",(IF(AND(C46&gt;0,D46&gt;0),"LONG BUILDUP",IF(AND(C46&gt;0,D46&lt;0),"SHORT UNWINDING","")))))),""),"")</f><v>SHORT BUILDUP</v></c><c r="C46" s="353"><f ca="1">IF(Sheet51!$P$18="yes",IF(Sheet51!$P$17="yes",SUMIF(Data!$L$21:'Data'!$L$211,F46,Data!$G$21:'Data'!$G$211),""),"")</f><v>-28.65</v></c><c r="D46" s="518"><f ca="1">IF(Sheet51!$P$18="yes",IF(Sheet51!$P$17="yes",SUMIF(Data!$L$21:'Data'!$L$211,F46,Data!$C$21:'Data'!$C$211),""),"")</f><v>5925</v></c><c r="E46" s="518"/><c r="F46" s="352"><f t="shared" si="3"/><v>11600</v></c><c r="G46" s="519"><f ca="1">IF(Sheet51!$P$18="yes",IF(Sheet51!$P$17="yes",SUMIF(Data!$L$21:'Data'!$L$211,F46,Data!$U$21:'Data'!$U$211),""),"")</f><v>7500</v></c><c r="H46" s="519"/><c r="I46" s="351"><f ca="1">IF(Sheet51!$P$18="yes",IF(Sheet51!$P$17="yes",SUMIF(Data!$L$21:'Data'!$L$211,F46,Data!$Q$21:'Data'!$Q$211),""),"")</f><v>-5</v></c><c r="J46" s="354" t="str"><f ca="1">IF(Sheet51!$P$18="yes",IF(Sheet51!$P$17="yes",IF(AND(I46&lt;0,G46&lt;0),"SHORT UNWINDING",(IF(AND(I46&lt;0,G46&gt;0),"SHORT BUILDUP",(IF(AND(I46&gt;0,G46&gt;0),"LONG BUILDUP",IF(AND(I46&gt;0,G46&lt;0),"LONG UNWINDING","")))))),""),"")</f><v>SHORT BUILDUP</v></c><c r="K46" s="355" t="str"><f ca="1">IF(Sheet51!$P$18="yes",IF(Sheet51!$P$17="yes",IF(OR(J46="SHORT BUILDUP",J46="LONG UNWINDING"), "BULLISH", IF(OR(J46="LONG BUILDUP",J46="SHORT UNWINDING" ), "BEARISH","")),""),"")</f><v>BULLISH</v></c></row><row r="47" spans="1:11" ht="16.5" customHeight="1" thickBot="1"><c r="A47" s="359" t="str"><f ca="1">IF(Sheet51!$P$18="yes",IF(Sheet51!$P$17="yes",IF(OR(B47="SHORT BUILDUP",B47="LONG UNWINDING"), "BEARISH", IF(OR(B47="LONG BUILDUP",B47="SHORT UNWINDING" ), "BULLISH","")),""),"")</f><v/></c><c r="B47" s="360" t="str"><f ca="1">IF(Sheet51!$P$18="yes",IF(Sheet51!$P$17="yes",IF(AND(C47&lt;0,D47&lt;0),"LONG UNWINDING",(IF(AND(C47&lt;0,D47&gt;0),"SHORT BUILDUP",(IF(AND(C47&gt;0,D47&gt;0),"LONG BUILDUP",IF(AND(C47&gt;0,D47&lt;0),"SHORT UNWINDING","")))))),""),"")</f><v/></c><c r="C47" s="361"><f ca="1">IF(Sheet51!$P$18="yes",IF(Sheet51!$P$17="yes",SUMIF(Data!$L$21:'Data'!$L$211,F47,Data!$G$21:'Data'!$G$211),""),"")</f><v>-31.1</v></c><c r="D47" s="520"><f ca="1">IF(Sheet51!$P$18="yes",IF(Sheet51!$P$17="yes",SUMIF(Data!$L$21:'Data'!$L$211,F47,Data!$C$21:'Data'!$C$211),""),"")</f><v>0</v></c><c r="E47" s="520"/><c r="F47" s="362"><f t="shared" si="3"/><v>11550</v></c><c r="G47" s="521"><f ca="1">IF(Sheet51!$P$18="yes",IF(Sheet51!$P$17="yes",SUMIF(Data!$L$21:'Data'!$L$211,F47,Data!$U$21:'Data'!$U$211),""),"")</f><v>1425</v></c><c r="H47" s="521"/><c r="I47" s="363"><f ca="1">IF(Sheet51!$P$18="yes",IF(Sheet51!$P$17="yes",SUMIF(Data!$L$21:'Data'!$L$211,F47,Data!$Q$21:'Data'!$Q$211),""),"")</f><v>-13.5</v></c><c r="J47" s="364" t="str"><f ca="1">IF(Sheet51!$P$18="yes",IF(Sheet51!$P$17="yes",IF(AND(I47&lt;0,G47&lt;0),"SHORT UNWINDING",(IF(AND(I47&lt;0,G47&gt;0),"SHORT BUILDUP",(IF(AND(I47&gt;0,G47&gt;0),"LONG BUILDUP",IF(AND(I47&gt;0,G47&lt;0),"LONG UNWINDING","")))))),""),"")</f><v>SHORT BUILDUP</v></c><c r="K47" s="365" t="str"><f ca="1">IF(Sheet51!$P$18="yes",IF(Sheet51!$P$17="yes",IF(OR(J47="SHORT BUILDUP",J47="LONG UNWINDING"), "BULLISH", IF(OR(J47="LONG BUILDUP",J47="SHORT UNWINDING" ), "BEARISH","")),""),"")</f><v>BULLISH</v></c></row><row r="48" spans="1:11" ht="16.5" customHeight="1" thickBot="1"><c r="A48" s="366" t="str"><f ca="1">IF(Sheet51!$P$18="yes",IF(Sheet51!$P$17="yes",IF(OR(B48="SHORT BUILDUP",B48="LONG UNWINDING"), "BEARISH", IF(OR(B48="LONG BUILDUP",B48="SHORT UNWINDING" ), "BULLISH","")),""),"")</f><v>BEARISH</v></c><c r="B48" s="366" t="str"><f ca="1">IF(Sheet51!$P$18="yes",IF(Sheet51!$P$17="yes",IF(AND(C48&lt;0,D48&lt;0),"LONG UNWINDING",(IF(AND(C48&lt;0,D48&gt;0),"SHORT BUILDUP",(IF(AND(C48&gt;0,D48&gt;0),"LONG BUILDUP",IF(AND(C48&gt;0,D48&lt;0),"SHORT UNWINDING","")))))),""),"")</f><v>SHORT BUILDUP</v></c><c r="C48" s="367"><f ca="1">IF(Sheet51!$P$18="yes",IF(Sheet51!$P$17="yes",SUMIF(Data!$L$21:'Data'!$L$211,F48,Data!$G$21:'Data'!$G$211),""),"")</f><v>-35.049999999999997</v></c><c r="D48" s="522"><f ca="1">IF(Sheet51!$P$18="yes",IF(Sheet51!$P$17="yes",SUMIF(Data!$L$21:'Data'!$L$211,F48,Data!$C$21:'Data'!$C$211),""),"")</f><v>23250</v></c><c r="E48" s="522"/><c r="F48" s="368"><f t="shared" si="3"/><v>11500</v></c><c r="G48" s="523"><f ca="1">IF(Sheet51!$P$18="yes",IF(Sheet51!$P$17="yes",SUMIF(Data!$L$21:'Data'!$L$211,F48,Data!$U$21:'Data'!$U$211),""),"")</f><v>103425</v></c><c r="H48" s="523"/><c r="I48" s="367"><f ca="1">IF(Sheet51!$P$18="yes",IF(Sheet51!$P$17="yes",SUMIF(Data!$L$21:'Data'!$L$211,F48,Data!$Q$21:'Data'!$Q$211),""),"")</f><v>-7.75</v></c><c r="J48" s="369" t="str"><f ca="1">IF(Sheet51!$P$18="yes",IF(Sheet51!$P$17="yes",IF(AND(I48&lt;0,G48&lt;0),"SHORT UNWINDING",(IF(AND(I48&lt;0,G48&gt;0),"SHORT BUILDUP",(IF(AND(I48&gt;0,G48&gt;0),"LONG BUILDUP",IF(AND(I48&gt;0,G48&lt;0),"LONG UNWINDING","")))))),""),"")</f><v>SHORT BUILDUP</v></c><c r="K48" s="370" t="str"><f ca="1">IF(Sheet51!$P$18="yes",IF(Sheet51!$P$17="yes",IF(OR(J48="SHORT BUILDUP",J48="LONG UNWINDING"), "BULLISH", IF(OR(J48="LONG BUILDUP",J48="SHORT UNWINDING" ), "BEARISH","")),""),"")</f><v>BULLISH</v></c></row><row r="49" spans="1:11" ht="16.5" customHeight="1" thickBot="1"><c r="A49" s="333" t="str"><f ca="1">IF(Sheet51!$P$18="yes",IF(Sheet51!$P$17="yes",IF(OR(B49="SHORT BUILDUP",B49="LONG UNWINDING"), "BEARISH", IF(OR(B49="LONG BUILDUP",B49="SHORT UNWINDING" ), "BULLISH","")),""),"")</f><v/></c><c r="B49" s="333" t="str"><f ca="1">IF(Sheet51!$P$18="yes",IF(Sheet51!$P$17="yes",IF(AND(C49&lt;0,D49&lt;0),"LONG UNWINDING",(IF(AND(C49&lt;0,D49&gt;0),"SHORT BUILDUP",(IF(AND(C49&gt;0,D49&gt;0),"LONG BUILDUP",IF(AND(C49&gt;0,D49&lt;0),"SHORT UNWINDING","")))))),""),"")</f><v/></c><c r="C49" s="318"><f ca="1">IF(Sheet51!$P$18="yes",IF(Sheet51!$P$17="yes",SUMIF(Data!$L$21:'Data'!$L$211,F49,Data!$G$21:'Data'!$G$211),""),"")</f><v>0</v></c><c r="D49" s="516"><f ca="1">IF(Sheet51!$P$18="yes",IF(Sheet51!$P$17="yes",SUMIF(Data!$L$21:'Data'!$L$211,F49,Data!$C$21:'Data'!$C$211),""),"")</f><v>0</v></c><c r="E49" s="516"/><c r="F49" s="235"><f t="shared" si="3"/><v>11450</v></c><c r="G49" s="517"><f ca="1">IF(Sheet51!$P$18="yes",IF(Sheet51!$P$17="yes",SUMIF(Data!$L$21:'Data'!$L$211,F49,Data!$U$21:'Data'!$U$211),""),"")</f><v>-825</v></c><c r="H49" s="517"/><c r="I49" s="318"><f ca="1">IF(Sheet51!$P$18="yes",IF(Sheet51!$P$17="yes",SUMIF(Data!$L$21:'Data'!$L$211,F49,Data!$Q$21:'Data'!$Q$211),""),"")</f><v>-5.4</v></c><c r="J49" s="334" t="str"><f ca="1">IF(Sheet51!$P$18="yes",IF(Sheet51!$P$17="yes",IF(AND(I49&lt;0,G49&lt;0),"SHORT UNWINDING",(IF(AND(I49&lt;0,G49&gt;0),"SHORT BUILDUP",(IF(AND(I49&gt;0,G49&gt;0),"LONG BUILDUP",IF(AND(I49&gt;0,G49&lt;0),"LONG UNWINDING","")))))),""),"")</f><v>SHORT UNWINDING</v></c><c r="K49" s="335" t="str"><f ca="1">IF(Sheet51!$P$18="yes",IF(Sheet51!$P$17="yes",IF(OR(J49="SHORT BUILDUP",J49="LONG UNWINDING"), "BULLISH", IF(OR(J49="LONG BUILDUP",J49="SHORT UNWINDING" ), "BEARISH","")),""),"")</f><v>BEARISH</v></c></row><row r="50" spans="1:11" ht="16.5" customHeight="1" thickBot="1"><c r="A50" s="333" t="str"><f ca="1">IF(Sheet51!$P$18="yes",IF(Sheet51!$P$17="yes",IF(OR(B50="SHORT BUILDUP",B50="LONG UNWINDING"), "BEARISH", IF(OR(B50="LONG BUILDUP",B50="SHORT UNWINDING" ), "BULLISH","")),""),"")</f><v>BEARISH</v></c><c r="B50" s="333" t="str"><f ca="1">IF(Sheet51!$P$18="yes",IF(Sheet51!$P$17="yes",IF(AND(C50&lt;0,D50&lt;0),"LONG UNWINDING",(IF(AND(C50&lt;0,D50&gt;0),"SHORT BUILDUP",(IF(AND(C50&gt;0,D50&gt;0),"LONG BUILDUP",IF(AND(C50&gt;0,D50&lt;0),"SHORT UNWINDING","")))))),""),"")</f><v>SHORT BUILDUP</v></c><c r="C50" s="318"><f ca="1">IF(Sheet51!$P$18="yes",IF(Sheet51!$P$17="yes",SUMIF(Data!$L$21:'Data'!$L$211,F50,Data!$G$21:'Data'!$G$211),""),"")</f><v>-31.7</v></c><c r="D50" s="516"><f ca="1">IF(Sheet51!$P$18="yes",IF(Sheet51!$P$17="yes",SUMIF(Data!$L$21:'Data'!$L$211,F50,Data!$C$21:'Data'!$C$211),""),"")</f><v>12225</v></c><c r="E50" s="516"/><c r="F50" s="235"><f t="shared" si="3"/><v>11400</v></c><c r="G50" s="517"><f ca="1">IF(Sheet51!$P$18="yes",IF(Sheet51!$P$17="yes",SUMIF(Data!$L$21:'Data'!$L$211,F50,Data!$U$21:'Data'!$U$211),""),"")</f><v>53475</v></c><c r="H50" s="517"/><c r="I50" s="318"><f ca="1">IF(Sheet51!$P$18="yes",IF(Sheet51!$P$17="yes",SUMIF(Data!$L$21:'Data'!$L$211,F50,Data!$Q$21:'Data'!$Q$211),""),"")</f><v>-6.2</v></c><c r="J50" s="334" t="str"><f ca="1">IF(Sheet51!$P$18="yes",IF(Sheet51!$P$17="yes",IF(AND(I50&lt;0,G50&lt;0),"SHORT UNWINDING",(IF(AND(I50&lt;0,G50&gt;0),"SHORT BUILDUP",(IF(AND(I50&gt;0,G50&gt;0),"LONG BUILDUP",IF(AND(I50&gt;0,G50&lt;0),"LONG UNWINDING","")))))),""),"")</f><v>SHORT BUILDUP</v></c><c r="K50" s="335" t="str"><f ca="1">IF(Sheet51!$P$18="yes",IF(Sheet51!$P$17="yes",IF(OR(J50="SHORT BUILDUP",J50="LONG UNWINDING"), "BULLISH", IF(OR(J50="LONG BUILDUP",J50="SHORT UNWINDING" ), "BEARISH","")),""),"")</f><v>BULLISH</v></c></row><row r="51" spans="1:11" ht="16.5" customHeight="1" thickBot="1"><c r="A51" s="333" t="str"><f ca="1">IF(Sheet51!$P$18="yes",IF(Sheet51!$P$17="yes",IF(OR(B51="SHORT BUILDUP",B51="LONG UNWINDING"), "BEARISH", IF(OR(B51="LONG BUILDUP",B51="SHORT UNWINDING" ), "BULLISH","")),""),"")</f><v/></c><c r="B51" s="333" t="str"><f ca="1">IF(Sheet51!$P$18="yes",IF(Sheet51!$P$17="yes",IF(AND(C51&lt;0,D51&lt;0),"LONG UNWINDING",(IF(AND(C51&lt;0,D51&gt;0),"SHORT BUILDUP",(IF(AND(C51&gt;0,D51&gt;0),"LONG BUILDUP",IF(AND(C51&gt;0,D51&lt;0),"SHORT UNWINDING","")))))),""),"")</f><v/></c><c r="C51" s="318"><f ca="1">IF(Sheet51!$P$18="yes",IF(Sheet51!$P$17="yes",SUMIF(Data!$L$21:'Data'!$L$211,F51,Data!$G$21:'Data'!$G$211),""),"")</f><v>0</v></c><c r="D51" s="516"><f ca="1">IF(Sheet51!$P$18="yes",IF(Sheet51!$P$17="yes",SUMIF(Data!$L$21:'Data'!$L$211,F51,Data!$C$21:'Data'!$C$211),""),"")</f><v>0</v></c><c r="E51" s="516"/><c r="F51" s="235"><f t="shared" si="3"/><v>11350</v></c><c r="G51" s="517"><f ca="1">IF(Sheet51!$P$18="yes",IF(Sheet51!$P$17="yes",SUMIF(Data!$L$21:'Data'!$L$211,F51,Data!$U$21:'Data'!$U$211),""),"")</f><v>0</v></c><c r="H51" s="517"/><c r="I51" s="318"><f ca="1">IF(Sheet51!$P$18="yes",IF(Sheet51!$P$17="yes",SUMIF(Data!$L$21:'Data'!$L$211,F51,Data!$Q$21:'Data'!$Q$211),""),"")</f><v>0</v></c><c r="J51" s="334" t="str"><f ca="1">IF(Sheet51!$P$18="yes",IF(Sheet51!$P$17="yes",IF(AND(I51&lt;0,G51&lt;0),"SHORT UNWINDING",(IF(AND(I51&lt;0,G51&gt;0),"SHORT BUILDUP",(IF(AND(I51&gt;0,G51&gt;0),"LONG BUILDUP",IF(AND(I51&gt;0,G51&lt;0),"LONG UNWINDING","")))))),""),"")</f><v/></c><c r="K51" s="335" t="str"><f ca="1">IF(Sheet51!$P$18="yes",IF(Sheet51!$P$17="yes",IF(OR(J51="SHORT BUILDUP",J51="LONG UNWINDING"), "BULLISH", IF(OR(J51="LONG BUILDUP",J51="SHORT UNWINDING" ), "BEARISH","")),""),"")</f><v/></c></row><row r="52" spans="1:11" ht="16.5" customHeight="1" thickBot="1"><c r="A52" s="333" t="str"><f ca="1">IF(Sheet51!$P$18="yes",IF(Sheet51!$P$17="yes",IF(OR(B52="SHORT BUILDUP",B52="LONG UNWINDING"), "BEARISH", IF(OR(B52="LONG BUILDUP",B52="SHORT UNWINDING" ), "BULLISH","")),""),"")</f><v>BEARISH</v></c><c r="B52" s="333" t="str"><f ca="1">IF(Sheet51!$P$18="yes",IF(Sheet51!$P$17="yes",IF(AND(C52&lt;0,D52&lt;0),"LONG UNWINDING",(IF(AND(C52&lt;0,D52&gt;0),"SHORT BUILDUP",(IF(AND(C52&gt;0,D52&gt;0),"LONG BUILDUP",IF(AND(C52&gt;0,D52&lt;0),"SHORT UNWINDING","")))))),""),"")</f><v>LONG UNWINDING</v></c><c r="C52" s="318"><f ca="1">IF(Sheet51!$P$18="yes",IF(Sheet51!$P$17="yes",SUMIF(Data!$L$21:'Data'!$L$211,F52,Data!$G$21:'Data'!$G$211),""),"")</f><v>-30.2</v></c><c r="D52" s="516"><f ca="1">IF(Sheet51!$P$18="yes",IF(Sheet51!$P$17="yes",SUMIF(Data!$L$21:'Data'!$L$211,F52,Data!$C$21:'Data'!$C$211),""),"")</f><v>-150</v></c><c r="E52" s="516"/><c r="F52" s="235"><f t="shared" si="3"/><v>11300</v></c><c r="G52" s="517"><f ca="1">IF(Sheet51!$P$18="yes",IF(Sheet51!$P$17="yes",SUMIF(Data!$L$21:'Data'!$L$211,F52,Data!$U$21:'Data'!$U$211),""),"")</f><v>21975</v></c><c r="H52" s="517"/><c r="I52" s="318"><f ca="1">IF(Sheet51!$P$18="yes",IF(Sheet51!$P$17="yes",SUMIF(Data!$L$21:'Data'!$L$211,F52,Data!$Q$21:'Data'!$Q$211),""),"")</f><v>-5.45</v></c><c r="J52" s="334" t="str"><f ca="1">IF(Sheet51!$P$18="yes",IF(Sheet51!$P$17="yes",IF(AND(I52&lt;0,G52&lt;0),"SHORT UNWINDING",(IF(AND(I52&lt;0,G52&gt;0),"SHORT BUILDUP",(IF(AND(I52&gt;0,G52&gt;0),"LONG BUILDUP",IF(AND(I52&gt;0,G52&lt;0),"LONG UNWINDING","")))))),""),"")</f><v>SHORT BUILDUP</v></c><c r="K52" s="335" t="str"><f ca="1">IF(Sheet51!$P$18="yes",IF(Sheet51!$P$17="yes",IF(OR(J52="SHORT BUILDUP",J52="LONG UNWINDING"), "BULLISH", IF(OR(J52="LONG BUILDUP",J52="SHORT UNWINDING" ), "BEARISH","")),""),"")</f><v>BULLISH</v></c></row><row r="53" spans="1:11" ht="16.5" customHeight="1" thickBot="1"><c r="A53" s="333" t="str"><f ca="1">IF(Sheet51!$P$18="yes",IF(Sheet51!$P$17="yes",IF(OR(B53="SHORT BUILDUP",B53="LONG UNWINDING"), "BEARISH", IF(OR(B53="LONG BUILDUP",B53="SHORT UNWINDING" ), "BULLISH","")),""),"")</f><v/></c><c r="B53" s="333" t="str"><f ca="1">IF(Sheet51!$P$18="yes",IF(Sheet51!$P$17="yes",IF(AND(C53&lt;0,D53&lt;0),"LONG UNWINDING",(IF(AND(C53&lt;0,D53&gt;0),"SHORT BUILDUP",(IF(AND(C53&gt;0,D53&gt;0),"LONG BUILDUP",IF(AND(C53&gt;0,D53&lt;0),"SHORT UNWINDING","")))))),""),"")</f><v/></c><c r="C53" s="318"><f ca="1">IF(Sheet51!$P$18="yes",IF(Sheet51!$P$17="yes",SUMIF(Data!$L$21:'Data'!$L$211,F53,Data!$G$21:'Data'!$G$211),""),"")</f><v>0</v></c><c r="D53" s="516"><f ca="1">IF(Sheet51!$P$18="yes",IF(Sheet51!$P$17="yes",SUMIF(Data!$L$21:'Data'!$L$211,F53,Data!$C$21:'Data'!$C$211),""),"")</f><v>0</v></c><c r="E53" s="516"/><c r="F53" s="235"><f t="shared" si="3"/><v>11250</v></c><c r="G53" s="517"><f ca="1">IF(Sheet51!$P$18="yes",IF(Sheet51!$P$17="yes",SUMIF(Data!$L$21:'Data'!$L$211,F53,Data!$U$21:'Data'!$U$211),""),"")</f><v>0</v></c><c r="H53" s="517"/><c r="I53" s="318"><f ca="1">IF(Sheet51!$P$18="yes",IF(Sheet51!$P$17="yes",SUMIF(Data!$L$21:'Data'!$L$211,F53,Data!$Q$21:'Data'!$Q$211),""),"")</f><v>0</v></c><c r="J53" s="334" t="str"><f ca="1">IF(Sheet51!$P$18="yes",IF(Sheet51!$P$17="yes",IF(AND(I53&lt;0,G53&lt;0),"SHORT UNWINDING",(IF(AND(I53&lt;0,G53&gt;0),"SHORT BUILDUP",(IF(AND(I53&gt;0,G53&gt;0),"LONG BUILDUP",IF(AND(I53&gt;0,G53&lt;0),"LONG UNWINDING","")))))),""),"")</f><v/></c><c r="K53" s="335" t="str"><f ca="1">IF(Sheet51!$P$18="yes",IF(Sheet51!$P$17="yes",IF(OR(J53="SHORT BUILDUP",J53="LONG UNWINDING"), "BULLISH", IF(OR(J53="LONG BUILDUP",J53="SHORT UNWINDING" ), "BEARISH","")),""),"")</f><v/></c></row><row r="54" spans="1:11" ht="16.5" customHeight="1" thickBot="1"><c r="A54" s="333" t="str"><f ca="1">IF(Sheet51!$P$18="yes",IF(Sheet51!$P$17="yes",IF(OR(B54="SHORT BUILDUP",B54="LONG UNWINDING"), "BEARISH", IF(OR(B54="LONG BUILDUP",B54="SHORT UNWINDING" ), "BULLISH","")),""),"")</f><v/></c><c r="B54" s="333" t="str"><f ca="1">IF(Sheet51!$P$18="yes",IF(Sheet51!$P$17="yes",IF(AND(C54&lt;0,D54&lt;0),"LONG UNWINDING",(IF(AND(C54&lt;0,D54&gt;0),"SHORT BUILDUP",(IF(AND(C54&gt;0,D54&gt;0),"LONG BUILDUP",IF(AND(C54&gt;0,D54&lt;0),"SHORT UNWINDING","")))))),""),"")</f><v/></c><c r="C54" s="318"><f ca="1">IF(Sheet51!$P$18="yes",IF(Sheet51!$P$17="yes",SUMIF(Data!$L$21:'Data'!$L$211,F54,Data!$G$21:'Data'!$G$211),""),"")</f><v>-29</v></c><c r="D54" s="516"><f ca="1">IF(Sheet51!$P$18="yes",IF(Sheet51!$P$17="yes",SUMIF(Data!$L$21:'Data'!$L$211,F54,Data!$C$21:'Data'!$C$211),""),"")</f><v>0</v></c><c r="E54" s="516"/><c r="F54" s="235"><f t="shared" si="3"/><v>11200</v></c><c r="G54" s="517"><f ca="1">IF(Sheet51!$P$18="yes",IF(Sheet51!$P$17="yes",SUMIF(Data!$L$21:'Data'!$L$211,F54,Data!$U$21:'Data'!$U$211),""),"")</f><v>31875</v></c><c r="H54" s="517"/><c r="I54" s="318"><f ca="1">IF(Sheet51!$P$18="yes",IF(Sheet51!$P$17="yes",SUMIF(Data!$L$21:'Data'!$L$211,F54,Data!$Q$21:'Data'!$Q$211),""),"")</f><v>-3.9</v></c><c r="J54" s="334" t="str"><f ca="1">IF(Sheet51!$P$18="yes",IF(Sheet51!$P$17="yes",IF(AND(I54&lt;0,G54&lt;0),"SHORT UNWINDING",(IF(AND(I54&lt;0,G54&gt;0),"SHORT BUILDUP",(IF(AND(I54&gt;0,G54&gt;0),"LONG BUILDUP",IF(AND(I54&gt;0,G54&lt;0),"LONG UNWINDING","")))))),""),"")</f><v>SHORT BUILDUP</v></c><c r="K54" s="335" t="str"><f ca="1">IF(Sheet51!$P$18="yes",IF(Sheet51!$P$17="yes",IF(OR(J54="SHORT BUILDUP",J54="LONG UNWINDING"), "BULLISH", IF(OR(J54="LONG BUILDUP",J54="SHORT UNWINDING" ), "BEARISH","")),""),"")</f><v>BULLISH</v></c></row><row r="60" spans="1:11" ht="16.5" customHeight="1"><c r="A60" s="538" t="s"><v>199</v></c><c r="B60" s="538"/><c r="C60" s="538"/></row><row r="61" spans="1:11" ht="16.5" customHeight="1"><c r="A61" s="538" t="s"><v>198</v></c><c r="B61" s="538"/><c r="C61" s="538"/></row></sheetData><customSheetViews><customSheetView guid="{D12DFD61-4B7F-43F1-B07E-A848E00A354C}"><selection activeCell="D29" sqref="D29"/><pageMargins left="0.7" right="0.7" top="0.75" bottom="0.75" header="0.3" footer="0.3"/></customSheetView></customSheetViews><mergeCells count="96"><mergeCell ref="G23:H23"/><mergeCell ref="G24:H24"/><mergeCell ref="G18:H18"/><mergeCell ref="G19:H19"/><mergeCell ref="G20:H20"/><mergeCell ref="G21:H21"/><mergeCell ref="G22:H22"/><mergeCell ref="D22:E22"/><mergeCell ref="D23:E23"/><mergeCell ref="D24:E24"/><mergeCell ref="G5:H5"/><mergeCell ref="G6:H6"/><mergeCell ref="G7:H7"/><mergeCell ref="G8:H8"/><mergeCell ref="G9:H9"/><mergeCell ref="G10:H10"/><mergeCell ref="G11:H11"/><mergeCell ref="G12:H12"/><mergeCell ref="G13:H13"/><mergeCell ref="G14:H14"/><mergeCell ref="G15:H15"/><mergeCell ref="G16:H16"/><mergeCell ref="G17:H17"/><mergeCell ref="D17:E17"/><mergeCell ref="D18:E18"/><mergeCell ref="D19:E19"/><mergeCell ref="D20:E20"/><mergeCell ref="D21:E21"/><mergeCell ref="D4:E4"/><mergeCell ref="G4:H4"/><mergeCell ref="D5:E5"/><mergeCell ref="D15:E15"/><mergeCell ref="D16:E16"/><mergeCell ref="A60:C60"/><mergeCell ref="A61:C61"/><mergeCell ref="D2:H2"/><mergeCell ref="A2:C2"/><mergeCell ref="I2:K2"/><mergeCell ref="D11:E11"/><mergeCell ref="D12:E12"/><mergeCell ref="D13:E13"/><mergeCell ref="D14:E14"/><mergeCell ref="D6:E6"/><mergeCell ref="D7:E7"/><mergeCell ref="D8:E8"/><mergeCell ref="D9:E9"/><mergeCell ref="D10:E10"/><mergeCell ref="D3:E3"/><mergeCell ref="G3:H3"/><mergeCell ref="A32:C32"/><mergeCell ref="D32:H32"/><mergeCell ref="I32:K32"/><mergeCell ref="D33:E33"/><mergeCell ref="G33:H33"/><mergeCell ref="D34:E34"/><mergeCell ref="G34:H34"/><mergeCell ref="D35:E35"/><mergeCell ref="G35:H35"/><mergeCell ref="D36:E36"/><mergeCell ref="G36:H36"/><mergeCell ref="D37:E37"/><mergeCell ref="G37:H37"/><mergeCell ref="D38:E38"/><mergeCell ref="G38:H38"/><mergeCell ref="D39:E39"/><mergeCell ref="G39:H39"/><mergeCell ref="D40:E40"/><mergeCell ref="G40:H40"/><mergeCell ref="D41:E41"/><mergeCell ref="G41:H41"/><mergeCell ref="D42:E42"/><mergeCell ref="G42:H42"/><mergeCell ref="D43:E43"/><mergeCell ref="G43:H43"/><mergeCell ref="D44:E44"/><mergeCell ref="G44:H44"/><mergeCell ref="D45:E45"/><mergeCell ref="G45:H45"/><mergeCell ref="D46:E46"/><mergeCell ref="G46:H46"/><mergeCell ref="D47:E47"/><mergeCell ref="G47:H47"/><mergeCell ref="D48:E48"/><mergeCell ref="G48:H48"/><mergeCell ref="D49:E49"/><mergeCell ref="G49:H49"/><mergeCell ref="D50:E50"/><mergeCell ref="G50:H50"/><mergeCell ref="D51:E51"/><mergeCell ref="G51:H51"/><mergeCell ref="D52:E52"/><mergeCell ref="G52:H52"/><mergeCell ref="D53:E53"/><mergeCell ref="G53:H53"/><mergeCell ref="D54:E54"/><mergeCell ref="G54:H54"/></mergeCells><conditionalFormatting sqref="A34:A54 K34:K54 A4:A24 K4:K24"><cfRule type="containsText" dxfId="9" priority="22" operator="containsText" text="BULLISH"><formula>NOT(ISERROR(SEARCH("BULLISH",A4)))</formula></cfRule><cfRule type="containsText" dxfId="8" priority="23" operator="containsText" text="BEARISH"><formula>NOT(ISERROR(SEARCH("BEARISH",A4)))</formula></cfRule></conditionalFormatting><conditionalFormatting sqref="B34:B54 B4:B24"><cfRule type="containsText" dxfId="7" priority="18" operator="containsText" text="SHORT UNWINDING"><formula>NOT(ISERROR(SEARCH("SHORT UNWINDING",B4)))</formula></cfRule><cfRule type="containsText" dxfId="6" priority="19" operator="containsText" text="LONG UNWINDING"><formula>NOT(ISERROR(SEARCH("LONG UNWINDING",B4)))</formula></cfRule><cfRule type="containsText" dxfId="5" priority="20" operator="containsText" text="SHORT BUILDUP"><formula>NOT(ISERROR(SEARCH("SHORT BUILDUP",B4)))</formula></cfRule><cfRule type="containsText" dxfId="4" priority="21" operator="containsText" text="LONG BUILDUP"><formula>NOT(ISERROR(SEARCH("LONG BUILDUP",B4)))</formula></cfRule></conditionalFormatting><conditionalFormatting sqref="J34:J54 J4:J24"><cfRule type="containsText" dxfId="3" priority="14" operator="containsText" text="SHORT UNWINDING"><formula>NOT(ISERROR(SEARCH("SHORT UNWINDING",J4)))</formula></cfRule><cfRule type="containsText" dxfId="2" priority="15" operator="containsText" text="LONG UNWINDING"><formula>NOT(ISERROR(SEARCH("LONG UNWINDING",J4)))</formula></cfRule><cfRule type="containsText" dxfId="1" priority="16" operator="containsText" text="SHORT BUILDUP"><formula>NOT(ISERROR(SEARCH("SHORT BUILDUP",J4)))</formula></cfRule><cfRule type="containsText" dxfId="0" priority="17" operator="containsText" text="LONG BUILDUP"><formula>NOT(ISERROR(SEARCH("LONG BUILDUP",J4)))</formula></cfRule></conditionalFormatting><pageMargins left="0.7" right="0.7" top="0.75" bottom="0.75" header="0.3" footer="0.3"/></worksheet>