<?xml version="1.0" encoding="UTF-8" standalone="yes"?>
<xdr:wsDr xmlns:xdr="http://schemas.openxmlformats.org/drawingml/2006/spreadsheetDrawing" xmlns:a="http://schemas.openxmlformats.org/drawingml/2006/main"><xdr:twoCellAnchor><xdr:from><xdr:col>3</xdr:col><xdr:colOff>47626</xdr:colOff><xdr:row>1</xdr:row><xdr:rowOff>200026</xdr:rowOff></xdr:from><xdr:to><xdr:col>17</xdr:col><xdr:colOff>514350</xdr:colOff><xdr:row>23</xdr:row><xdr:rowOff>123825</xdr:rowOff></xdr:to><xdr:graphicFrame macro=""><xdr:nvGraphicFramePr><xdr:cNvPr id="2" name="Chart 1"/><xdr:cNvGraphicFramePr/></xdr:nvGraphicFramePr><xdr:xfrm><a:off x="0" y="0"/><a:ext cx="0" cy="0"/></xdr:xfrm><a:graphic><a:graphicData uri="http://schemas.openxmlformats.org/drawingml/2006/chart"><c:chart xmlns:c="http://schemas.openxmlformats.org/drawingml/2006/chart" xmlns:r="http://schemas.openxmlformats.org/officeDocument/2006/relationships" r:id="rId1"/></a:graphicData></a:graphic></xdr:graphicFrame><xdr:clientData/></xdr:twoCellAnchor><xdr:twoCellAnchor><xdr:from><xdr:col>0</xdr:col><xdr:colOff>171450</xdr:colOff><xdr:row>27</xdr:row><xdr:rowOff>38100</xdr:rowOff></xdr:from><xdr:to><xdr:col>17</xdr:col><xdr:colOff>266698</xdr:colOff><xdr:row>48</xdr:row><xdr:rowOff>180976</xdr:rowOff></xdr:to><xdr:graphicFrame macro=""><xdr:nvGraphicFramePr><xdr:cNvPr id="3" name="Chart 2"/><xdr:cNvGraphicFramePr/></xdr:nvGraphicFramePr><xdr:xfrm><a:off x="0" y="0"/><a:ext cx="0" cy="0"/></xdr:xfrm><a:graphic><a:graphicData uri="http://schemas.openxmlformats.org/drawingml/2006/chart"><c:chart xmlns:c="http://schemas.openxmlformats.org/drawingml/2006/chart" xmlns:r="http://schemas.openxmlformats.org/officeDocument/2006/relationships" r:id="rId2"/></a:graphicData></a:graphic></xdr:graphicFrame><xdr:clientData/></xdr:twoCellAnchor></xdr:wsDr>