<?xml version="1.0" encoding="UTF-8" standalone="yes"?>
<xdr:wsDr xmlns:xdr="http://schemas.openxmlformats.org/drawingml/2006/spreadsheetDrawing" xmlns:a="http://schemas.openxmlformats.org/drawingml/2006/main"><mc:AlternateContent xmlns:mc="http://schemas.openxmlformats.org/markup-compatibility/2006"><mc:Choice xmlns:a14="http://schemas.microsoft.com/office/drawing/2010/main" Requires="a14"><xdr:twoCellAnchor><xdr:from><xdr:col>0</xdr:col><xdr:colOff>38100</xdr:colOff><xdr:row>0</xdr:row><xdr:rowOff>19050</xdr:rowOff></xdr:from><xdr:to><xdr:col>2</xdr:col><xdr:colOff>104775</xdr:colOff><xdr:row>1</xdr:row><xdr:rowOff>19050</xdr:rowOff></xdr:to><xdr:sp macro="" textlink=""><xdr:nvSpPr><xdr:cNvPr id="4104" name="btn_Refresh" hidden="1"><a:extLst><a:ext uri="{63B3BB69-23CF-44E3-9099-C40C66FF867C}"><a14:compatExt spid="_x0000_s4104"/></a:ext></a:extLst></xdr:cNvPr><xdr:cNvSpPr/></xdr:nvSpPr><xdr:spPr bwMode="auto"><a:xfrm><a:off x="0" y="0"/><a:ext cx="0" cy="0"/></a:xfrm><a:prstGeom prst="rect"><a:avLst/></a:prstGeom><a:noFill/><a:ln w="9525"><a:miter lim="800000"/><a:headEnd/><a:tailEnd/></a:ln></xdr:spPr><xdr:txBody><a:bodyPr vertOverflow="clip" wrap="square" lIns="27432" tIns="27432" rIns="27432" bIns="27432" anchor="ctr" upright="1"/><a:lstStyle/><a:p><a:pPr algn="ctr" rtl="0"><a:defRPr sz="1000"/></a:pPr><a:r><a:rPr lang="en-US" sz="1100" b="0" i="0" u="none" strike="noStrike" baseline="0"><a:solidFill><a:srgbClr val="000000"/></a:solidFill><a:latin typeface="Calibri"/><a:cs typeface="Calibri"/></a:rPr><a:t>Start Refresh</a:t></a:r></a:p></xdr:txBody></xdr:sp><xdr:clientData fPrintsWithSheet="0"/></xdr:twoCellAnchor></mc:Choice><mc:Fallback/></mc:AlternateContent><mc:AlternateContent xmlns:mc="http://schemas.openxmlformats.org/markup-compatibility/2006"><mc:Choice xmlns:a14="http://schemas.microsoft.com/office/drawing/2010/main" Requires="a14"><xdr:twoCellAnchor><xdr:from><xdr:col>2</xdr:col><xdr:colOff>200025</xdr:colOff><xdr:row>0</xdr:row><xdr:rowOff>19050</xdr:rowOff></xdr:from><xdr:to><xdr:col>3</xdr:col><xdr:colOff>533400</xdr:colOff><xdr:row>1</xdr:row><xdr:rowOff>28575</xdr:rowOff></xdr:to><xdr:sp macro="" textlink=""><xdr:nvSpPr><xdr:cNvPr id="4105" name="Button 9" hidden="1"><a:extLst><a:ext uri="{63B3BB69-23CF-44E3-9099-C40C66FF867C}"><a14:compatExt spid="_x0000_s4105"/></a:ext></a:extLst></xdr:cNvPr><xdr:cNvSpPr/></xdr:nvSpPr><xdr:spPr bwMode="auto"><a:xfrm><a:off x="0" y="0"/><a:ext cx="0" cy="0"/></a:xfrm><a:prstGeom prst="rect"><a:avLst/></a:prstGeom><a:noFill/><a:ln w="9525"><a:miter lim="800000"/><a:headEnd/><a:tailEnd/></a:ln></xdr:spPr><xdr:txBody><a:bodyPr vertOverflow="clip" wrap="square" lIns="27432" tIns="27432" rIns="27432" bIns="27432" anchor="ctr" upright="1"/><a:lstStyle/><a:p><a:pPr algn="ctr" rtl="0"><a:defRPr sz="1000"/></a:pPr><a:r><a:rPr lang="en-US" sz="1100" b="0" i="0" u="none" strike="noStrike" baseline="0"><a:solidFill><a:srgbClr val="000000"/></a:solidFill><a:latin typeface="Calibri"/><a:cs typeface="Calibri"/></a:rPr><a:t>Stop Refresh</a:t></a:r></a:p></xdr:txBody></xdr:sp><xdr:clientData fPrintsWithSheet="0"/></xdr:twoCellAnchor></mc:Choice><mc:Fallback/></mc:AlternateContent></xdr:wsDr>