<?xml version="1.0" encoding="UTF-8" standalone="yes"?>
<calcChain xmlns="http://schemas.openxmlformats.org/spreadsheetml/2006/main"><c r="E2" i="2"/><c r="K31" i="9" l="1"/><c r="C1" i="3"/><c r="D1" i="2"/><c r="C23" i="1" s="1"/><c r="Q10"/><c r="M10"/><c r="L10"/><c r="F10"/><c r="E10"/><c r="D10"/><c r="C10"/><c r="K1" i="9"/><c r="P3" i="2" l="1"/><c r="P4"/><c r="P17" s="1"/><c r="AJ3" i="8"/><c r="I8" i="4"/><c r="AA105"/><c r="AA107" s="1"/><c r="AA104"/><c r="AA106" s="1"/><c r="F13"/><c r="J13" s="1"/><c r="F18"/><c r="D18" s="1"/><c r="K1"/><c r="J1"/><c r="M91" i="2" l="1"/><c r="B18" i="4"/><c r="B13"/><c r="D13"/><c r="H18"/><c r="J18"/><c r="A13"/><c r="C13"/><c r="C14" s="1"/><c r="E13"/><c r="E14" s="1"/><c r="G13"/><c r="I13"/><c r="J14" s="1"/><c r="K13"/><c r="K14" s="1"/><c r="A18"/><c r="C18"/><c r="C19" s="1"/><c r="E18"/><c r="E19" s="1"/><c r="G18"/><c r="I18"/><c r="K18"/><c r="H13"/><c r="I14" s="1"/><c r="AA94" i="1"/><c r="AA98" s="1"/><c r="AA92"/><c r="AA96" s="1"/><c r="A19" i="4" l="1"/><c r="B19"/><c r="J19"/><c r="A14"/><c r="H19"/><c r="K19"/><c r="D14"/><c r="H14"/><c r="G14"/><c r="I19"/><c r="G19"/><c r="D19"/><c r="B14"/><c r="N25" i="5" l="1"/><c r="L26"/><c r="H26"/><c r="D26"/><c r="P27"/><c r="B27"/><c r="P2" i="2"/><c r="AK31" i="8"/><c r="AZ122" i="2"/><c r="AZ123"/><c r="AZ124"/><c r="AZ125"/><c r="AZ126"/><c r="AZ127"/><c r="AZ128"/><c r="AZ129"/><c r="AZ130"/><c r="AZ131"/><c r="AZ132"/><c r="AZ133"/><c r="AZ134"/><c r="AZ135"/><c r="AZ136"/><c r="AZ137"/><c r="AZ138"/><c r="AZ139"/><c r="AZ140"/><c r="AZ141"/><c r="AZ142"/><c r="AZ143"/><c r="AZ144"/><c r="AZ145"/><c r="B1"/><c r="F44" i="9" s="1"/><c r="P20" i="1"/><c r="P18"/><c r="P16"/><c r="P14"/><c r="F43" i="9" l="1"/><c r="F42" s="1"/><c r="F41" s="1"/><c r="F40" s="1"/><c r="F39" s="1"/><c r="F38" s="1"/><c r="F37" s="1"/><c r="F36" s="1"/><c r="F35" s="1"/><c r="F34" s="1"/><c r="F45"/><c r="F46" s="1"/><c r="F47" s="1"/><c r="F48" s="1"/><c r="F49" s="1"/><c r="F50" s="1"/><c r="F51" s="1"/><c r="F52" s="1"/><c r="F53" s="1"/><c r="F54" s="1"/><c r="F14"/><c r="F13" s="1"/><c r="F12" s="1"/><c r="F11" s="1"/><c r="F10" s="1"/><c r="F9" s="1"/><c r="F8" s="1"/><c r="F7" s="1"/><c r="F6" s="1"/><c r="F5" s="1"/><c r="F4" s="1"/><c r="AV6" i="3"/><c r="S10" i="1" s="1"/><c r="B178" i="2"/><c r="B2" i="4"/><c r="F2" i="2"/><c r="P1" i="8"/><c r="AK49"/><c r="AK45"/><c r="AK51"/><c r="AK47"/><c r="AK41"/><c r="AK37"/><c r="AK33"/><c r="AK29"/><c r="AK43"/><c r="AK39"/><c r="AK35"/><c r="AK27"/><c r="AK25"/><c r="AK23"/><c r="AK21"/><c r="AK19"/><c r="AK17"/><c r="AK15"/><c r="AK13"/><c r="AK11"/><c r="AK9"/><c r="AK5"/><c r="AK3"/><c r="AK7"/><c r="S1" i="1"/><c r="Q25" i="5" s="1"/><c r="Q1" i="1"/><c r="P25" i="5" s="1"/><c r="P23" i="1"/><c r="J8" i="4"/><c r="P1" i="2" l="1"/><c r="M2" s="1"/><c r="F15" i="9"/><c r="F16" s="1"/><c r="F17" s="1"/><c r="F18" s="1"/><c r="F19" s="1"/><c r="F20" s="1"/><c r="F21" s="1"/><c r="F22" s="1"/><c r="F23" s="1"/><c r="F24" s="1"/><c r="B177" i="2"/><c r="B176" s="1"/><c r="B175" s="1"/><c r="B179"/><c r="B180" s="1"/><c r="B181" s="1"/><c r="H8" i="4"/><c r="G8"/><c r="D8"/><c r="C8"/><c r="B8"/><c r="A8"/><c r="P18" i="2" l="1"/><c r="R20" i="1" s="1"/><c r="E8" i="4"/><c r="G1" i="2"/><c r="F21" i="1"/><c r="Q20"/><c r="O20"/><c r="S20" s="1"/><c r="F19"/><c r="O18"/><c r="F17"/><c r="O16"/><c r="F15"/><c r="O14"/><c r="P5" l="1"/><c r="I4" i="9"/><c r="D6"/><c r="D9"/><c r="G17"/><c r="G22"/><c r="D16"/><c r="D17"/><c r="D10"/><c r="G9"/><c r="G6"/><c r="G14"/><c r="C9"/><c r="C17"/><c r="C22"/><c r="C14"/><c r="I21"/><c r="M88" i="2"/><c r="N5" i="1" s="1"/><c r="J4" i="4" s="1"/><c r="D4" i="9"/><c r="D20"/><c r="D12"/><c r="D21"/><c r="D13"/><c r="D5"/><c r="G21"/><c r="G13"/><c r="G5"/><c r="G18"/><c r="G10"/><c r="C21"/><c r="B21" s="1"/><c r="A21" s="1"/><c r="C13"/><c r="C5"/><c r="B5" s="1"/><c r="A5" s="1"/><c r="C18"/><c r="C10"/><c r="I13"/><c r="I5"/><c r="I18"/><c r="C6"/><c r="B6" s="1"/><c r="A6" s="1"/><c r="I17"/><c r="I9"/><c r="I22"/><c r="I14"/><c r="I6"/><c r="J6" s="1"/><c r="K6" s="1"/><c r="I10"/><c r="N19" i="1"/><c r="N21"/><c r="H36" i="2"/><c r="B36" s="1"/><c r="M89"/><c r="N6" i="1" s="1"/><c r="J5" i="4" s="1"/><c r="R7" i="1"/><c r="G4" i="9"/><c r="J4" s="1"/><c r="K4" s="1"/><c r="D24"/><c r="D18"/><c r="D14"/><c r="D8"/><c r="D23"/><c r="D19"/><c r="D15"/><c r="D11"/><c r="D7"/><c r="D22"/><c r="G23"/><c r="G19"/><c r="G15"/><c r="G11"/><c r="G7"/><c r="G24"/><c r="G20"/><c r="G16"/><c r="G12"/><c r="G8"/><c r="C23"/><c r="B23" s="1"/><c r="A23" s="1"/><c r="C19"/><c r="B19" s="1"/><c r="A19" s="1"/><c r="C15"/><c r="B15" s="1"/><c r="A15" s="1"/><c r="C11"/><c r="B11" s="1"/><c r="A11" s="1"/><c r="C7"/><c r="B7" s="1"/><c r="A7" s="1"/><c r="C24"/><c r="C20"/><c r="C16"/><c r="B16" s="1"/><c r="A16" s="1"/><c r="C12"/><c r="C8"/><c r="I23"/><c r="J23" s="1"/><c r="K23" s="1"/><c r="I19"/><c r="J19" s="1"/><c r="K19" s="1"/><c r="I15"/><c r="J15" s="1"/><c r="K15" s="1"/><c r="I11"/><c r="J11" s="1"/><c r="K11" s="1"/><c r="I7"/><c r="J7" s="1"/><c r="K7" s="1"/><c r="I24"/><c r="J24" s="1"/><c r="K24" s="1"/><c r="I20"/><c r="J20" s="1"/><c r="K20" s="1"/><c r="I16"/><c r="J16" s="1"/><c r="K16" s="1"/><c r="I12"/><c r="J12" s="1"/><c r="K12" s="1"/><c r="I8"/><c r="J8" s="1"/><c r="K8" s="1"/><c r="C4"/><c r="B4" s="1"/><c r="A4" s="1"/><c r="N18" i="1"/><c r="R18"/><c r="N20"/><c r="B13" i="9"/><c r="A13" s="1"/><c r="D1" i="1"/><c r="D1" i="4"/><c r="H37" i="2" l="1"/><c r="N37" s="1"/><c r="I36"/><c r="M36"/><c r="D36"/><c r="G36"/><c r="B14" i="9"/><c r="A14" s="1"/><c r="J18"/><c r="K18" s="1"/><c r="J21"/><c r="K21" s="1"/><c r="B9"/><c r="A9" s="1"/><c r="J14"/><c r="K14" s="1"/><c r="B17"/><c r="A17" s="1"/><c r="J5"/><c r="K5" s="1"/><c r="C36" i="2"/><c r="L36"/><c r="C94"/><c r="I94" s="1"/><c r="E36"/><c r="J36"/><c r="N36"/><c r="J22" i="9"/><c r="K22" s="1"/><c r="B18"/><c r="A18" s="1"/><c r="J17"/><c r="K17" s="1"/><c r="H35" i="2"/><c r="N35" s="1"/><c r="F36"/><c r="K36"/><c r="B24" i="9"/><c r="A24" s="1"/><c r="B22"/><c r="A22" s="1"/><c r="B10"/><c r="A10" s="1"/><c r="B12"/><c r="A12" s="1"/><c r="B8"/><c r="A8" s="1"/><c r="J9"/><c r="K9" s="1"/><c r="J10"/><c r="K10" s="1"/><c r="J13"/><c r="K13" s="1"/><c r="B20"/><c r="A20" s="1"/><c r="D2"/><c r="D32"/><c r="N7" i="1"/><c r="K5" i="4" s="1"/><c r="L37" i="2"/><c r="G2" i="6"/><c r="F3" i="7"/><c r="G2" i="5"/><c r="D27" s="1"/><c r="K8" i="4"/><c r="E160" i="2"/><c r="H42" i="5" s="1"/><c r="B2" i="1"/><c r="B31" i="9" s="1"/><c r="H129" i="2"/><c r="K77"/><c r="L99" s="1"/><c r="C37" l="1"/><c r="G37"/><c r="H38"/><c r="N38" s="1"/><c r="D37"/><c r="I37"/><c r="M37"/><c r="B37"/><c r="E37"/><c r="J37"/><c r="C95"/><c r="I95" s="1"/><c r="F37"/><c r="K37"/><c r="B35"/><c r="C93"/><c r="I93" s="1"/><c r="C35"/><c r="E35"/><c r="G35"/><c r="J35"/><c r="L35"/><c r="H34"/><c r="N34" s="1"/><c r="D35"/><c r="F35"/><c r="I35"/><c r="K35"/><c r="M35"/><c r="H41" i="5"/><c r="H40" s="1"/><c r="H39" s="1"/><c r="H38" s="1"/><c r="H37" s="1"/><c r="H36" s="1"/><c r="H35" s="1"/><c r="H34" s="1"/><c r="H33" s="1"/><c r="H32" s="1"/><c r="H43"/><c r="H44" s="1"/><c r="H45" s="1"/><c r="H46" s="1"/><c r="H47" s="1"/><c r="H48" s="1"/><c r="H49" s="1"/><c r="H50" s="1"/><c r="H51" s="1"/><c r="H52" s="1"/><c r="E3" i="7"/><c r="B1" i="9"/><c r="M38" i="2"/><c r="L34"/><c r="G38"/><c r="C38"/><c r="H39"/><c r="N39" s="1"/><c r="B13" i="7"/><c r="P13"/><c r="E2" i="6"/><c r="E2" i="5"/><c r="C27" s="1"/><c r="E161" i="2"/><c r="P14" i="7" s="1"/><c r="E159" i="2"/><c r="P12" i="7" s="1"/><c r="B13" i="5"/><c r="B13" i="6"/><c r="H130" i="2"/><c r="H128"/><c r="K76"/><c r="K78"/><c r="L100" s="1"/><c r="D38" l="1"/><c r="I38"/><c r="B38"/><c r="E38"/><c r="J38"/><c r="C96"/><c r="I96" s="1"/><c r="F38"/><c r="K38"/><c r="L38"/><c r="E34"/><c r="H33"/><c r="N33" s="1"/><c r="C34"/><c r="G34"/><c r="C92"/><c r="I92" s="1"/><c r="B34"/><c r="D34"/><c r="J34"/><c r="F34"/><c r="I34"/><c r="K34"/><c r="M34"/><c r="L33"/><c r="M33"/><c r="L39"/><c r="M39"/><c r="J33"/><c r="K33"/><c r="J39"/><c r="K39"/><c r="G39"/><c r="I39"/><c r="E39"/><c r="F39"/><c r="C39"/><c r="D39"/><c r="B33"/><c r="B39"/><c r="L98"/><c r="K75"/><c r="K74" s="1"/><c r="C91"/><c r="I91" s="1"/><c r="H32"/><c r="N32" s="1"/><c r="C97"/><c r="I97" s="1"/><c r="H40"/><c r="N40" s="1"/><c r="E162"/><c r="P15" i="7" s="1"/><c r="B14"/><c r="E158" i="2"/><c r="P11" i="7" s="1"/><c r="B12"/><c r="B12" i="5"/><c r="B12" i="6"/><c r="B14" i="5"/><c r="B14" i="6"/><c r="H131" i="2"/><c r="H127"/><c r="K79"/><c r="F33" l="1"/><c r="E33"/><c r="C33"/><c r="G33"/><c r="D33"/><c r="I33"/><c r="L97"/><c r="L40"/><c r="M40"/><c r="L32"/><c r="M32"/><c r="J40"/><c r="K40"/><c r="J32"/><c r="K32"/><c r="G40"/><c r="I40"/><c r="G32"/><c r="I32"/><c r="E40"/><c r="F40"/><c r="E32"/><c r="F32"/><c r="C32"/><c r="D32"/><c r="C40"/><c r="D40"/><c r="B40"/><c r="B32"/><c r="L101"/><c r="K80"/><c r="C98"/><c r="I98" s="1"/><c r="H41"/><c r="N41" s="1"/><c r="C90"/><c r="I90" s="1"/><c r="H31"/><c r="N31" s="1"/><c r="E157"/><c r="P10" i="7" s="1"/><c r="B11"/><c r="E163" i="2"/><c r="P16" i="7" s="1"/><c r="B15"/><c r="B11" i="5"/><c r="B11" i="6"/><c r="B15" i="5"/><c r="B15" i="6"/><c r="H126" i="2"/><c r="H132"/><c r="L96"/><c r="L102"/><c r="L31" l="1"/><c r="M31"/><c r="L41"/><c r="M41"/><c r="J31"/><c r="K31"/><c r="J41"/><c r="K41"/><c r="G31"/><c r="I31"/><c r="G41"/><c r="I41"/><c r="E31"/><c r="F31"/><c r="E41"/><c r="F41"/><c r="C41"/><c r="D41"/><c r="C31"/><c r="D31"/><c r="B41"/><c r="B31"/><c r="C99"/><c r="I99" s="1"/><c r="H42"/><c r="N42" s="1"/><c r="C89"/><c r="I89" s="1"/><c r="H30"/><c r="N30" s="1"/><c r="E164"/><c r="P17" i="7" s="1"/><c r="B16"/><c r="E156" i="2"/><c r="P9" i="7" s="1"/><c r="B10"/><c r="B10" i="5"/><c r="B10" i="6"/><c r="B16" i="5"/><c r="B16" i="6"/><c r="H125" i="2"/><c r="H133"/><c r="G221"/><c r="G222"/><c r="G223"/><c r="G224"/><c r="G225"/><c r="F1"/><c r="D44" i="9" l="1"/><c r="G44"/><c r="C44"/><c r="I44"/><c r="I45"/><c r="G45"/><c r="C45"/><c r="D45"/><c r="I43"/><c r="G43"/><c r="C43"/><c r="D43"/><c r="L30" i="2"/><c r="M30"/><c r="L42"/><c r="M42"/><c r="J30"/><c r="K30"/><c r="J42"/><c r="K42"/><c r="G42"/><c r="I42"/><c r="G30"/><c r="I30"/><c r="E30"/><c r="F30"/><c r="E42"/><c r="F42"/><c r="C42"/><c r="D42"/><c r="C30"/><c r="D30"/><c r="B30"/><c r="B42"/><c r="C88"/><c r="I88" s="1"/><c r="H29"/><c r="N29" s="1"/><c r="C100"/><c r="I100" s="1"/><c r="H43"/><c r="N43" s="1"/><c r="E155"/><c r="P8" i="7" s="1"/><c r="B9"/><c r="E165" i="2"/><c r="P18" i="7" s="1"/><c r="B17"/><c r="B17" i="5"/><c r="B17" i="6"/><c r="B9" i="5"/><c r="B9" i="6"/><c r="H124" i="2"/><c r="H134"/><c r="B44" i="9" l="1"/><c r="A44" s="1"/><c r="J44"/><c r="K44" s="1"/><c r="B45"/><c r="A45" s="1"/><c r="J45"/><c r="K45" s="1"/><c r="G46"/><c r="I46"/><c r="D46"/><c r="C46"/><c r="B43"/><c r="A43" s="1"/><c r="J43"/><c r="K43" s="1"/><c r="G42"/><c r="I42"/><c r="D42"/><c r="C42"/><c r="L29" i="2"/><c r="M29"/><c r="L43"/><c r="M43"/><c r="J43"/><c r="K43"/><c r="J29"/><c r="K29"/><c r="G43"/><c r="I43"/><c r="G29"/><c r="I29"/><c r="E29"/><c r="F29"/><c r="E43"/><c r="F43"/><c r="C29"/><c r="D29"/><c r="C43"/><c r="D43"/><c r="B43"/><c r="B29"/><c r="C101"/><c r="I101" s="1"/><c r="H44"/><c r="N44" s="1"/><c r="C87"/><c r="I87" s="1"/><c r="H28"/><c r="N28" s="1"/><c r="E166"/><c r="P19" i="7" s="1"/><c r="B18"/><c r="E154" i="2"/><c r="P7" i="7" s="1"/><c r="B8"/><c r="Q18" i="1"/><c r="S18" s="1"/><c r="R1" i="6"/><c r="P1"/><c r="I1"/><c r="B18" i="5"/><c r="B18" i="6"/><c r="B8" i="5"/><c r="B8" i="6"/><c r="B46" i="9" l="1"/><c r="A46" s="1"/><c r="J46"/><c r="K46" s="1"/><c r="I47"/><c r="G47"/><c r="C47"/><c r="D47"/><c r="I41"/><c r="G41"/><c r="C41"/><c r="D41"/><c r="B42"/><c r="A42" s="1"/><c r="J42"/><c r="K42" s="1"/><c r="L28" i="2"/><c r="M28"/><c r="L44"/><c r="M44"/><c r="J28"/><c r="K28"/><c r="J44"/><c r="K44"/><c r="G44"/><c r="I44"/><c r="G28"/><c r="I28"/><c r="E44"/><c r="F44"/><c r="E28"/><c r="F28"/><c r="C44"/><c r="D44"/><c r="C28"/><c r="D28"/><c r="B28"/><c r="B44"/><c r="C86"/><c r="I86" s="1"/><c r="H27"/><c r="N27" s="1"/><c r="C102"/><c r="I102" s="1"/><c r="H45"/><c r="N45" s="1"/><c r="E153"/><c r="P6" i="7" s="1"/><c r="B7"/><c r="E167" i="2"/><c r="P20" i="7" s="1"/><c r="B19"/><c r="B7" i="5"/><c r="B7" i="6"/><c r="B19" i="5"/><c r="B19" i="6"/><c r="B47" i="9" l="1"/><c r="A47" s="1"/><c r="J47"/><c r="K47" s="1"/><c r="G48"/><c r="I48"/><c r="D48"/><c r="C48"/><c r="B41"/><c r="A41" s="1"/><c r="J41"/><c r="K41" s="1"/><c r="G40"/><c r="I40"/><c r="D40"/><c r="C40"/><c r="L45" i="2"/><c r="M45"/><c r="L27"/><c r="M27"/><c r="J45"/><c r="K45"/><c r="J27"/><c r="K27"/><c r="G45"/><c r="I45"/><c r="G27"/><c r="I27"/><c r="E27"/><c r="F27"/><c r="E45"/><c r="F45"/><c r="C27"/><c r="D27"/><c r="C45"/><c r="D45"/><c r="B45"/><c r="B27"/><c r="C103"/><c r="I103" s="1"/><c r="H46"/><c r="N46" s="1"/><c r="C85"/><c r="I85" s="1"/><c r="H26"/><c r="N26" s="1"/><c r="E168"/><c r="P21" i="7" s="1"/><c r="B20"/><c r="E152" i="2"/><c r="P5" i="7" s="1"/><c r="B6"/><c r="B20" i="5"/><c r="B20" i="6"/><c r="B6" i="5"/><c r="B6" i="6"/><c r="B40" i="9" l="1"/><c r="A40" s="1"/><c r="J40"/><c r="K40" s="1"/><c r="I49"/><c r="G49"/><c r="C49"/><c r="D49"/><c r="B48"/><c r="A48" s="1"/><c r="J48"/><c r="K48" s="1"/><c r="I39"/><c r="G39"/><c r="C39"/><c r="D39"/><c r="L46" i="2"/><c r="M46"/><c r="L26"/><c r="M26"/><c r="J26"/><c r="K26"/><c r="J46"/><c r="K46"/><c r="G46"/><c r="I46"/><c r="G26"/><c r="I26"/><c r="E46"/><c r="F46"/><c r="E26"/><c r="F26"/><c r="C46"/><c r="D46"/><c r="C26"/><c r="D26"/><c r="B26"/><c r="B46"/><c r="C84"/><c r="I84" s="1"/><c r="H25"/><c r="N25" s="1"/><c r="C104"/><c r="I104" s="1"/><c r="H47"/><c r="N47" s="1"/><c r="E151"/><c r="P4" i="7" s="1"/><c r="B5"/><c r="E169" i="2"/><c r="P22" i="7" s="1"/><c r="B21"/><c r="B5" i="5"/><c r="B5" i="6"/><c r="B21" i="5"/><c r="B21" i="6"/><c r="B49" i="9" l="1"/><c r="A49" s="1"/><c r="J49"/><c r="K49" s="1"/><c r="G50"/><c r="I50"/><c r="D50"/><c r="C50"/><c r="B39"/><c r="A39" s="1"/><c r="J39"/><c r="K39" s="1"/><c r="G38"/><c r="I38"/><c r="D38"/><c r="C38"/><c r="L25" i="2"/><c r="M25"/><c r="L47"/><c r="M47"/><c r="J47"/><c r="K47"/><c r="J25"/><c r="K25"/><c r="G25"/><c r="I25"/><c r="G47"/><c r="I47"/><c r="E25"/><c r="F25"/><c r="E47"/><c r="F47"/><c r="C25"/><c r="D25"/><c r="C47"/><c r="D47"/><c r="B47"/><c r="B25"/><c r="C105"/><c r="I105" s="1"/><c r="H48"/><c r="N48" s="1"/><c r="C83"/><c r="I83" s="1"/><c r="H24"/><c r="N24" s="1"/><c r="E170"/><c r="B22" i="7"/><c r="E150" i="2"/><c r="P3" i="7" s="1"/><c r="B4"/><c r="B22" i="5"/><c r="B22" i="6"/><c r="B4" i="5"/><c r="B4" i="6"/><c r="B50" i="9" l="1"/><c r="A50" s="1"/><c r="J50"/><c r="K50" s="1"/><c r="I51"/><c r="G51"/><c r="C51"/><c r="D51"/><c r="I37"/><c r="G37"/><c r="C37"/><c r="D37"/><c r="B38"/><c r="A38" s="1"/><c r="J38"/><c r="K38" s="1"/><c r="L24" i="2"/><c r="M24"/><c r="L48"/><c r="M48"/><c r="J24"/><c r="K24"/><c r="J48"/><c r="K48"/><c r="G24"/><c r="I24"/><c r="G48"/><c r="I48"/><c r="E48"/><c r="F48"/><c r="E24"/><c r="F24"/><c r="C48"/><c r="D48"/><c r="C24"/><c r="D24"/><c r="B24"/><c r="B48"/><c r="C82"/><c r="I82" s="1"/><c r="H23"/><c r="N23" s="1"/><c r="C106"/><c r="I106" s="1"/><c r="H49"/><c r="N49" s="1"/><c r="B3" i="7"/><c r="B23"/><c r="P23"/><c r="B3" i="5"/><c r="B3" i="6"/><c r="B23" i="5"/><c r="B23" i="6"/><c r="J51" i="9" l="1"/><c r="K51" s="1"/><c r="B51"/><c r="A51" s="1"/><c r="G52"/><c r="I52"/><c r="D52"/><c r="C52"/><c r="B37"/><c r="A37" s="1"/><c r="J37"/><c r="K37" s="1"/><c r="G36"/><c r="I36"/><c r="D36"/><c r="C36"/><c r="L23" i="2"/><c r="M23"/><c r="L49"/><c r="M49"/><c r="J49"/><c r="K49"/><c r="J23"/><c r="K23"/><c r="G23"/><c r="I23"/><c r="G49"/><c r="I49"/><c r="E23"/><c r="F23"/><c r="E49"/><c r="F49"/><c r="C23"/><c r="D23"/><c r="C49"/><c r="D49"/><c r="B49"/><c r="B23"/><c r="C107"/><c r="I107" s="1"/><c r="H50"/><c r="N50" s="1"/><c r="C81"/><c r="I81" s="1"/><c r="H22"/><c r="N22" s="1"/><c r="B52" i="9" l="1"/><c r="A52" s="1"/><c r="J52"/><c r="K52" s="1"/><c r="I53"/><c r="G53"/><c r="C53"/><c r="D53"/><c r="I35"/><c r="G35"/><c r="C35"/><c r="D35"/><c r="B36"/><c r="A36" s="1"/><c r="J36"/><c r="K36" s="1"/><c r="L50" i="2"/><c r="M50"/><c r="L22"/><c r="M22"/><c r="J22"/><c r="K22"/><c r="J50"/><c r="K50"/><c r="G50"/><c r="I50"/><c r="G22"/><c r="I22"/><c r="E50"/><c r="F50"/><c r="E22"/><c r="F22"/><c r="C50"/><c r="D50"/><c r="C22"/><c r="D22"/><c r="B22"/><c r="B50"/><c r="C80"/><c r="I80" s="1"/><c r="H21"/><c r="N21" s="1"/><c r="C108"/><c r="I108" s="1"/><c r="H51"/><c r="N51" s="1"/><c r="B53" i="9" l="1"/><c r="A53" s="1"/><c r="J53"/><c r="K53" s="1"/><c r="G54"/><c r="I54"/><c r="D54"/><c r="C54"/><c r="B35"/><c r="A35" s="1"/><c r="J35"/><c r="K35" s="1"/><c r="G34"/><c r="I34"/><c r="D34"/><c r="C34"/><c r="L21" i="2"/><c r="M21"/><c r="L51"/><c r="M51"/><c r="J51"/><c r="K51"/><c r="J21"/><c r="K21"/><c r="G21"/><c r="I21"/><c r="G51"/><c r="I51"/><c r="E21"/><c r="F21"/><c r="E51"/><c r="F51"/><c r="C51"/><c r="D51"/><c r="C21"/><c r="D21"/><c r="B51"/><c r="B21"/><c r="C109"/><c r="I109" s="1"/><c r="H52"/><c r="N52" s="1"/><c r="C79"/><c r="I79" s="1"/><c r="H20"/><c r="N20" s="1"/><c r="J54" i="9" l="1"/><c r="K54" s="1"/><c r="B34"/><c r="A34" s="1"/><c r="J34"/><c r="K34" s="1"/><c r="B54"/><c r="A54" s="1"/><c r="L52" i="2"/><c r="M52"/><c r="L20"/><c r="M20"/><c r="J52"/><c r="K52"/><c r="J20"/><c r="K20"/><c r="G52"/><c r="I52"/><c r="G20"/><c r="I20"/><c r="E20"/><c r="F20"/><c r="E52"/><c r="F52"/><c r="C20"/><c r="D20"/><c r="C52"/><c r="D52"/><c r="B20"/><c r="B52"/><c r="C78"/><c r="I78" s="1"/><c r="H19"/><c r="N19" s="1"/><c r="C110"/><c r="I110" s="1"/><c r="H53"/><c r="N53" s="1"/><c r="L19" l="1"/><c r="M19"/><c r="L53"/><c r="M53"/><c r="J19"/><c r="K19"/><c r="J53"/><c r="K53"/><c r="G19"/><c r="I19"/><c r="G53"/><c r="I53"/><c r="E19"/><c r="F19"/><c r="E53"/><c r="F53"/><c r="C53"/><c r="D53"/><c r="C19"/><c r="D19"/><c r="B53"/><c r="B19"/><c r="C111"/><c r="I111" s="1"/><c r="H54"/><c r="N54" s="1"/><c r="C77"/><c r="I77" s="1"/><c r="H18"/><c r="N18" s="1"/><c r="L54" l="1"/><c r="M54"/><c r="L18"/><c r="M18"/><c r="J54"/><c r="K54"/><c r="J18"/><c r="K18"/><c r="G18"/><c r="I18"/><c r="G54"/><c r="I54"/><c r="E18"/><c r="F18"/><c r="E54"/><c r="F54"/><c r="C18"/><c r="D18"/><c r="C54"/><c r="D54"/><c r="B18"/><c r="B54"/><c r="C112"/><c r="I112" s="1"/><c r="H55"/><c r="N55" s="1"/><c r="C76"/><c r="I76" s="1"/><c r="H17"/><c r="N17" s="1"/><c r="L55" l="1"/><c r="M55"/><c r="L17"/><c r="M17"/><c r="J17"/><c r="K17"/><c r="J55"/><c r="K55"/><c r="G55"/><c r="I55"/><c r="G17"/><c r="I17"/><c r="E17"/><c r="F17"/><c r="E55"/><c r="F55"/><c r="C17"/><c r="D17"/><c r="C55"/><c r="D55"/><c r="B55"/><c r="B17"/><c r="C75"/><c r="H16"/><c r="N16" s="1"/><c r="C113"/><c r="H56"/><c r="N56" s="1"/><c r="L16" l="1"/><c r="M16"/><c r="L56"/><c r="M56"/><c r="J16"/><c r="K16"/><c r="J56"/><c r="K56"/><c r="G16"/><c r="I16"/><c r="G56"/><c r="I56"/><c r="E16"/><c r="F16"/><c r="E56"/><c r="F56"/><c r="C16"/><c r="D16"/><c r="C56"/><c r="D56"/><c r="B56"/><c r="B16"/><c r="I113"/><c r="E113"/><c r="D113"/><c r="I75"/><c r="D75"/><c r="E75"/><c r="C114"/><c r="H57"/><c r="N57" s="1"/><c r="H15"/><c r="N15" s="1"/><c r="C74"/><c r="E79"/><c r="E85"/><c r="E89"/><c r="E93"/><c r="E111"/><c r="E107"/><c r="E103"/><c r="E99"/><c r="E91"/><c r="D110"/><c r="D106"/><c r="D102"/><c r="D98"/><c r="D94"/><c r="D80"/><c r="D84"/><c r="D88"/><c r="D95"/><c r="E76"/><c r="E78"/><c r="E80"/><c r="E82"/><c r="E84"/><c r="E86"/><c r="E88"/><c r="E90"/><c r="E95"/><c r="E112"/><c r="E110"/><c r="E108"/><c r="E106"/><c r="E104"/><c r="E102"/><c r="E100"/><c r="E98"/><c r="E92"/><c r="E94"/><c r="D111"/><c r="D109"/><c r="D107"/><c r="D105"/><c r="D103"/><c r="D101"/><c r="D99"/><c r="D97"/><c r="D91"/><c r="D77"/><c r="D79"/><c r="D81"/><c r="D83"/><c r="D85"/><c r="D87"/><c r="D89"/><c r="D96"/><c r="D93"/><c r="E77"/><c r="E81"/><c r="E83"/><c r="E87"/><c r="E96"/><c r="E109"/><c r="E105"/><c r="E101"/><c r="E97"/><c r="D112"/><c r="D108"/><c r="D104"/><c r="D100"/><c r="D92"/><c r="D76"/><c r="D78"/><c r="D82"/><c r="D86"/><c r="D90"/><c r="L57" l="1"/><c r="M57"/><c r="L15"/><c r="M15"/><c r="J15"/><c r="K15"/><c r="J57"/><c r="K57"/><c r="G15"/><c r="I15"/><c r="G57"/><c r="I57"/><c r="E57"/><c r="F57"/><c r="E15"/><c r="F15"/><c r="C15"/><c r="D15"/><c r="C57"/><c r="D57"/><c r="B15"/><c r="B57"/><c r="D114"/><c r="E114"/><c r="G114" s="1"/><c r="H14"/><c r="N14" s="1"/><c r="I114"/><c r="I74"/><c r="D74"/><c r="F74" s="1"/><c r="E74"/><c r="H58"/><c r="N58" s="1"/><c r="G84" l="1"/><c r="L14"/><c r="M14"/><c r="G77"/><c r="L58"/><c r="M58"/><c r="G78"/><c r="G81"/><c r="J58"/><c r="K58"/><c r="J14"/><c r="K14"/><c r="G85"/><c r="G108"/><c r="G103"/><c r="G106"/><c r="G113"/><c r="G107"/><c r="G86"/><c r="G100"/><c r="G96"/><c r="G89"/><c r="G76"/><c r="G95"/><c r="G98"/><c r="G101"/><c r="G58"/><c r="I58"/><c r="G75"/><c r="G93"/><c r="G99"/><c r="G82"/><c r="G90"/><c r="G104"/><c r="G92"/><c r="G83"/><c r="G79"/><c r="G111"/><c r="G91"/><c r="G80"/><c r="G88"/><c r="G110"/><c r="G102"/><c r="G94"/><c r="G87"/><c r="G14"/><c r="I14"/><c r="E58"/><c r="F58"/><c r="E14"/><c r="F14"/><c r="C58"/><c r="D58"/><c r="C14"/><c r="D14"/><c r="B58"/><c r="B14"/><c r="G105"/><c r="G109"/><c r="G97"/><c r="G112"/><c r="F94"/><c r="F91"/><c r="H91" s="1"/><c r="F92"/><c r="F97"/><c r="F98"/><c r="F99"/><c r="H99" s="1"/><c r="F100"/><c r="H100" s="1"/><c r="F101"/><c r="F102"/><c r="F103"/><c r="H103" s="1"/><c r="F104"/><c r="F105"/><c r="F106"/><c r="F107"/><c r="F108"/><c r="F109"/><c r="F110"/><c r="F111"/><c r="F112"/><c r="F93"/><c r="F95"/><c r="F96"/><c r="F90"/><c r="F89"/><c r="F88"/><c r="F87"/><c r="F86"/><c r="F85"/><c r="H85" s="1"/><c r="F84"/><c r="F83"/><c r="F82"/><c r="F81"/><c r="F80"/><c r="F79"/><c r="F78"/><c r="F77"/><c r="F76"/><c r="F75"/><c r="F113"/><c r="H13"/><c r="N13" s="1"/><c r="F114"/><c r="H114" s="1"/><c r="H59"/><c r="N59" s="1"/><c r="H87" l="1"/><c r="H96"/><c r="H95"/><c r="H106"/><c r="H108"/><c r="H82"/><c r="H75"/><c r="H109"/><c r="H79"/><c r="H110"/><c r="H80"/><c r="H94"/><c r="H104"/><c r="H77"/><c r="H81"/><c r="H89"/><c r="H107"/><c r="H101"/><c r="H83"/><c r="H93"/><c r="H111"/><c r="H113"/><c r="H76"/><c r="H78"/><c r="H84"/><c r="H86"/><c r="H88"/><c r="H90"/><c r="H102"/><c r="H98"/><c r="H92"/><c r="L59"/><c r="M59"/><c r="L13"/><c r="M13"/><c r="J59"/><c r="K59"/><c r="J13"/><c r="K13"/><c r="G59"/><c r="I59"/><c r="G13"/><c r="I13"/><c r="E13"/><c r="F13"/><c r="E59"/><c r="F59"/><c r="C59"/><c r="D59"/><c r="C13"/><c r="D13"/><c r="B59"/><c r="B13"/><c r="H105"/><c r="H97"/><c r="H112"/><c r="H60"/><c r="N60" s="1"/><c r="H12"/><c r="N12" s="1"/><c r="L12" l="1"/><c r="M12"/><c r="L60"/><c r="M60"/><c r="J12"/><c r="K12"/><c r="J60"/><c r="K60"/><c r="G12"/><c r="I12"/><c r="G60"/><c r="I60"/><c r="E12"/><c r="F12"/><c r="E60"/><c r="F60"/><c r="C60"/><c r="D60"/><c r="C12"/><c r="D12"/><c r="B60"/><c r="B12"/><c r="H11"/><c r="N11" s="1"/><c r="H61"/><c r="N61" s="1"/><c r="L61" l="1"/><c r="M61"/><c r="L11"/><c r="M11"/><c r="J11"/><c r="K11"/><c r="J61"/><c r="K61"/><c r="G61"/><c r="I61"/><c r="G11"/><c r="I11"/><c r="E11"/><c r="F11"/><c r="E61"/><c r="F61"/><c r="C61"/><c r="D61"/><c r="C11"/><c r="D11"/><c r="B11"/><c r="B61"/><c r="H10"/><c r="N10" s="1"/><c r="H62"/><c r="N62" s="1"/><c r="L62" l="1"/><c r="M62"/><c r="L10"/><c r="M10"/><c r="J62"/><c r="K62"/><c r="J10"/><c r="K10"/><c r="G10"/><c r="I10"/><c r="G62"/><c r="I62"/><c r="E62"/><c r="F62"/><c r="E10"/><c r="F10"/><c r="C62"/><c r="D62"/><c r="C10"/><c r="D10"/><c r="B10"/><c r="B62"/><c r="H9"/><c r="N9" s="1"/><c r="H63"/><c r="N63" s="1"/><c r="L63" l="1"/><c r="M63"/><c r="L9"/><c r="M9"/><c r="J63"/><c r="K63"/><c r="J9"/><c r="K9"/><c r="G63"/><c r="I63"/><c r="G9"/><c r="I9"/><c r="E63"/><c r="F63"/><c r="E9"/><c r="F9"/><c r="C63"/><c r="D63"/><c r="C9"/><c r="D9"/><c r="B9"/><c r="B63"/><c r="H64"/><c r="N64" s="1"/><c r="H8"/><c r="N8" s="1"/><c r="L8" l="1"/><c r="M8"/><c r="L64"/><c r="M64"/><c r="J8"/><c r="K8"/><c r="J64"/><c r="K64"/><c r="G8"/><c r="I8"/><c r="G64"/><c r="I64"/><c r="E8"/><c r="F8"/><c r="E64"/><c r="F64"/><c r="C8"/><c r="D8"/><c r="C64"/><c r="D64"/><c r="B64"/><c r="B8"/><c r="H65"/><c r="N65" s="1"/><c r="H7"/><c r="N7" s="1"/><c r="L65" l="1"/><c r="M65"/><c r="L7"/><c r="M7"/><c r="J7"/><c r="K7"/><c r="J65"/><c r="K65"/><c r="G7"/><c r="I7"/><c r="G65"/><c r="I65"/><c r="E7"/><c r="F7"/><c r="E65"/><c r="F65"/><c r="C7"/><c r="D7"/><c r="C65"/><c r="D65"/><c r="B65"/><c r="B7"/><c r="H66"/><c r="N66" s="1"/><c r="H6"/><c r="B6" l="1"/><c r="L66"/><c r="M66"/><c r="J66"/><c r="K66"/><c r="G66"/><c r="I66"/><c r="E66"/><c r="F66"/><c r="C66"/><c r="D66"/><c r="C6"/><c r="B66"/><c r="M6"/><c r="N6"/><c r="K6"/><c r="L6"/><c r="I6"/><c r="J6"/><c r="F6"/><c r="G6"/><c r="D6"/><c r="E6"/><c r="H67"/><c r="N67" s="1"/><c r="D177"/><c r="D179"/><c r="D181"/><c r="D176"/><c r="D178"/><c r="D180"/><c r="C181"/><c r="D175"/><c r="C179"/><c r="C180"/><c r="C177"/><c r="C178"/><c r="C175"/><c r="C176"/><c r="G74"/><c r="H74" s="1"/><c r="G71" s="1"/><c r="M77"/><c r="L76"/><c r="M76"/><c r="M75"/><c r="L79"/><c r="M74"/><c r="M80"/><c r="L77"/><c r="M78"/><c r="L78"/><c r="L75"/><c r="M79"/><c r="L74"/><c r="L80"/><c r="I49" i="5" l="1"/><c r="I45"/><c r="I52"/><c r="I48"/><c r="I44"/><c r="I51"/><c r="I47"/><c r="I43"/><c r="I50"/><c r="I46"/><c r="G49"/><c r="G45"/><c r="G52"/><c r="G48"/><c r="G44"/><c r="G51"/><c r="G47"/><c r="G43"/><c r="G50"/><c r="G46"/><c r="I38"/><c r="I34"/><c r="I41"/><c r="I37"/><c r="I33"/><c r="I40"/><c r="I36"/><c r="I32"/><c r="I39"/><c r="I35"/><c r="G38"/><c r="G34"/><c r="G41"/><c r="G37"/><c r="G33"/><c r="G40"/><c r="G36"/><c r="G32"/><c r="G39"/><c r="G35"/><c r="I42"/><c r="G42"/><c r="N14" i="1"/><c r="N17"/><c r="N16"/><c r="N15"/><c r="Q20" i="7"/><c r="Q16"/><c r="Q12"/><c r="Q8"/><c r="Q4"/><c r="Q21"/><c r="Q17"/><c r="Q13"/><c r="Q9"/><c r="Q5"/><c r="Q22"/><c r="Q18"/><c r="Q14"/><c r="Q10"/><c r="Q6"/><c r="Q23"/><c r="Q19"/><c r="Q15"/><c r="Q11"/><c r="Q7"/><c r="Q3"/><c r="O20"/><c r="O16"/><c r="O12"/><c r="O8"/><c r="O4"/><c r="O21"/><c r="O17"/><c r="O13"/><c r="O9"/><c r="O5"/><c r="O22"/><c r="O18"/><c r="O14"/><c r="O10"/><c r="O6"/><c r="O23"/><c r="O19"/><c r="O15"/><c r="O11"/><c r="O7"/><c r="O3"/><c r="L67" i="2"/><c r="M67"/><c r="J67"/><c r="K67"/><c r="G67"/><c r="I67"/><c r="L6" i="1" s="1"/><c r="M6" s="1"/><c r="E67" i="2"/><c r="F67"/><c r="C67"/><c r="D67"/><c r="B67"/><c r="L5" i="1" s="1"/><c r="M5" s="1"/><c r="K96" i="2"/><c r="H170"/><c r="H165"/><c r="H160"/><c r="H155"/><c r="H154"/><c r="H166"/><c r="H161"/><c r="H156"/><c r="H151"/><c r="H167"/><c r="G162"/><c r="G157"/><c r="G152"/><c r="G168"/><c r="G163"/><c r="G158"/><c r="G153"/><c r="G169"/><c r="G164"/><c r="G159"/><c r="G150"/><c r="F170"/><c r="C23" i="6" s="1"/><c r="F165" i="2"/><c r="C18" i="6" s="1"/><c r="F160" i="2"/><c r="C13" i="6" s="1"/><c r="F155" i="2"/><c r="C8" i="6" s="1"/><c r="F154" i="2"/><c r="C7" i="6" s="1"/><c r="F166" i="2"/><c r="C19" i="6" s="1"/><c r="F161" i="2"/><c r="C14" i="6" s="1"/><c r="F156" i="2"/><c r="C9" i="6" s="1"/><c r="F151" i="2"/><c r="C4" i="6" s="1"/><c r="F167" i="2"/><c r="C20" i="6" s="1"/><c r="D162" i="2"/><c r="D157"/><c r="D152"/><c r="D168"/><c r="D163"/><c r="D158"/><c r="D153"/><c r="D169"/><c r="D164"/><c r="D159"/><c r="D150"/><c r="C170"/><c r="C165"/><c r="C160"/><c r="C155"/><c r="C154"/><c r="C166"/><c r="C161"/><c r="C156"/><c r="C151"/><c r="C167"/><c r="B162"/><c r="A15" i="6" s="1"/><c r="B157" i="2"/><c r="A10" i="6" s="1"/><c r="B152" i="2"/><c r="A5" i="6" s="1"/><c r="B168" i="2"/><c r="A21" i="6" s="1"/><c r="B163" i="2"/><c r="A16" i="6" s="1"/><c r="B158" i="2"/><c r="A11" i="6" s="1"/><c r="B153" i="2"/><c r="A6" i="6" s="1"/><c r="B169" i="2"/><c r="A22" i="6" s="1"/><c r="B164" i="2"/><c r="A17" i="6" s="1"/><c r="B159" i="2"/><c r="A12" i="6" s="1"/><c r="B150" i="2"/><c r="A3" i="6" s="1"/><c r="I125" i="2"/><c r="I130"/><c r="I128"/><c r="I129"/><c r="I134"/><c r="I124"/><c r="G133"/><c r="G127"/><c r="G132"/><c r="G126"/><c r="G131"/><c r="M101"/><c r="M100"/><c r="M98"/><c r="K100"/><c r="M96"/><c r="H162"/><c r="H157"/><c r="H152"/><c r="H168"/><c r="H163"/><c r="H158"/><c r="H153"/><c r="H169"/><c r="H164"/><c r="H159"/><c r="H150"/><c r="G170"/><c r="G165"/><c r="G160"/><c r="G155"/><c r="G154"/><c r="G166"/><c r="G161"/><c r="G156"/><c r="G151"/><c r="G167"/><c r="F162"/><c r="C15" i="6" s="1"/><c r="F157" i="2"/><c r="C10" i="6" s="1"/><c r="F152" i="2"/><c r="C5" i="6" s="1"/><c r="F168" i="2"/><c r="C21" i="6" s="1"/><c r="F163" i="2"/><c r="C16" i="6" s="1"/><c r="F158" i="2"/><c r="C11" i="6" s="1"/><c r="F153" i="2"/><c r="C6" i="6" s="1"/><c r="F169" i="2"/><c r="C22" i="6" s="1"/><c r="F164" i="2"/><c r="C17" i="6" s="1"/><c r="F159" i="2"/><c r="C12" i="6" s="1"/><c r="F150" i="2"/><c r="C3" i="6" s="1"/><c r="D170" i="2"/><c r="D165"/><c r="D160"/><c r="D155"/><c r="D154"/><c r="D166"/><c r="D161"/><c r="D156"/><c r="D151"/><c r="D167"/><c r="C162"/><c r="C157"/><c r="C152"/><c r="C168"/><c r="C163"/><c r="C158"/><c r="C153"/><c r="C169"/><c r="C164"/><c r="C159"/><c r="C150"/><c r="B170"/><c r="A23" i="6" s="1"/><c r="B165" i="2"/><c r="A18" i="6" s="1"/><c r="B160" i="2"/><c r="A13" i="6" s="1"/><c r="B155" i="2"/><c r="A8" i="6" s="1"/><c r="B154" i="2"/><c r="A7" i="6" s="1"/><c r="B166" i="2"/><c r="A19" i="6" s="1"/><c r="B161" i="2"/><c r="A14" i="6" s="1"/><c r="B156" i="2"/><c r="A9" i="6" s="1"/><c r="B151" i="2"/><c r="A4" i="6" s="1"/><c r="B167" i="2"/><c r="A20" i="6" s="1"/><c r="I133" i="2"/><c r="I127"/><c r="I132"/><c r="I126"/><c r="I131"/><c r="G125"/><c r="G130"/><c r="G128"/><c r="G129"/><c r="G134"/><c r="G124"/><c r="M102"/><c r="M97"/><c r="M99"/><c r="K102"/><c r="K97"/><c r="K99"/><c r="K101"/><c r="K98"/><c r="E180"/><c r="E177"/><c r="E176"/><c r="E181"/><c r="E175"/><c r="E179"/><c r="E178"/><c r="L81"/><c r="L71" s="1"/><c r="J5" i="1" s="1"/><c r="M81" i="2"/><c r="M71" s="1"/><c r="J6" i="1" s="1"/><c r="Q14" l="1"/><c r="M7"/><c r="Q16"/><c r="C134" i="2"/><c r="L129"/><c r="C128"/><c r="L126"/><c r="C125"/><c r="N127"/><c r="E126"/><c r="N128"/><c r="E127"/><c r="A3" i="5"/><c r="A3" i="7"/><c r="A17" i="5"/><c r="A17" i="7"/><c r="A6" i="5"/><c r="A6" i="7"/><c r="A16" i="5"/><c r="A16" i="7"/><c r="A5" i="5"/><c r="A5" i="7"/><c r="A15" i="5"/><c r="A15" i="7"/><c r="C20" i="5"/><c r="C20" i="7"/><c r="C9" i="5"/><c r="C9" i="7"/><c r="C19" i="5"/><c r="C19" i="7"/><c r="C8" i="5"/><c r="C8" i="7"/><c r="C18" i="5"/><c r="C18" i="7"/><c r="L132" i="2"/><c r="C131"/><c r="L133"/><c r="C132"/><c r="L134"/><c r="C133"/><c r="E134"/><c r="N129"/><c r="E128"/><c r="N126"/><c r="E125"/><c r="A20" i="5"/><c r="A20" i="7"/><c r="A9" i="5"/><c r="A9" i="7"/><c r="A19" i="5"/><c r="A19" i="7"/><c r="A8" i="5"/><c r="A8" i="7"/><c r="A18" i="5"/><c r="A18" i="7"/><c r="C12"/><c r="C12" i="5"/><c r="C22" i="7"/><c r="C22" i="5"/><c r="C11" i="7"/><c r="C11" i="5"/><c r="C21" i="7"/><c r="C21" i="5"/><c r="C10" i="7"/><c r="C10" i="5"/><c r="L125" i="2"/><c r="C124"/><c r="L130"/><c r="C129"/><c r="L131"/><c r="C130"/><c r="N132"/><c r="E131"/><c r="E132"/><c r="N133"/><c r="E133"/><c r="N134"/><c r="A12" i="5"/><c r="A12" i="7"/><c r="A22" i="5"/><c r="A22" i="7"/><c r="A11" i="5"/><c r="A11" i="7"/><c r="A21" i="5"/><c r="A21" i="7"/><c r="A10" i="5"/><c r="A10" i="7"/><c r="C4" i="5"/><c r="C4" i="7"/><c r="C14" i="5"/><c r="C14" i="7"/><c r="C7" i="5"/><c r="C7" i="7"/><c r="C13" i="5"/><c r="C13" i="7"/><c r="C23" i="5"/><c r="C23" i="7"/><c r="L127" i="2"/><c r="C126"/><c r="L128"/><c r="C127"/><c r="N125"/><c r="E124"/><c r="N130"/><c r="E129"/><c r="N131"/><c r="E130"/><c r="A4" i="5"/><c r="A4" i="7"/><c r="A14" i="5"/><c r="A14" i="7"/><c r="A7" i="5"/><c r="A7" i="7"/><c r="A13" i="5"/><c r="A13" i="7"/><c r="A23" i="5"/><c r="A23" i="7"/><c r="C3" i="5"/><c r="C3" i="7"/><c r="C17"/><c r="C17" i="5"/><c r="C6" i="7"/><c r="C6" i="5"/><c r="C16" i="7"/><c r="C16" i="5"/><c r="C5" i="7"/><c r="C5" i="5"/><c r="C15" i="7"/><c r="C15" i="5"/><c r="M104" i="2"/><c r="R6" i="1" s="1"/><c r="F180" i="2"/><c r="F179"/><c r="R16" i="1" l="1"/><c r="S16" s="1"/><c r="R14"/><c r="S14" s="1"/><c r="E136" i="2"/><c r="D136" s="1"/><c r="C136"/><c r="B136" s="1"/><c r="N136"/><c r="M136" s="1"/><c r="L136"/><c r="K136" s="1"/><c r="F181"/><c r="F2" i="7" s="1"/><c r="F182" i="2"/><c r="M2" i="7" s="1"/><c r="S22" i="1" l="1"/><c r="C139" i="2"/><c r="E137"/><c r="C140" s="1"/><c r="N137"/><c r="E140"/><c r="L140"/><c r="N140"/><c r="E139"/><c r="L139"/><c r="N139"/><c r="S2" i="1"/><c r="Q2" i="5" s="1"/><c r="Q27" s="1"/><c r="K2" i="4"/><c r="L142" i="2" l="1"/><c r="L143" s="1"/><c r="N143" s="1"/><c r="C142"/><c r="C144" s="1"/><c r="E144" s="1"/><c r="N141"/><c r="E141"/><c r="Q2" i="6"/><c r="N3" i="7"/><c r="L144" i="2" l="1"/><c r="N144" s="1"/><c r="C143"/><c r="E143" l="1"/><c r="E145" s="1"/><c r="N145"/><c r="I5" i="4"/><c r="O1" i="6"/><c r="M125" i="2"/><c r="M133"/><c r="M128"/><c r="M132"/><c r="M131"/><c r="M130"/><c r="M134"/><c r="M127"/><c r="M126"/><c r="M129"/><c r="D124"/><c r="D129"/><c r="D127"/><c r="D126"/><c r="D128"/><c r="D132"/><c r="D130"/><c r="D133"/><c r="D125"/><c r="D131"/><c r="D134"/><c r="M86"/><c r="E6" i="1" s="1"/><c r="I1" i="9" l="1"/><c r="I31"/><c r="C6" i="1"/><c r="F6"/><c r="I4" i="4"/><c r="H1" i="6"/><c r="K125" i="2"/><c r="K128"/><c r="K127"/><c r="K126"/><c r="K129"/><c r="K134"/><c r="K133"/><c r="K132"/><c r="K131"/><c r="K130"/><c r="B124"/><c r="B126"/><c r="B128"/><c r="B129"/><c r="B131"/><c r="B132"/><c r="B125"/><c r="B127"/><c r="B130"/><c r="B133"/><c r="B134"/><c r="M85"/><c r="K104"/><c r="R5" i="1" s="1"/><c r="P1" i="5"/><c r="N26" s="1"/><c r="C5" i="4"/><c r="H1" i="9" l="1"/><c r="H31"/><c r="M1" i="7"/><c r="D6" i="1"/><c r="H6"/><c r="E182" i="2"/><c r="F178" s="1"/><c r="H3" i="1" s="1"/><c r="E4" i="4" s="1"/><c r="E5" i="1"/><c r="B5" i="4"/><c r="L1" i="7"/><c r="O1" i="5"/><c r="M26" s="1"/><c r="E31" i="9" l="1"/><c r="E7" i="1"/><c r="E1" i="9"/><c r="C5" i="1"/><c r="F5"/><c r="F1" i="7"/><c r="C4" i="4"/><c r="I1" i="5"/><c r="F26" s="1"/><c r="D1" i="9" l="1"/><c r="D31"/><c r="F7" i="1"/><c r="D5"/><c r="D7" s="1"/><c r="H5"/><c r="M23"/><c r="E22"/><c r="D22"/><c r="D5" i="4"/><c r="N23" i="1"/><c r="F22"/><c r="D23"/><c r="L22"/><c r="N22"/><c r="M22"/><c r="E23"/><c r="F23"/><c r="L23"/><c r="R1" i="5"/><c r="Q26" s="1"/><c r="H2" i="7"/><c r="E1"/><c r="H1" i="5"/><c r="E26" s="1"/><c r="B4" i="4"/><c r="O23" i="1" l="1"/><c r="G23"/><c r="V1" i="3"/><c r="M92" i="2" s="1"/><c r="P6" i="1" s="1"/><c r="P7" s="1"/><c r="A3" i="8"/><c r="B3"/><c r="C3"/><c r="D3"/><c r="E3"/><c r="F3"/><c r="G3"/><c r="H3"/><c r="I3"/><c r="J3"/><c r="K3"/><c r="L3"/><c r="M3"/><c r="N3"/><c r="O3"/><c r="P3"/><c r="Q3"/><c r="R3"/><c r="S3"/><c r="T3"/><c r="U3"/><c r="C4"/><c r="D4"/><c r="E4"/><c r="F4"/><c r="G4"/><c r="I4"/><c r="J4"/><c r="K4"/><c r="L4"/><c r="R4"/><c r="S4"/><c r="T4"/><c r="A5"/><c r="B5"/><c r="C5"/><c r="D5"/><c r="E5"/><c r="F5"/><c r="G5"/><c r="H5"/><c r="I5"/><c r="J5"/><c r="K5"/><c r="L5"/><c r="M5"/><c r="N5"/><c r="O5"/><c r="P5"/><c r="Q5"/><c r="R5"/><c r="S5"/><c r="T5"/><c r="U5"/><c r="C6"/><c r="D6"/><c r="E6"/><c r="F6"/><c r="G6"/><c r="I6"/><c r="J6"/><c r="K6"/><c r="L6"/><c r="R6"/><c r="S6"/><c r="T6"/><c r="A7"/><c r="B7"/><c r="C7"/><c r="D7"/><c r="E7"/><c r="F7"/><c r="G7"/><c r="H7"/><c r="I7"/><c r="J7"/><c r="K7"/><c r="L7"/><c r="M7"/><c r="N7"/><c r="O7"/><c r="P7"/><c r="Q7"/><c r="R7"/><c r="S7"/><c r="T7"/><c r="U7"/><c r="C8"/><c r="D8"/><c r="E8"/><c r="F8"/><c r="G8"/><c r="I8"/><c r="J8"/><c r="K8"/><c r="L8"/><c r="R8"/><c r="S8"/><c r="T8"/><c r="A9"/><c r="B9"/><c r="C9"/><c r="D9"/><c r="E9"/><c r="F9"/><c r="G9"/><c r="H9"/><c r="I9"/><c r="J9"/><c r="K9"/><c r="L9"/><c r="M9"/><c r="N9"/><c r="O9"/><c r="P9"/><c r="Q9"/><c r="R9"/><c r="S9"/><c r="T9"/><c r="U9"/><c r="C10"/><c r="D10"/><c r="E10"/><c r="F10"/><c r="G10"/><c r="I10"/><c r="J10"/><c r="K10"/><c r="L10"/><c r="R10"/><c r="S10"/><c r="T10"/><c r="A11"/><c r="B11"/><c r="C11"/><c r="D11"/><c r="E11"/><c r="F11"/><c r="G11"/><c r="H11"/><c r="I11"/><c r="J11"/><c r="K11"/><c r="L11"/><c r="M11"/><c r="N11"/><c r="O11"/><c r="P11"/><c r="Q11"/><c r="R11"/><c r="S11"/><c r="T11"/><c r="U11"/><c r="C12"/><c r="D12"/><c r="E12"/><c r="F12"/><c r="G12"/><c r="I12"/><c r="J12"/><c r="K12"/><c r="L12"/><c r="R12"/><c r="S12"/><c r="T12"/><c r="A13"/><c r="B13"/><c r="C13"/><c r="D13"/><c r="E13"/><c r="F13"/><c r="G13"/><c r="H13"/><c r="I13"/><c r="J13"/><c r="K13"/><c r="L13"/><c r="M13"/><c r="N13"/><c r="O13"/><c r="P13"/><c r="Q13"/><c r="R13"/><c r="S13"/><c r="T13"/><c r="U13"/><c r="C14"/><c r="D14"/><c r="E14"/><c r="F14"/><c r="G14"/><c r="I14"/><c r="J14"/><c r="K14"/><c r="L14"/><c r="R14"/><c r="S14"/><c r="T14"/><c r="A15"/><c r="B15"/><c r="C15"/><c r="D15"/><c r="E15"/><c r="F15"/><c r="G15"/><c r="H15"/><c r="I15"/><c r="J15"/><c r="K15"/><c r="L15"/><c r="M15"/><c r="N15"/><c r="O15"/><c r="P15"/><c r="Q15"/><c r="R15"/><c r="S15"/><c r="T15"/><c r="U15"/><c r="C16"/><c r="D16"/><c r="E16"/><c r="F16"/><c r="G16"/><c r="I16"/><c r="J16"/><c r="K16"/><c r="L16"/><c r="R16"/><c r="S16"/><c r="T16"/><c r="A17"/><c r="B17"/><c r="C17"/><c r="D17"/><c r="E17"/><c r="F17"/><c r="G17"/><c r="H17"/><c r="I17"/><c r="J17"/><c r="K17"/><c r="L17"/><c r="M17"/><c r="N17"/><c r="O17"/><c r="P17"/><c r="Q17"/><c r="R17"/><c r="S17"/><c r="T17"/><c r="U17"/><c r="C18"/><c r="D18"/><c r="E18"/><c r="F18"/><c r="G18"/><c r="I18"/><c r="J18"/><c r="K18"/><c r="L18"/><c r="R18"/><c r="S18"/><c r="T18"/><c r="A19"/><c r="B19"/><c r="C19"/><c r="D19"/><c r="E19"/><c r="F19"/><c r="G19"/><c r="H19"/><c r="I19"/><c r="J19"/><c r="K19"/><c r="L19"/><c r="M19"/><c r="N19"/><c r="O19"/><c r="P19"/><c r="Q19"/><c r="R19"/><c r="S19"/><c r="T19"/><c r="U19"/><c r="C20"/><c r="D20"/><c r="E20"/><c r="F20"/><c r="G20"/><c r="I20"/><c r="J20"/><c r="K20"/><c r="L20"/><c r="R20"/><c r="S20"/><c r="T20"/><c r="A21"/><c r="B21"/><c r="C21"/><c r="D21"/><c r="E21"/><c r="F21"/><c r="G21"/><c r="H21"/><c r="I21"/><c r="J21"/><c r="K21"/><c r="L21"/><c r="M21"/><c r="N21"/><c r="O21"/><c r="P21"/><c r="Q21"/><c r="R21"/><c r="S21"/><c r="T21"/><c r="U21"/><c r="C22"/><c r="D22"/><c r="E22"/><c r="F22"/><c r="G22"/><c r="I22"/><c r="J22"/><c r="K22"/><c r="L22"/><c r="R22"/><c r="S22"/><c r="T22"/><c r="A23"/><c r="B23"/><c r="C23"/><c r="D23"/><c r="E23"/><c r="F23"/><c r="G23"/><c r="H23"/><c r="I23"/><c r="J23"/><c r="K23"/><c r="L23"/><c r="M23"/><c r="N23"/><c r="O23"/><c r="P23"/><c r="Q23"/><c r="R23"/><c r="S23"/><c r="T23"/><c r="U23"/><c r="C24"/><c r="D24"/><c r="E24"/><c r="F24"/><c r="G24"/><c r="I24"/><c r="J24"/><c r="K24"/><c r="L24"/><c r="R24"/><c r="S24"/><c r="T24"/><c r="A25"/><c r="B25"/><c r="C25"/><c r="D25"/><c r="E25"/><c r="F25"/><c r="G25"/><c r="H25"/><c r="I25"/><c r="J25"/><c r="K25"/><c r="L25"/><c r="M25"/><c r="N25"/><c r="O25"/><c r="P25"/><c r="Q25"/><c r="R25"/><c r="S25"/><c r="T25"/><c r="U25"/><c r="C26"/><c r="D26"/><c r="E26"/><c r="F26"/><c r="G26"/><c r="I26"/><c r="J26"/><c r="K26"/><c r="L26"/><c r="R26"/><c r="S26"/><c r="T26"/><c r="A27"/><c r="B27"/><c r="C27"/><c r="D27"/><c r="E27"/><c r="F27"/><c r="G27"/><c r="H27"/><c r="I27"/><c r="J27"/><c r="K27"/><c r="L27"/><c r="M27"/><c r="N27"/><c r="O27"/><c r="P27"/><c r="Q27"/><c r="R27"/><c r="S27"/><c r="T27"/><c r="U27"/><c r="C28"/><c r="D28"/><c r="E28"/><c r="F28"/><c r="G28"/><c r="I28"/><c r="J28"/><c r="K28"/><c r="L28"/><c r="R28"/><c r="S28"/><c r="T28"/><c r="A29"/><c r="B29"/><c r="C29"/><c r="D29"/><c r="E29"/><c r="F29"/><c r="G29"/><c r="H29"/><c r="I29"/><c r="J29"/><c r="K29"/><c r="L29"/><c r="M29"/><c r="N29"/><c r="O29"/><c r="P29"/><c r="Q29"/><c r="R29"/><c r="S29"/><c r="T29"/><c r="U29"/><c r="C30"/><c r="D30"/><c r="E30"/><c r="F30"/><c r="G30"/><c r="I30"/><c r="J30"/><c r="K30"/><c r="L30"/><c r="R30"/><c r="S30"/><c r="T30"/><c r="A31"/><c r="B31"/><c r="C31"/><c r="D31"/><c r="E31"/><c r="F31"/><c r="G31"/><c r="H31"/><c r="I31"/><c r="J31"/><c r="K31"/><c r="L31"/><c r="M31"/><c r="N31"/><c r="O31"/><c r="P31"/><c r="Q31"/><c r="R31"/><c r="S31"/><c r="T31"/><c r="U31"/><c r="C32"/><c r="D32"/><c r="E32"/><c r="F32"/><c r="G32"/><c r="I32"/><c r="J32"/><c r="K32"/><c r="L32"/><c r="R32"/><c r="S32"/><c r="T32"/><c r="A33"/><c r="B33"/><c r="C33"/><c r="D33"/><c r="E33"/><c r="F33"/><c r="G33"/><c r="H33"/><c r="I33"/><c r="J33"/><c r="K33"/><c r="L33"/><c r="M33"/><c r="N33"/><c r="O33"/><c r="P33"/><c r="Q33"/><c r="R33"/><c r="S33"/><c r="T33"/><c r="U33"/><c r="C34"/><c r="D34"/><c r="E34"/><c r="F34"/><c r="G34"/><c r="I34"/><c r="J34"/><c r="K34"/><c r="L34"/><c r="R34"/><c r="S34"/><c r="T34"/><c r="A35"/><c r="B35"/><c r="C35"/><c r="D35"/><c r="E35"/><c r="F35"/><c r="G35"/><c r="H35"/><c r="I35"/><c r="J35"/><c r="K35"/><c r="L35"/><c r="M35"/><c r="N35"/><c r="O35"/><c r="P35"/><c r="Q35"/><c r="R35"/><c r="S35"/><c r="T35"/><c r="U35"/><c r="C36"/><c r="D36"/><c r="E36"/><c r="F36"/><c r="G36"/><c r="I36"/><c r="J36"/><c r="K36"/><c r="L36"/><c r="R36"/><c r="S36"/><c r="T36"/><c r="A37"/><c r="B37"/><c r="C37"/><c r="D37"/><c r="E37"/><c r="F37"/><c r="G37"/><c r="H37"/><c r="I37"/><c r="J37"/><c r="K37"/><c r="L37"/><c r="M37"/><c r="N37"/><c r="O37"/><c r="P37"/><c r="Q37"/><c r="R37"/><c r="S37"/><c r="T37"/><c r="U37"/><c r="C38"/><c r="D38"/><c r="E38"/><c r="F38"/><c r="G38"/><c r="I38"/><c r="J38"/><c r="K38"/><c r="L38"/><c r="R38"/><c r="S38"/><c r="T38"/><c r="A39"/><c r="B39"/><c r="C39"/><c r="D39"/><c r="E39"/><c r="F39"/><c r="G39"/><c r="H39"/><c r="I39"/><c r="J39"/><c r="K39"/><c r="L39"/><c r="M39"/><c r="N39"/><c r="O39"/><c r="P39"/><c r="Q39"/><c r="R39"/><c r="S39"/><c r="T39"/><c r="U39"/><c r="C40"/><c r="D40"/><c r="E40"/><c r="F40"/><c r="G40"/><c r="I40"/><c r="J40"/><c r="K40"/><c r="L40"/><c r="R40"/><c r="S40"/><c r="T40"/><c r="A41"/><c r="B41"/><c r="C41"/><c r="D41"/><c r="E41"/><c r="F41"/><c r="G41"/><c r="H41"/><c r="I41"/><c r="J41"/><c r="K41"/><c r="L41"/><c r="M41"/><c r="N41"/><c r="O41"/><c r="P41"/><c r="Q41"/><c r="R41"/><c r="S41"/><c r="T41"/><c r="U41"/><c r="C42"/><c r="D42"/><c r="E42"/><c r="F42"/><c r="G42"/><c r="I42"/><c r="J42"/><c r="K42"/><c r="L42"/><c r="R42"/><c r="S42"/><c r="T42"/><c r="A43"/><c r="B43"/><c r="C43"/><c r="D43"/><c r="E43"/><c r="F43"/><c r="G43"/><c r="H43"/><c r="I43"/><c r="J43"/><c r="K43"/><c r="L43"/><c r="M43"/><c r="N43"/><c r="O43"/><c r="P43"/><c r="Q43"/><c r="R43"/><c r="S43"/><c r="T43"/><c r="U43"/><c r="C44"/><c r="D44"/><c r="E44"/><c r="F44"/><c r="G44"/><c r="I44"/><c r="J44"/><c r="K44"/><c r="L44"/><c r="R44"/><c r="S44"/><c r="T44"/><c r="A45"/><c r="B45"/><c r="C45"/><c r="D45"/><c r="E45"/><c r="F45"/><c r="G45"/><c r="H45"/><c r="I45"/><c r="J45"/><c r="K45"/><c r="L45"/><c r="M45"/><c r="N45"/><c r="O45"/><c r="P45"/><c r="Q45"/><c r="R45"/><c r="S45"/><c r="T45"/><c r="U45"/><c r="C46"/><c r="D46"/><c r="E46"/><c r="F46"/><c r="G46"/><c r="I46"/><c r="J46"/><c r="K46"/><c r="L46"/><c r="R46"/><c r="S46"/><c r="T46"/><c r="A47"/><c r="B47"/><c r="C47"/><c r="D47"/><c r="E47"/><c r="F47"/><c r="G47"/><c r="H47"/><c r="I47"/><c r="J47"/><c r="K47"/><c r="L47"/><c r="M47"/><c r="N47"/><c r="O47"/><c r="P47"/><c r="Q47"/><c r="R47"/><c r="S47"/><c r="T47"/><c r="U47"/><c r="C48"/><c r="D48"/><c r="E48"/><c r="F48"/><c r="G48"/><c r="I48"/><c r="J48"/><c r="K48"/><c r="L48"/><c r="R48"/><c r="S48"/><c r="T48"/><c r="A49"/><c r="B49"/><c r="C49"/><c r="D49"/><c r="E49"/><c r="F49"/><c r="G49"/><c r="H49"/><c r="I49"/><c r="J49"/><c r="K49"/><c r="L49"/><c r="M49"/><c r="N49"/><c r="O49"/><c r="P49"/><c r="Q49"/><c r="R49"/><c r="S49"/><c r="T49"/><c r="U49"/><c r="C50"/><c r="D50"/><c r="E50"/><c r="F50"/><c r="G50"/><c r="I50"/><c r="J50"/><c r="K50"/><c r="L50"/><c r="R50"/><c r="S50"/><c r="T50"/><c r="A51"/><c r="B51"/><c r="C51"/><c r="D51"/><c r="E51"/><c r="F51"/><c r="G51"/><c r="H51"/><c r="I51"/><c r="J51"/><c r="K51"/><c r="L51"/><c r="M51"/><c r="N51"/><c r="O51"/><c r="P51"/><c r="Q51"/><c r="R51"/><c r="S51"/><c r="T51"/><c r="U51"/><c r="C52"/><c r="D52"/><c r="E52"/><c r="F52"/><c r="G52"/><c r="I52"/><c r="J52"/><c r="K52"/><c r="L52"/><c r="R52"/><c r="S52"/><c r="T52"/></calcChain>