<?xml version="1.0" encoding="UTF-8" standalone="yes"?>
<sst xmlns="http://schemas.openxmlformats.org/spreadsheetml/2006/main" count="1145" uniqueCount="234"><si><t>Option Chain (Equity Derivatives)</t></si><si><t xml:space="preserve">View Options Contracts for: </t></si><si><t xml:space="preserve">OR </t></si><si><t>Filter by: Expiry Date</t></si><si><t>Futures contracts</t></si><si><t>CALLS</t></si><si><t>PUTS</t></si><si><t>Chart</t></si><si><t>OI</t></si><si><t>Chng in OI</t></si><si><t>Volume</t></si><si><t>IV</t></si><si><t>LTP</t></si><si><t>Net Chng</t></si><si><t>Bid</t></si><si><t>Qty</t></si><si><t>Price</t></si><si><t>Ask</t></si><si><t>Strike Price</t></si><si><t>-</t></si><si><t>Total</t></si><si><t>Top</t></si><si><t>NIFTY</t></si><si><t>Spot :</t></si><si><t>Date :</t></si><si><t>Time :</t></si><si><t>Call Volume</t></si><si><t>Strike</t></si><si><t>Put Volume</t></si><si><t>PUT</t></si><si><t>CALL</t></si><si><t>MID(Data!B11,25,8)</t></si><si><t>SP</t></si><si><t>CE OI</t></si><si><t>PE OI</t></si><si><t>Call Value</t></si><si><t>Put Value</t></si><si><t>Max Pain Calculation</t></si><si><t>MAX Pain :</t></si><si><t>CE IV</t></si><si><t>PE IV</t></si><si><t>CE &amp; PE VOLT Calculation</t></si><si><t>Volt</t></si><si><t>Last Updated  :</t></si><si><t>Spot:</t></si><si><t>Max Pain :</t></si><si><t>Intraday</t></si><si><t>Positional</t></si><si><t>Symbol</t></si><si><t>CHGOI</t></si><si><t>STRIKE</t></si><si><t>VOL</t></si><si><t>VOLT</t></si><si><t>∑ OI</t></si><si><t>∑ CHG in OI</t></si><si><t>CE</t></si><si><t>PE</t></si><si><t>Signal</t></si><si><t>H.VOLT</t></si><si><t>FUTURE</t></si><si><t>Open</t></si><si><t>High</t></si><si><t>Low</t></si><si><t>L.T.Price</t></si><si><t>Pre.Close</t></si><si><t>U.Value</t></si><si><t>Turn Over(Lks)</t></si><si><t>PAIR</t></si><si><t>Trade</t></si><si><t>Option</t></si><si><t>Traded</t></si><si><t>Enter @</t></si><si><t>Current</t></si><si><t>Premium</t></si><si><t>Net</t></si><si><t>Profit /</t></si><si><t>TRADE</t></si><si><t>Type</t></si><si><t>Quantity</t></si><si><t>Spot</t></si><si><t>Exit @</t></si><si><t>Points</t></si><si><t>Loss</t></si><si><t>SOLD</t></si><si><t>SELL</t></si><si><t>BOUGHT</t></si><si><t>Suggestion:</t></si><si><t>Expiry</t></si><si><t>Max CE CHGOI</t></si><si><t>Max PE CHGOI</t></si><si><t>Max OI CE</t></si><si><t>Max OI PE</t></si><si><t>BUY</t></si><si><t>PAIR SUGGESTION CALCULATION</t></si><si><t>CE LTP</t></si><si><t>PE LTP</t></si><si><t>CE STRIKE</t></si><si><t>PE STRIKE</t></si><si><t>SELL SIGNAL</t></si><si><t>BUY SIGNAL</t></si><si><t>CE :</t></si><si><t>Price :</t></si><si><t>PE :</t></si><si><t>Premium:</t></si><si><t>PAIR 1 :</t></si><si><t>PAIR 2 :</t></si><si><t>PAIR 1</t></si><si><t>PAIR 2</t></si><si><t>CE CHGOI</t></si><si><t>PE CHGOI</t></si><si><t>OI, CHGOI, VOL Calculation</t></si><si><t>PE VOL</t></si><si><t>CE VOL</t></si><si><t>ITM</t></si><si><t>ATM</t></si><si><t>OTM</t></si><si><t>Max.Pain:</t></si><si><t>INTRADAY</t></si><si><t>WEEKLY</t></si><si><t>Time</t></si><si><t>Buy / Sell Exit @</t></si><si><t>Buy / Sell Enter @</t></si><si><t>P/L :</t></si><si><t>PAIR SUGESSTION</t></si><si><t>iv</t></si><si><t>SPOT</t></si><si><t>MAX PAIN</t></si><si><t>FUT.LTP</t></si><si><t>FUT.HIGH</t></si><si><t>FUT.LOW</t></si><si><t>TYPE</t></si><si><t>PRICE</t></si><si><t>PREMIUM</t></si><si><t>Clear All :</t></si><si><t>NO</t></si><si><t>YES</t></si><si><t>&lt;- PAIR SUGGESTION -&gt;</t></si><si><t>Data Date</t></si><si><t>Today</t></si><si><t>Current Time :</t></si><si><t>No Updation Time From:</t></si><si><t>No Updation Time To:</t></si><si><t>Updation Time :</t></si><si><t>PIVOT</t></si><si><t>R1</t></si><si><t>R2</t></si><si><t>R3</t></si><si><t>R4</t></si><si><t>R5</t></si><si><t>Mid R1</t></si><si><t>Mid R2</t></si><si><t>Mid R3</t></si><si><t>Mid R4</t></si><si><t>Mid R5</t></si><si><t>S1</t></si><si><t>S2</t></si><si><t>S3</t></si><si><t>S4</t></si><si><t>S5</t></si><si><t>Mid S1</t></si><si><t>Mid S2</t></si><si><t>Mid S3</t></si><si><t>Mid S4</t></si><si><t>Mid S5</t></si><si><t>OPEN</t></si><si><t>HIGH</t></si><si><t>LOW</t></si><si><t>CLOSE</t></si><si><t xml:space="preserve">Enter Previous Trade Day Nifty Open, High, Low, Close Details </t></si><si><t>PIVOT TABLE</t></si><si><t>Net +/-</t></si><si><t>Und.Value</t></si><si><t>Turn Over (Lks)</t></si><si><t>Last Trade Price</t></si><si><t>CE:</t></si><si><t>PE:</t></si><si><t>Max OI</t></si><si><t>MAX CHGOI</t></si><si><t>Weekly</t></si><si><t>Trend</t></si><si><t>∑ CHGOI Calculation</t></si><si><t>CHGOI Intraday Trend</t></si><si><t>Buy Win :</t></si><si><t>Sell Win :</t></si><si><t>CE PRICE</t></si><si><t>PE PRICE</t></si><si><t>Nifty Spot :</t></si><si><t>Download Link :-</t></si><si><t>http://www.nseindia.com/products/content/equities/indices/historical_index_data.htm</t></si><si><t>Nifty Future :</t></si><si><t>http://www.nseindia.com/products/content/derivatives/equities/historical_fo.htm</t></si><si><t>Day :</t></si><si><t>∑ OI CE</t></si><si><t>∑ OI PE</t></si><si><t>Interpretation</t></si><si><t>Change in OI</t></si><si><t>Net Change</t></si><si><t>Last Updated :</t></si><si><t>*Short unwinding = Profit Booking (Short)</t></si><si><t>*Long unwinding  = Profit Booking  (Long)</t></si><si><t>IF YOU WANT TO CLEAR ALL</t></si><si><r><t xml:space="preserve">DATA SELECT </t></r><r><rPr><b/><sz val="11"/><color rgb="FF00B0F0"/><rFont val="Calibri"/><family val="2"/><scheme val="minor"/></rPr><t>"YES"</t></r><r><rPr><b/><sz val="11"/><color theme="0"/><rFont val="Calibri"/><family val="2"/><scheme val="minor"/></rPr><t xml:space="preserve"> AND AGAIN</t></r></si><si><t>OTHERWISE DATA WILL NOT</t></si><si><t>UPDATE IN THIS SHEET.</t></si><si><r><t xml:space="preserve">SELECT </t></r><r><rPr><b/><sz val="11"/><color rgb="FF00B0F0"/><rFont val="Calibri"/><family val="2"/><scheme val="minor"/></rPr><t>"NO"</t></r><r><rPr><b/><sz val="11"/><color theme="0"/><rFont val="Calibri"/><family val="2"/><scheme val="minor"/></rPr><t xml:space="preserve"> IN COLUMN X2.</t></r></si><si><t>Auto Copy &amp; Paste Time</t></si><si><t>Start:</t></si><si><t>End:</t></si><si><t>NIFTY Futures</t></si><si><t>Option chain</t></si><si><t>Instrument</t></si><si><t>Underlying</t></si><si><t>Expiry Date</t></si><si><t>Option Type</t></si><si><t>Open Price</t></si><si><t>High Price</t></si><si><t>Low Price</t></si><si><t>Prev. Close</t></si><si><t>Last Price</t></si><si><t>Turnover</t></si><si><t>(lacs)</t></si><si><t>Value</t></si><si><t>Index Futures</t></si><si><t>NIFTY PAIR TRADE</t></si><si><t>Buy, Sell Win Calculation</t></si><si><t>Last Trade Date</t></si><si><r><t xml:space="preserve">*Current Month Expiry </t></r><r><rPr><b/><sz val="12"/><color rgb="FF00B0F0"/><rFont val="Calibri"/><family val="2"/><scheme val="minor"/></rPr><t>FUTURE Rates</t></r><r><rPr><sz val="12"/><rFont val="Calibri"/><family val="2"/><scheme val="minor"/></rPr><t xml:space="preserve"> Only Will Show in this page</t></r></si><si><t>highlighted Highlighted options are in-the-money.</t></si><si><t>Graph</t></si><si><t>Note :</t></si><si><t>10% interest rate is applied while computing implied volatility.</t></si><si><t>Open Interest values in the option chain are refreshed at the end of the day after bhavcopy file has been made available on the website.</t></si><si><t xml:space="preserve">Underlying Index: NIFTY 11748.15  As on Apr 30, 2019 15:30:30 IST </t></si><si><t xml:space="preserve">As on Apr, 30 2019 15:30:30 IST </t></si></sst>