<?xml version="1.0" encoding="UTF-8" standalone="yes"?>
<xdr:wsDr xmlns:xdr="http://schemas.openxmlformats.org/drawingml/2006/spreadsheetDrawing" xmlns:a="http://schemas.openxmlformats.org/drawingml/2006/main"><xdr:twoCellAnchor><xdr:from><xdr:col>3</xdr:col><xdr:colOff>47624</xdr:colOff><xdr:row>3</xdr:row><xdr:rowOff>0</xdr:rowOff></xdr:from><xdr:to><xdr:col>13</xdr:col><xdr:colOff>523875</xdr:colOff><xdr:row>23</xdr:row><xdr:rowOff>190499</xdr:rowOff></xdr:to><xdr:graphicFrame macro=""><xdr:nvGraphicFramePr><xdr:cNvPr id="2" name="Chart 1"><a:extLst><a:ext uri="{FF2B5EF4-FFF2-40B4-BE49-F238E27FC236}"><a16:creationId xmlns:a16="http://schemas.microsoft.com/office/drawing/2014/main" id="{00000000-0008-0000-0500-000002000000}"/></a:ext></a:extLst></xdr:cNvPr><xdr:cNvGraphicFramePr/></xdr:nvGraphicFramePr><xdr:xfrm><a:off x="0" y="0"/><a:ext cx="0" cy="0"/></xdr:xfrm><a:graphic><a:graphicData uri="http://schemas.openxmlformats.org/drawingml/2006/chart"><c:chart xmlns:c="http://schemas.openxmlformats.org/drawingml/2006/chart" xmlns:r="http://schemas.openxmlformats.org/officeDocument/2006/relationships" r:id="rId1"/></a:graphicData></a:graphic></xdr:graphicFrame><xdr:clientData/></xdr:twoCellAnchor></xdr:wsDr>