<?xml version="1.0" encoding="UTF-8" standalone="yes"?>
<c:chartSpace xmlns:c="http://schemas.openxmlformats.org/drawingml/2006/chart" xmlns:a="http://schemas.openxmlformats.org/drawingml/2006/main" xmlns:r="http://schemas.openxmlformats.org/officeDocument/2006/relationships" xmlns:c16r2="http://schemas.microsoft.com/office/drawing/2015/06/chart"><c:date1904 val="0"/><c:lang val="en-US"/><c:roundedCorners val="0"/><mc:AlternateContent xmlns:mc="http://schemas.openxmlformats.org/markup-compatibility/2006"><mc:Choice Requires="c14" xmlns:c14="http://schemas.microsoft.com/office/drawing/2007/8/2/chart"><c14:style val="142"/></mc:Choice><mc:Fallback><c:style val="42"/></mc:Fallback></mc:AlternateContent><c:chart><c:autoTitleDeleted val="1"/><c:plotArea><c:layout><c:manualLayout><c:layoutTarget val="inner"/><c:xMode val="edge"/><c:yMode val="edge"/><c:x val="8.9393769672885162E-2"/><c:y val="3.7978326595532706E-2"/><c:w val="0.80314275625804765"/><c:h val="0.89520527107275349"/></c:manualLayout></c:layout><c:barChart><c:barDir val="col"/><c:grouping val="clustered"/><c:varyColors val="0"/><c:ser><c:idx val="0"/><c:order val="0"/><c:tx><c:v>Buy Win</c:v></c:tx><c:spPr><a:solidFill><a:srgbClr val="00B050"/></a:solidFill><a:ln><a:solidFill><a:srgbClr val="00B050"/></a:solidFill></a:ln><a:scene3d><a:camera prst="orthographicFront"/><a:lightRig rig="morning" dir="t"/></a:scene3d><a:sp3d prstMaterial="metal"><a:bevelT w="63500" h="25400"/></a:sp3d></c:spPr><c:invertIfNegative val="0"/><c:cat><c:strLit><c:ptCount val="1"/><c:pt idx="0"><c:v>Buy - Sell</c:v></c:pt></c:strLit></c:cat><c:val><c:numRef><c:f>Price!$F$2</c:f><c:numCache><c:formatCode>0%</c:formatCode><c:ptCount val="1"/><c:pt idx="0"><c:v>0.33333333333333331</c:v></c:pt></c:numCache></c:numRef></c:val><c:extLst><c:ext uri="{C3380CC4-5D6E-409C-BE32-E72D297353CC}" xmlns:c16="http://schemas.microsoft.com/office/drawing/2014/chart"><c16:uniqueId val="{00000000-8057-4BA7-BAC7-686F099D25DC}"/></c:ext></c:extLst></c:ser><c:ser><c:idx val="1"/><c:order val="1"/><c:tx><c:v>SELL Win</c:v></c:tx><c:spPr><a:solidFill><a:srgbClr val="FF0000"/></a:solidFill><a:ln><a:solidFill><a:srgbClr val="FF0000"/></a:solidFill></a:ln><a:scene3d><a:camera prst="orthographicFront"/><a:lightRig rig="morning" dir="t"/></a:scene3d><a:sp3d prstMaterial="metal"><a:bevelT w="63500" h="25400"/></a:sp3d></c:spPr><c:invertIfNegative val="0"/><c:cat><c:strLit><c:ptCount val="1"/><c:pt idx="0"><c:v>Buy - Sell</c:v></c:pt></c:strLit></c:cat><c:val><c:numRef><c:f>Price!$M$2</c:f><c:numCache><c:formatCode>0%</c:formatCode><c:ptCount val="1"/><c:pt idx="0"><c:v>0.66666666666666663</c:v></c:pt></c:numCache></c:numRef></c:val><c:extLst><c:ext uri="{C3380CC4-5D6E-409C-BE32-E72D297353CC}" xmlns:c16="http://schemas.microsoft.com/office/drawing/2014/chart"><c16:uniqueId val="{00000001-8057-4BA7-BAC7-686F099D25DC}"/></c:ext></c:extLst></c:ser><c:dLbls><c:showLegendKey val="0"/><c:showVal val="0"/><c:showCatName val="0"/><c:showSerName val="0"/><c:showPercent val="0"/><c:showBubbleSize val="0"/></c:dLbls><c:gapWidth val="500"/><c:axId val="83236736"/><c:axId val="83238272"/></c:barChart><c:catAx><c:axId val="83236736"/><c:scaling><c:orientation val="minMax"/></c:scaling><c:delete val="0"/><c:axPos val="b"/><c:numFmt formatCode="General" sourceLinked="0"/><c:majorTickMark val="none"/><c:minorTickMark val="none"/><c:tickLblPos val="nextTo"/><c:txPr><a:bodyPr/><a:lstStyle/><a:p><a:pPr><a:defRPr lang="en-US"/></a:pPr><a:endParaRPr lang="en-US"/></a:p></c:txPr><c:crossAx val="83238272"/><c:crosses val="autoZero"/><c:auto val="1"/><c:lblAlgn val="ctr"/><c:lblOffset val="100"/><c:noMultiLvlLbl val="0"/></c:catAx><c:valAx><c:axId val="83238272"/><c:scaling><c:orientation val="minMax"/></c:scaling><c:delete val="0"/><c:axPos val="l"/><c:majorGridlines/><c:minorGridlines><c:spPr><a:ln><a:solidFill><a:schemeClr val="tx1"><a:lumMod val="95000"/><a:lumOff val="5000"/></a:schemeClr></a:solidFill></a:ln></c:spPr></c:minorGridlines><c:numFmt formatCode="0%" sourceLinked="1"/><c:majorTickMark val="out"/><c:minorTickMark val="none"/><c:tickLblPos val="nextTo"/><c:spPr><a:noFill/><a:ln><a:noFill/></a:ln></c:spPr><c:txPr><a:bodyPr/><a:lstStyle/><a:p><a:pPr><a:defRPr lang="en-US"/></a:pPr><a:endParaRPr lang="en-US"/></a:p></c:txPr><c:crossAx val="83236736"/><c:crosses val="autoZero"/><c:crossBetween val="between"/></c:valAx><c:spPr><a:solidFill><a:schemeClr val="tx1"/></a:solidFill><a:ln><a:noFill/></a:ln><a:effectLst><a:outerShdw blurRad="50800" dist="50800" dir="5400000" algn="ctr" rotWithShape="0"><a:schemeClr val="tx1"/></a:outerShdw></a:effectLst></c:spPr></c:plotArea><c:legend><c:legendPos val="r"/><c:overlay val="0"/><c:txPr><a:bodyPr/><a:lstStyle/><a:p><a:pPr><a:defRPr lang="en-US"/></a:pPr><a:endParaRPr lang="en-US"/></a:p></c:txPr></c:legend><c:plotVisOnly val="1"/><c:dispBlanksAs val="gap"/><c:showDLblsOverMax val="0"/></c:chart><c:printSettings><c:headerFooter/><c:pageMargins b="0.75000000000000866" l="0.70000000000000062" r="0.70000000000000062" t="0.75000000000000866" header="0.30000000000000032" footer="0.30000000000000032"/><c:pageSetup/></c:printSettings></c:chartSpace>