<?xml version="1.0" encoding="UTF-8" standalone="yes"?>
<c:chartSpace xmlns:c="http://schemas.openxmlformats.org/drawingml/2006/chart" xmlns:a="http://schemas.openxmlformats.org/drawingml/2006/main" xmlns:r="http://schemas.openxmlformats.org/officeDocument/2006/relationships" xmlns:c16r2="http://schemas.microsoft.com/office/drawing/2015/06/chart"><c:date1904 val="0"/><c:lang val="en-US"/><c:roundedCorners val="0"/><mc:AlternateContent xmlns:mc="http://schemas.openxmlformats.org/markup-compatibility/2006"><mc:Choice Requires="c14" xmlns:c14="http://schemas.microsoft.com/office/drawing/2007/8/2/chart"><c14:style val="142"/></mc:Choice><mc:Fallback><c:style val="42"/></mc:Fallback></mc:AlternateContent><c:chart><c:title><c:tx><c:rich><a:bodyPr/><a:lstStyle/><a:p><a:pPr algn="ctr"><a:defRPr lang="en-US" b="1" u="sng"><a:solidFill><a:srgbClr val="92D050"/></a:solidFill></a:defRPr></a:pPr><a:r><a:rPr lang="en-US" b="1" u="sng"><a:solidFill><a:srgbClr val="92D050"/></a:solidFill></a:rPr><a:t>OI</a:t></a:r></a:p></c:rich></c:tx><c:layout><c:manualLayout><c:xMode val="edge"/><c:yMode val="edge"/><c:x val="0.47223918656509373"/><c:y val="1.6806722689076067E-2"/></c:manualLayout></c:layout><c:overlay val="0"/></c:title><c:autoTitleDeleted val="0"/><c:plotArea><c:layout/><c:barChart><c:barDir val="col"/><c:grouping val="clustered"/><c:varyColors val="0"/><c:ser><c:idx val="0"/><c:order val="0"/><c:tx><c:v>CE</c:v></c:tx><c:spPr><a:solidFill><a:srgbClr val="FF0000"/></a:solidFill><a:ln><a:solidFill><a:srgbClr val="FF0000"/></a:solidFill></a:ln><a:scene3d><a:camera prst="orthographicFront"/><a:lightRig rig="morning" dir="t"/></a:scene3d><a:sp3d prstMaterial="metal"><a:bevelT w="63500" h="25400"/></a:sp3d></c:spPr><c:invertIfNegative val="0"/><c:cat><c:numRef><c:f>OI!$B$3:$B$23</c:f><c:numCache><c:formatCode>General</c:formatCode><c:ptCount val="21"/><c:pt idx="0"><c:v>820</c:v></c:pt><c:pt idx="1"><c:v>810</c:v></c:pt><c:pt idx="2"><c:v>800</c:v></c:pt><c:pt idx="3"><c:v>790</c:v></c:pt><c:pt idx="4"><c:v>780</c:v></c:pt><c:pt idx="5"><c:v>770</c:v></c:pt><c:pt idx="6"><c:v>760</c:v></c:pt><c:pt idx="7"><c:v>750</c:v></c:pt><c:pt idx="8"><c:v>740</c:v></c:pt><c:pt idx="9"><c:v>730</c:v></c:pt><c:pt idx="10"><c:v>720</c:v></c:pt><c:pt idx="11"><c:v>710</c:v></c:pt><c:pt idx="12"><c:v>700</c:v></c:pt><c:pt idx="13"><c:v>690</c:v></c:pt><c:pt idx="14"><c:v>680</c:v></c:pt><c:pt idx="15"><c:v>670</c:v></c:pt><c:pt idx="16"><c:v>660</c:v></c:pt><c:pt idx="17"><c:v>650</c:v></c:pt><c:pt idx="18"><c:v>640</c:v></c:pt><c:pt idx="19"><c:v>630</c:v></c:pt><c:pt idx="20"><c:v>620</c:v></c:pt></c:numCache></c:numRef></c:cat><c:val><c:numRef><c:f>OI!$A$3:$A$23</c:f><c:numCache><c:formatCode>#,##0</c:formatCode><c:ptCount val="21"/><c:pt idx="0"><c:v>578400</c:v></c:pt><c:pt idx="1"><c:v>13200</c:v></c:pt><c:pt idx="2"><c:v>762000</c:v></c:pt><c:pt idx="3"><c:v>43200</c:v></c:pt><c:pt idx="4"><c:v>326400</c:v></c:pt><c:pt idx="5"><c:v>273600</c:v></c:pt><c:pt idx="6"><c:v>315600</c:v></c:pt><c:pt idx="7"><c:v>583200</c:v></c:pt><c:pt idx="8"><c:v>453600</c:v></c:pt><c:pt idx="9"><c:v>250800</c:v></c:pt><c:pt idx="10"><c:v>420000</c:v></c:pt><c:pt idx="11"><c:v>279600</c:v></c:pt><c:pt idx="12"><c:v>162000</c:v></c:pt><c:pt idx="13"><c:v>2400</c:v></c:pt><c:pt idx="14"><c:v>8400</c:v></c:pt><c:pt idx="15"><c:v>2400</c:v></c:pt><c:pt idx="16"><c:v>13200</c:v></c:pt><c:pt idx="17"><c:v>19200</c:v></c:pt><c:pt idx="18"><c:v>0</c:v></c:pt><c:pt idx="19"><c:v>0</c:v></c:pt><c:pt idx="20"><c:v>2400</c:v></c:pt></c:numCache></c:numRef></c:val><c:extLst><c:ext uri="{C3380CC4-5D6E-409C-BE32-E72D297353CC}" xmlns:c16="http://schemas.microsoft.com/office/drawing/2014/chart"><c16:uniqueId val="{00000000-9D65-49D2-B698-61F0E9C3C273}"/></c:ext></c:extLst></c:ser><c:ser><c:idx val="1"/><c:order val="1"/><c:tx><c:v>PE</c:v></c:tx><c:spPr><a:solidFill><a:srgbClr val="00B050"/></a:solidFill><a:ln><a:solidFill><a:srgbClr val="00B050"/></a:solidFill></a:ln><a:scene3d><a:camera prst="orthographicFront"/><a:lightRig rig="morning" dir="t"/></a:scene3d><a:sp3d prstMaterial="metal"><a:bevelT w="63500" h="25400"/></a:sp3d></c:spPr><c:invertIfNegative val="0"/><c:cat><c:numRef><c:f>OI!$B$3:$B$23</c:f><c:numCache><c:formatCode>General</c:formatCode><c:ptCount val="21"/><c:pt idx="0"><c:v>820</c:v></c:pt><c:pt idx="1"><c:v>810</c:v></c:pt><c:pt idx="2"><c:v>800</c:v></c:pt><c:pt idx="3"><c:v>790</c:v></c:pt><c:pt idx="4"><c:v>780</c:v></c:pt><c:pt idx="5"><c:v>770</c:v></c:pt><c:pt idx="6"><c:v>760</c:v></c:pt><c:pt idx="7"><c:v>750</c:v></c:pt><c:pt idx="8"><c:v>740</c:v></c:pt><c:pt idx="9"><c:v>730</c:v></c:pt><c:pt idx="10"><c:v>720</c:v></c:pt><c:pt idx="11"><c:v>710</c:v></c:pt><c:pt idx="12"><c:v>700</c:v></c:pt><c:pt idx="13"><c:v>690</c:v></c:pt><c:pt idx="14"><c:v>680</c:v></c:pt><c:pt idx="15"><c:v>670</c:v></c:pt><c:pt idx="16"><c:v>660</c:v></c:pt><c:pt idx="17"><c:v>650</c:v></c:pt><c:pt idx="18"><c:v>640</c:v></c:pt><c:pt idx="19"><c:v>630</c:v></c:pt><c:pt idx="20"><c:v>620</c:v></c:pt></c:numCache></c:numRef></c:cat><c:val><c:numRef><c:f>OI!$C$3:$C$23</c:f><c:numCache><c:formatCode>#,##0</c:formatCode><c:ptCount val="21"/><c:pt idx="0"><c:v>4800</c:v></c:pt><c:pt idx="1"><c:v>0</c:v></c:pt><c:pt idx="2"><c:v>8400</c:v></c:pt><c:pt idx="3"><c:v>2400</c:v></c:pt><c:pt idx="4"><c:v>2400</c:v></c:pt><c:pt idx="5"><c:v>7200</c:v></c:pt><c:pt idx="6"><c:v>19200</c:v></c:pt><c:pt idx="7"><c:v>42000</c:v></c:pt><c:pt idx="8"><c:v>238800</c:v></c:pt><c:pt idx="9"><c:v>96000</c:v></c:pt><c:pt idx="10"><c:v>166800</c:v></c:pt><c:pt idx="11"><c:v>175200</c:v></c:pt><c:pt idx="12"><c:v>486000</c:v></c:pt><c:pt idx="13"><c:v>171600</c:v></c:pt><c:pt idx="14"><c:v>309600</c:v></c:pt><c:pt idx="15"><c:v>157200</c:v></c:pt><c:pt idx="16"><c:v>163200</c:v></c:pt><c:pt idx="17"><c:v>421200</c:v></c:pt><c:pt idx="18"><c:v>99600</c:v></c:pt><c:pt idx="19"><c:v>34800</c:v></c:pt><c:pt idx="20"><c:v>28800</c:v></c:pt></c:numCache></c:numRef></c:val><c:extLst><c:ext uri="{C3380CC4-5D6E-409C-BE32-E72D297353CC}" xmlns:c16="http://schemas.microsoft.com/office/drawing/2014/chart"><c16:uniqueId val="{00000001-9D65-49D2-B698-61F0E9C3C273}"/></c:ext></c:extLst></c:ser><c:dLbls><c:showLegendKey val="0"/><c:showVal val="0"/><c:showCatName val="0"/><c:showSerName val="0"/><c:showPercent val="0"/><c:showBubbleSize val="0"/></c:dLbls><c:gapWidth val="55"/><c:axId val="80647296"/><c:axId val="80648832"/></c:barChart><c:catAx><c:axId val="80647296"/><c:scaling><c:orientation val="maxMin"/></c:scaling><c:delete val="0"/><c:axPos val="b"/><c:numFmt formatCode="General" sourceLinked="1"/><c:majorTickMark val="none"/><c:minorTickMark val="none"/><c:tickLblPos val="nextTo"/><c:txPr><a:bodyPr/><a:lstStyle/><a:p><a:pPr><a:defRPr lang="en-US"/></a:pPr><a:endParaRPr lang="en-US"/></a:p></c:txPr><c:crossAx val="80648832"/><c:crosses val="autoZero"/><c:auto val="1"/><c:lblAlgn val="ctr"/><c:lblOffset val="100"/><c:noMultiLvlLbl val="0"/></c:catAx><c:valAx><c:axId val="80648832"/><c:scaling><c:orientation val="minMax"/></c:scaling><c:delete val="0"/><c:axPos val="l"/><c:majorGridlines/><c:numFmt formatCode="#,##0" sourceLinked="1"/><c:majorTickMark val="none"/><c:minorTickMark val="none"/><c:tickLblPos val="nextTo"/><c:txPr><a:bodyPr/><a:lstStyle/><a:p><a:pPr><a:defRPr lang="en-US"/></a:pPr><a:endParaRPr lang="en-US"/></a:p></c:txPr><c:crossAx val="80647296"/><c:crosses val="max"/><c:crossBetween val="between"/></c:valAx><c:spPr><a:solidFill><a:schemeClr val="tx1"/></a:solidFill></c:spPr></c:plotArea><c:legend><c:legendPos val="r"/><c:layout><c:manualLayout><c:xMode val="edge"/><c:yMode val="edge"/><c:x val="0.88219147252951169"/><c:y val="1.1492577950577785E-2"/><c:w val="3.6855728399803694E-2"/><c:h val="0.10130483689538591"/></c:manualLayout></c:layout><c:overlay val="0"/><c:txPr><a:bodyPr/><a:lstStyle/><a:p><a:pPr><a:defRPr lang="en-US"/></a:pPr><a:endParaRPr lang="en-US"/></a:p></c:txPr></c:legend><c:plotVisOnly val="1"/><c:dispBlanksAs val="gap"/><c:showDLblsOverMax val="0"/></c:chart><c:printSettings><c:headerFooter/><c:pageMargins b="0.75000000000001354" l="0.70000000000000062" r="0.70000000000000062" t="0.75000000000001354" header="0.30000000000000032" footer="0.30000000000000032"/><c:pageSetup/></c:printSettings></c:chartSpace>