<?xml version="1.0" encoding="UTF-8" standalone="yes"?>
<worksheet xmlns="http://schemas.openxmlformats.org/spreadsheetml/2006/main" xmlns:r="http://schemas.openxmlformats.org/officeDocument/2006/relationships" xmlns:mc="http://schemas.openxmlformats.org/markup-compatibility/2006" mc:Ignorable="x14ac xr xr2 xr3" xmlns:x14ac="http://schemas.microsoft.com/office/spreadsheetml/2009/9/ac" xmlns:xr="http://schemas.microsoft.com/office/spreadsheetml/2014/revision" xmlns:xr2="http://schemas.microsoft.com/office/spreadsheetml/2015/revision2" xmlns:xr3="http://schemas.microsoft.com/office/spreadsheetml/2016/revision3" xr:uid="{00000000-0001-0000-0100-000000000000}"><sheetPr codeName="Sheet31"/><dimension ref="A1:BT111"/><sheetViews><sheetView topLeftCell="A13" workbookViewId="0"><selection activeCell="A14" sqref="A14"/></sheetView></sheetViews><sheetFormatPr defaultRowHeight="14.5" x14ac:dyDescent="0.35"/><cols><col min="1" max="1" width="28.6328125" bestFit="1" customWidth="1"/><col min="2" max="2" width="57.54296875" bestFit="1" customWidth="1"/><col min="3" max="3" width="9.36328125" bestFit="1" customWidth="1"/><col min="4" max="4" width="7.26953125" bestFit="1" customWidth="1"/><col min="5" max="5" width="5.81640625" bestFit="1" customWidth="1"/><col min="6" max="6" width="7.81640625" bestFit="1" customWidth="1"/><col min="7" max="7" width="8.36328125" bestFit="1" customWidth="1"/><col min="8" max="8" width="5.26953125" bestFit="1" customWidth="1"/><col min="9" max="10" width="7.81640625" bestFit="1" customWidth="1"/><col min="11" max="11" width="6.26953125" bestFit="1" customWidth="1"/><col min="12" max="12" width="9.90625" bestFit="1" customWidth="1"/><col min="13" max="13" width="6.26953125" bestFit="1" customWidth="1"/><col min="14" max="15" width="7.81640625" bestFit="1" customWidth="1"/><col min="16" max="16" width="5.26953125" bestFit="1" customWidth="1"/><col min="17" max="17" width="8.36328125" bestFit="1" customWidth="1"/><col min="18" max="18" width="7.81640625" bestFit="1" customWidth="1"/><col min="19" max="19" width="5.81640625" bestFit="1" customWidth="1"/><col min="20" max="20" width="7.26953125" bestFit="1" customWidth="1"/><col min="21" max="21" width="9.36328125" bestFit="1" customWidth="1"/><col min="22" max="22" width="9.7265625" bestFit="1" customWidth="1"/><col min="23" max="23" width="6" bestFit="1" customWidth="1"/><col min="34" max="34" width="12.26953125" bestFit="1" customWidth="1"/><col min="35" max="35" width="28.1796875" bestFit="1" customWidth="1"/><col min="36" max="36" width="10.26953125" bestFit="1" customWidth="1"/><col min="37" max="37" width="11" bestFit="1" customWidth="1"/><col min="38" max="38" width="9.90625" bestFit="1" customWidth="1"/><col min="39" max="39" width="9.81640625" bestFit="1" customWidth="1"/><col min="40" max="40" width="9" bestFit="1" customWidth="1"/><col min="41" max="41" width="8.81640625" bestFit="1" customWidth="1"/><col min="42" max="42" width="9.90625" bestFit="1" customWidth="1"/><col min="43" max="43" width="8.81640625" bestFit="1" customWidth="1"/><col min="44" max="44" width="7.7265625" bestFit="1" customWidth="1"/><col min="45" max="45" width="11.26953125" bestFit="1" customWidth="1"/><col min="46" max="46" width="9.81640625" bestFit="1" customWidth="1"/><col min="47" max="47" width="28.7265625" customWidth="1"/><col min="48" max="48" width="11" customWidth="1"/><col min="49" max="49" width="11.81640625" customWidth="1"/><col min="50" max="50" width="11" customWidth="1"/><col min="51" max="51" width="10.7265625" customWidth="1"/><col min="52" max="52" width="9.81640625" customWidth="1"/><col min="53" max="53" width="9.453125" customWidth="1"/><col min="54" max="54" width="10.81640625" customWidth="1"/><col min="55" max="55" width="9.26953125" customWidth="1"/><col min="56" max="56" width="8.1796875" customWidth="1"/><col min="57" max="58" width="10.7265625" customWidth="1"/><col min="59" max="59" width="28.7265625" bestFit="1" customWidth="1"/><col min="60" max="60" width="11" bestFit="1" customWidth="1"/><col min="61" max="61" width="11.81640625" bestFit="1" customWidth="1"/><col min="62" max="62" width="11" bestFit="1" customWidth="1"/><col min="63" max="63" width="10.7265625" bestFit="1" customWidth="1"/><col min="64" max="64" width="9.81640625" bestFit="1" customWidth="1"/><col min="65" max="65" width="9.453125" bestFit="1" customWidth="1"/><col min="66" max="66" width="10.81640625" bestFit="1" customWidth="1"/><col min="67" max="67" width="9.26953125" bestFit="1" customWidth="1"/><col min="68" max="68" width="8.1796875" customWidth="1"/><col min="69" max="69" width="10.7265625" customWidth="1"/><col min="70" max="70" width="10.7265625" bestFit="1" customWidth="1"/></cols><sheetData><row r="1" spans="1:72" x14ac:dyDescent="0.35"><c r="C1"><f>LOOKUP(9.99E+307,B:B)</f><v>12808725</v></c><c r="V1"><f>LOOKUP(9.99E+307,V:V)</f><v>15642300</v></c><c r="AH1" t="s"><v>208</v></c><c r="AI1" t="s"><v>233</v></c></row><row r="2" spans="1:72" x14ac:dyDescent="0.35"><c r="AH2" t="s"><v>209</v></c></row><row r="4" spans="1:72" x14ac:dyDescent="0.35"><c r="AH4" t="s"><v>210</v></c><c r="AI4" t="s"><v>211</v></c><c r="AJ4" t="s"><v>212</v></c><c r="AK4" t="s"><v>213</v></c><c r="AL4" t="s"><v>18</v></c><c r="AM4" t="s"><v>214</v></c><c r="AN4" t="s"><v>215</v></c><c r="AO4" t="s"><v>216</v></c><c r="AP4" t="s"><v>217</v></c><c r="AQ4" t="s"><v>218</v></c><c r="AR4" t="s"><v>10</v></c><c r="AS4" t="s"><v>219</v></c><c r="AT4" t="s"><v>211</v></c></row><row r="5" spans="1:72" x14ac:dyDescent="0.35"><c r="AS5" t="s"><v>220</v></c><c r="AT5" t="s"><v>221</v></c></row><row r="6" spans="1:72" x14ac:dyDescent="0.35"><c r="AH6" t="s"><v>222</v></c><c r="AI6" t="s"><v>22</v></c><c r="AJ6" s="3"><v>43615</v></c><c r="AK6" t="s"><v>19</v></c><c r="AL6" t="s"><v>19</v></c><c r="AM6" s="1"><v>11751.1</v></c><c r="AN6" s="1"><v>11834.4</v></c><c r="AO6" s="1"><v>11735</v></c><c r="AP6" s="1"><v>11791.55</v></c><c r="AQ6" s="1"><v>11764</v></c><c r="AR6" s="2" t="s"><v>234</v></c><c r="AS6" s="1" t="s"><v>235</v></c><c r="AT6"><v>11724.75</v></c><c r="AV6" s="1"><f>AQ6-Sheet51!B1</f><v>39.25</v></c><c r="BT6" s="1"/></row><row r="7" spans="1:72" x14ac:dyDescent="0.35"><c r="AH7" t="s"><v>222</v></c><c r="AI7" t="s"><v>22</v></c><c r="AJ7" s="3"><v>43643</v></c><c r="AK7" t="s"><v>19</v></c><c r="AL7" t="s"><v>19</v></c><c r="AM7" s="1"><v>11790.35</v></c><c r="AN7" s="1"><v>11873.55</v></c><c r="AO7" s="1"><v>11777.15</v></c><c r="AP7" s="1"><v>11834.3</v></c><c r="AQ7" s="1"><v>11809.1</v></c><c r="AR7" s="2"><v>3065</v></c><c r="AS7" s="1"><v>27190.19</v></c><c r="AT7"><v>11724.75</v></c></row><row r="8" spans="1:72" x14ac:dyDescent="0.35"><c r="AH8" t="s"><v>222</v></c><c r="AI8" t="s"><v>22</v></c><c r="AJ8" s="3"><v>43671</v></c><c r="AK8" t="s"><v>19</v></c><c r="AL8" t="s"><v>19</v></c><c r="AM8" s="1"><v>11832.1</v></c><c r="AN8" s="1"><v>11898.7</v></c><c r="AO8" s="1"><v>11806.05</v></c><c r="AP8" s="1"><v>11859.6</v></c><c r="AQ8" s="1"><v>11841</v></c><c r="AR8" s="2"><v>182</v></c><c r="AS8" s="1"><v>1619.24</v></c><c r="AT8"><v>11724.75</v></c></row><row r="11" spans="1:72" x14ac:dyDescent="0.35"><c r="A11" t="s"><v>0</v></c><c r="B11" t="s"><v>232</v></c></row><row r="12" spans="1:72" x14ac:dyDescent="0.35"><c r="A12" t="s"><v>1</v></c></row><row r="13" spans="1:72" x14ac:dyDescent="0.35"><c r="A13" t="s"><v>2</v></c></row><row r="14" spans="1:72" x14ac:dyDescent="0.35"><c r="A14" t="s"><v>3</v></c></row><row r="15" spans="1:72" x14ac:dyDescent="0.35"><c r="A15" t="s"><v>4</v></c></row><row r="18" spans="1:23" x14ac:dyDescent="0.35"><c r="A18" t="s"><v>5</v></c><c r="M18" t="s"><v>6</v></c></row><row r="19" spans="1:23" x14ac:dyDescent="0.35"><c r="A19" t="s"><v>7</v></c><c r="B19" t="s"><v>8</v></c><c r="C19" t="s"><v>9</v></c><c r="D19" t="s"><v>10</v></c><c r="E19" t="s"><v>11</v></c><c r="F19" t="s"><v>12</v></c><c r="G19" t="s"><v>13</v></c><c r="H19" t="s"><v>14</v></c><c r="I19" t="s"><v>14</v></c><c r="J19" t="s"><v>17</v></c><c r="K19" t="s"><v>17</v></c><c r="L19" t="s"><v>18</v></c><c r="M19" t="s"><v>14</v></c><c r="N19" t="s"><v>14</v></c><c r="O19" t="s"><v>17</v></c><c r="P19" t="s"><v>17</v></c><c r="Q19" t="s"><v>13</v></c><c r="R19" t="s"><v>12</v></c><c r="S19" t="s"><v>11</v></c><c r="T19" t="s"><v>10</v></c><c r="U19" t="s"><v>9</v></c><c r="V19" t="s"><v>8</v></c><c r="W19" t="s"><v>7</v></c></row><row r="20" spans="1:23" x14ac:dyDescent="0.35"><c r="H20" t="s"><v>15</v></c><c r="I20" t="s"><v>16</v></c><c r="J20" t="s"><v>16</v></c><c r="K20" t="s"><v>15</v></c><c r="M20" t="s"><v>15</v></c><c r="N20" t="s"><v>16</v></c><c r="O20" t="s"><v>16</v></c><c r="P20" t="s"><v>15</v></c></row><row r="21" spans="1:23" x14ac:dyDescent="0.35"><c r="A21" t="s"><v>228</v></c><c r="B21" s="2"><v>18225</v></c><c r="C21" s="2"><v>-75</v></c><c r="D21" s="2"><v>8</v></c><c r="E21" t="s"><v>19</v></c><c r="F21" s="1"><v>2449.1</v></c><c r="G21"><v>-24.15</v></c><c r="H21" s="2"><v>75</v></c><c r="I21" s="1"><v>2438.4</v></c><c r="J21" s="1"><v>2448.15</v></c><c r="K21" s="2"><v>675</v></c><c r="L21"><v>9300</v></c><c r="M21" s="2"><v>75</v></c><c r="N21"><v>3.2</v></c><c r="O21"><v>3.3</v></c><c r="P21" s="2"><v>225</v></c><c r="Q21"><v>-0.15</v></c><c r="R21"><v>3.35</v></c><c r="S21"><v>36.74</v></c><c r="T21" s="2"><v>114</v></c><c r="U21" s="2"><v>6450</v></c><c r="V21" s="2"><v>63075</v></c><c r="W21" t="s"><v>228</v></c></row><row r="22" spans="1:23" x14ac:dyDescent="0.35"><c r="A22" t="s"><v>228</v></c><c r="B22" s="2" t="s"><v>19</v></c><c r="C22" s="2" t="s"><v>19</v></c><c r="D22" s="2" t="s"><v>19</v></c><c r="E22" t="s"><v>19</v></c><c r="F22" s="1" t="s"><v>19</v></c><c r="G22" t="s"><v>19</v></c><c r="H22" s="2"><v>75</v></c><c r="I22" s="1"><v>2241.4</v></c><c r="J22" s="1"><v>2731.15</v></c><c r="K22" s="2"><v>75</v></c><c r="L22"><v>9350</v></c><c r="M22" s="2"><v>300</v></c><c r="N22"><v>0.15</v></c><c r="O22" t="s"><v>19</v></c><c r="P22" s="2" t="s"><v>19</v></c><c r="Q22" t="s"><v>19</v></c><c r="R22" t="s"><v>19</v></c><c r="S22" t="s"><v>19</v></c><c r="T22" s="2" t="s"><v>19</v></c><c r="U22" s="2" t="s"><v>19</v></c><c r="V22" s="2" t="s"><v>19</v></c><c r="W22" t="s"><v>228</v></c></row><row r="23" spans="1:23" x14ac:dyDescent="0.35"><c r="A23" t="s"><v>228</v></c><c r="B23" s="2"><v>1125</v></c><c r="C23" s="2" t="s"><v>19</v></c><c r="D23" t="s"><v>19</v></c><c r="E23" t="s"><v>19</v></c><c r="F23" s="1" t="s"><v>19</v></c><c r="G23" t="s"><v>19</v></c><c r="H23" s="2"><v>75</v></c><c r="I23" s="1"><v>2338.0500000000002</v></c><c r="J23" s="1"><v>2356.3000000000002</v></c><c r="K23" s="2"><v>75</v></c><c r="L23"><v>9400</v></c><c r="M23" s="2"><v>75</v></c><c r="N23"><v>3.3</v></c><c r="O23"><v>4.45</v></c><c r="P23" s="2"><v>150</v></c><c r="Q23" t="s"><v>19</v></c><c r="R23" t="s"><v>19</v></c><c r="S23" t="s"><v>19</v></c><c r="T23" s="2" t="s"><v>19</v></c><c r="U23" s="2" t="s"><v>19</v></c><c r="V23" s="2"><v>600</v></c><c r="W23" t="s"><v>228</v></c></row><row r="24" spans="1:23" x14ac:dyDescent="0.35"><c r="A24" t="s"><v>228</v></c><c r="B24" s="2" t="s"><v>19</v></c><c r="C24" t="s"><v>19</v></c><c r="D24" t="s"><v>19</v></c><c r="E24" t="s"><v>19</v></c><c r="F24" s="1" t="s"><v>19</v></c><c r="G24" t="s"><v>19</v></c><c r="H24" s="2"><v>375</v></c><c r="I24" s="1"><v>2173.4</v></c><c r="J24" s="1"><v>2615.5</v></c><c r="K24" s="2"><v>4950</v></c><c r="L24"><v>9450</v></c><c r="M24" s="2"><v>300</v></c><c r="N24"><v>0.15</v></c><c r="O24" t="s"><v>19</v></c><c r="P24" s="2" t="s"><v>19</v></c><c r="Q24" t="s"><v>19</v></c><c r="R24" t="s"><v>19</v></c><c r="S24" t="s"><v>19</v></c><c r="T24" s="2" t="s"><v>19</v></c><c r="U24" s="2" t="s"><v>19</v></c><c r="V24" s="2" t="s"><v>19</v></c><c r="W24" t="s"><v>228</v></c></row><row r="25" spans="1:23" x14ac:dyDescent="0.35"><c r="A25" t="s"><v>228</v></c><c r="B25" s="2"><v>865950</v></c><c r="C25" s="2"><v>-4275</v></c><c r="D25" s="2"><v>787</v></c><c r="E25" t="s"><v>19</v></c><c r="F25" s="1"><v>2243.65</v></c><c r="G25"><v>-24.8</v></c><c r="H25" s="2"><v>225</v></c><c r="I25" s="1"><v>2241.5</v></c><c r="J25" s="1"><v>2250.35</v></c><c r="K25" s="2"><v>750</v></c><c r="L25"><v>9500</v></c><c r="M25" s="2"><v>3525</v></c><c r="N25"><v>4.2</v></c><c r="O25"><v>4.25</v></c><c r="P25" s="2"><v>225</v></c><c r="Q25" t="s"><v>19</v></c><c r="R25"><v>4.2</v></c><c r="S25"><v>34.770000000000003</v></c><c r="T25" s="2"><v>2168</v></c><c r="U25" s="2"><v>11175</v></c><c r="V25" s="2"><v>304725</v></c><c r="W25" t="s"><v>228</v></c></row><row r="26" spans="1:23" x14ac:dyDescent="0.35"><c r="A26" t="s"><v>228</v></c><c r="B26" s="2" t="s"><v>19</v></c><c r="C26" t="s"><v>19</v></c><c r="D26" t="s"><v>19</v></c><c r="E26" t="s"><v>19</v></c><c r="F26" s="1" t="s"><v>19</v></c><c r="G26" t="s"><v>19</v></c><c r="H26" s="2"><v>375</v></c><c r="I26" s="1"><v>2080.4499999999998</v></c><c r="J26" s="1"><v>2498.75</v></c><c r="K26" s="2"><v>4950</v></c><c r="L26"><v>9550</v></c><c r="M26" s="2" t="s"><v>19</v></c><c r="N26" t="s"><v>19</v></c><c r="O26" t="s"><v>19</v></c><c r="P26" s="2" t="s"><v>19</v></c><c r="Q26" t="s"><v>19</v></c><c r="R26" t="s"><v>19</v></c><c r="S26" t="s"><v>19</v></c><c r="T26" s="2" t="s"><v>19</v></c><c r="U26" s="2" t="s"><v>19</v></c><c r="V26" s="2" t="s"><v>19</v></c><c r="W26" t="s"><v>228</v></c></row><row r="27" spans="1:23" x14ac:dyDescent="0.35"><c r="A27" t="s"><v>228</v></c><c r="B27" s="2"><v>69825</v></c><c r="C27" s="2"><v>75</v></c><c r="D27" s="2"><v>1</v></c><c r="E27" t="s"><v>19</v></c><c r="F27" s="1"><v>2139.85</v></c><c r="G27"><v>20.149999999999999</v></c><c r="H27" s="2"><v>75</v></c><c r="I27" s="1"><v>2140.3000000000002</v></c><c r="J27" s="1"><v>2158.8000000000002</v></c><c r="K27" s="2"><v>750</v></c><c r="L27"><v>9600</v></c><c r="M27" s="2"><v>3000</v></c><c r="N27"><v>4.3</v></c><c r="O27"><v>4.9000000000000004</v></c><c r="P27" s="2"><v>300</v></c><c r="Q27"><v>0.05</v></c><c r="R27"><v>4.8</v></c><c r="S27"><v>33.96</v></c><c r="T27" s="2"><v>2</v></c><c r="U27" s="2"><v>75</v></c><c r="V27" s="2"><v>36450</v></c><c r="W27" t="s"><v>228</v></c></row><row r="28" spans="1:23" x14ac:dyDescent="0.35"><c r="A28" t="s"><v>228</v></c><c r="B28" s="2" t="s"><v>19</v></c><c r="C28" t="s"><v>19</v></c><c r="D28" t="s"><v>19</v></c><c r="E28" t="s"><v>19</v></c><c r="F28" s="1" t="s"><v>19</v></c><c r="G28" t="s"><v>19</v></c><c r="H28" s="2"><v>375</v></c><c r="I28" s="1"><v>1987.7</v></c><c r="J28" s="1"><v>2392.4</v></c><c r="K28" s="2"><v>4950</v></c><c r="L28"><v>9650</v></c><c r="M28" s="2"><v>300</v></c><c r="N28"><v>0.2</v></c><c r="O28" t="s"><v>19</v></c><c r="P28" s="2" t="s"><v>19</v></c><c r="Q28" t="s"><v>19</v></c><c r="R28" t="s"><v>19</v></c><c r="S28" t="s"><v>19</v></c><c r="T28" s="2" t="s"><v>19</v></c><c r="U28" s="2" t="s"><v>19</v></c><c r="V28" s="2" t="s"><v>19</v></c><c r="W28" t="s"><v>228</v></c></row><row r="29" spans="1:23" x14ac:dyDescent="0.35"><c r="A29" t="s"><v>228</v></c><c r="B29" s="2"><v>112350</v></c><c r="C29" s="2"><v>-8025</v></c><c r="D29" s="2"><v>933</v></c><c r="E29" t="s"><v>19</v></c><c r="F29" s="1"><v>2044.2</v></c><c r="G29"><v>-23.2</v></c><c r="H29" s="2"><v>150</v></c><c r="I29" s="1"><v>2044.15</v></c><c r="J29" s="1"><v>2051.65</v></c><c r="K29" s="2"><v>75</v></c><c r="L29"><v>9700</v></c><c r="M29" s="2"><v>825</v></c><c r="N29"><v>4.5</v></c><c r="O29"><v>4.75</v></c><c r="P29" s="2"><v>150</v></c><c r="Q29"><v>-0.3</v></c><c r="R29"><v>4.5</v></c><c r="S29"><v>32.18</v></c><c r="T29" s="2"><v>777</v></c><c r="U29" s="2"><v>-6975</v></c><c r="V29" s="2"><v>59475</v></c><c r="W29" t="s"><v>228</v></c></row><row r="30" spans="1:23" x14ac:dyDescent="0.35"><c r="A30" t="s"><v>228</v></c><c r="B30" s="2" t="s"><v>19</v></c><c r="C30" s="2" t="s"><v>19</v></c><c r="D30" t="s"><v>19</v></c><c r="E30" t="s"><v>19</v></c><c r="F30" s="1" t="s"><v>19</v></c><c r="G30" t="s"><v>19</v></c><c r="H30" s="2"><v>375</v></c><c r="I30" s="1"><v>1894.5</v></c><c r="J30" s="1"><v>2277.6999999999998</v></c><c r="K30" s="2"><v>4950</v></c><c r="L30"><v>9750</v></c><c r="M30" s="2"><v>150</v></c><c r="N30"><v>1.4</v></c><c r="O30" t="s"><v>19</v></c><c r="P30" s="2" t="s"><v>19</v></c><c r="Q30" t="s"><v>19</v></c><c r="R30" t="s"><v>19</v></c><c r="S30" t="s"><v>19</v></c><c r="T30" s="2" t="s"><v>19</v></c><c r="U30" s="2" t="s"><v>19</v></c><c r="V30" s="2" t="s"><v>19</v></c><c r="W30" t="s"><v>228</v></c></row><row r="31" spans="1:23" x14ac:dyDescent="0.35"><c r="A31" t="s"><v>228</v></c><c r="B31" s="2"><v>27000</v></c><c r="C31" s="2" t="s"><v>19</v></c><c r="D31"><v>56</v></c><c r="E31" t="s"><v>19</v></c><c r="F31" s="1"><v>1971.15</v></c><c r="G31"><v>7.2</v></c><c r="H31" s="2"><v>75</v></c><c r="I31" s="1"><v>1940.4</v></c><c r="J31" s="1"><v>1952.2</v></c><c r="K31" s="2"><v>75</v></c><c r="L31"><v>9800</v></c><c r="M31" s="2"><v>1050</v></c><c r="N31"><v>5.0999999999999996</v></c><c r="O31"><v>6</v></c><c r="P31" s="2"><v>75</v></c><c r="Q31"><v>0.3</v></c><c r="R31"><v>5.9</v></c><c r="S31"><v>31.91</v></c><c r="T31" s="2"><v>127</v></c><c r="U31" s="2"><v>300</v></c><c r="V31" s="2"><v>24600</v></c><c r="W31" t="s"><v>228</v></c></row><row r="32" spans="1:23" x14ac:dyDescent="0.35"><c r="A32" t="s"><v>228</v></c><c r="B32" s="2" t="s"><v>19</v></c><c r="C32" t="s"><v>19</v></c><c r="D32" t="s"><v>19</v></c><c r="E32" t="s"><v>19</v></c><c r="F32" s="1" t="s"><v>19</v></c><c r="G32" t="s"><v>19</v></c><c r="H32" s="2"><v>2625</v></c><c r="I32" s="1"><v>1709.8</v></c><c r="J32" s="1"><v>2166.8000000000002</v></c><c r="K32" s="2"><v>4950</v></c><c r="L32"><v>9850</v></c><c r="M32" s="2"><v>300</v></c><c r="N32"><v>3.05</v></c><c r="O32" t="s"><v>19</v></c><c r="P32" s="2" t="s"><v>19</v></c><c r="Q32" t="s"><v>19</v></c><c r="R32" t="s"><v>19</v></c><c r="S32" t="s"><v>19</v></c><c r="T32" s="2" t="s"><v>19</v></c><c r="U32" s="2" t="s"><v>19</v></c><c r="V32" s="2" t="s"><v>19</v></c><c r="W32" t="s"><v>228</v></c></row><row r="33" spans="1:23" x14ac:dyDescent="0.35"><c r="A33" t="s"><v>228</v></c><c r="B33" s="2"><v>13200</v></c><c r="C33" t="s"><v>19</v></c><c r="D33" s="2" t="s"><v>19</v></c><c r="E33" t="s"><v>19</v></c><c r="F33" s="1" t="s"><v>19</v></c><c r="G33" t="s"><v>19</v></c><c r="H33" s="2"><v>75</v></c><c r="I33" s="1"><v>1842.35</v></c><c r="J33" s="1"><v>1860.8</v></c><c r="K33" s="2"><v>750</v></c><c r="L33"><v>9900</v></c><c r="M33" s="2"><v>75</v></c><c r="N33"><v>6.65</v></c><c r="O33"><v>7.7</v></c><c r="P33" s="2"><v>225</v></c><c r="Q33"><v>1</v></c><c r="R33"><v>7</v></c><c r="S33"><v>31.19</v></c><c r="T33" s="2"><v>10</v></c><c r="U33" s="2"><v>225</v></c><c r="V33" s="2"><v>8775</v></c><c r="W33" t="s"><v>228</v></c></row><row r="34" spans="1:23" x14ac:dyDescent="0.35"><c r="A34" t="s"><v>228</v></c><c r="B34" s="2" t="s"><v>19</v></c><c r="C34" t="s"><v>19</v></c><c r="D34" t="s"><v>19</v></c><c r="E34" t="s"><v>19</v></c><c r="F34" s="1" t="s"><v>19</v></c><c r="G34" t="s"><v>19</v></c><c r="H34" s="2"><v>2625</v></c><c r="I34" s="1"><v>1630.1</v></c><c r="J34" s="1"><v>2053.5500000000002</v></c><c r="K34" s="2"><v>4950</v></c><c r="L34"><v>9950</v></c><c r="M34" s="2"><v>300</v></c><c r="N34"><v>3.05</v></c><c r="O34" t="s"><v>19</v></c><c r="P34" s="2" t="s"><v>19</v></c><c r="Q34" t="s"><v>19</v></c><c r="R34" t="s"><v>19</v></c><c r="S34" t="s"><v>19</v></c><c r="T34" s="2" t="s"><v>19</v></c><c r="U34" s="2" t="s"><v>19</v></c><c r="V34" s="2" t="s"><v>19</v></c><c r="W34" t="s"><v>228</v></c></row><row r="35" spans="1:23" x14ac:dyDescent="0.35"><c r="A35" t="s"><v>228</v></c><c r="B35" s="2"><v>622350</v></c><c r="C35" s="2"><v>-1800</v></c><c r="D35"><v>210</v></c><c r="E35" t="s"><v>19</v></c><c r="F35" s="1"><v>1752.5</v></c><c r="G35"><v>-23.95</v></c><c r="H35" s="2"><v>600</v></c><c r="I35" s="1"><v>1750.15</v></c><c r="J35" s="1"><v>1757.55</v></c><c r="K35" s="2"><v>150</v></c><c r="L35"><v>10000</v></c><c r="M35" s="2"><v>450</v></c><c r="N35"><v>8.35</v></c><c r="O35"><v>8.85</v></c><c r="P35" s="2"><v>450</v></c><c r="Q35"><v>1</v></c><c r="R35"><v>8.5</v></c><c r="S35"><v>30.41</v></c><c r="T35" s="2"><v>3132</v></c><c r="U35" s="2"><v>13875</v></c><c r="V35" s="2"><v>782775</v></c><c r="W35" t="s"><v>228</v></c></row><row r="36" spans="1:23" x14ac:dyDescent="0.35"><c r="A36" t="s"><v>228</v></c><c r="B36" s="2" t="s"><v>19</v></c><c r="C36" t="s"><v>19</v></c><c r="D36" t="s"><v>19</v></c><c r="E36" t="s"><v>19</v></c><c r="F36" s="1" t="s"><v>19</v></c><c r="G36" t="s"><v>19</v></c><c r="H36" s="2"><v>375</v></c><c r="I36" s="1"><v>1602.4</v></c><c r="J36" s="1"><v>1943.95</v></c><c r="K36" s="2"><v>4950</v></c><c r="L36"><v>10050</v></c><c r="M36" s="2"><v>900</v></c><c r="N36"><v>3.05</v></c><c r="O36" t="s"><v>19</v></c><c r="P36" s="2" t="s"><v>19</v></c><c r="Q36" t="s"><v>19</v></c><c r="R36" t="s"><v>19</v></c><c r="S36" t="s"><v>19</v></c><c r="T36" s="2" t="s"><v>19</v></c><c r="U36" s="2" t="s"><v>19</v></c><c r="V36" s="2" t="s"><v>19</v></c><c r="W36" t="s"><v>228</v></c></row><row r="37" spans="1:23" x14ac:dyDescent="0.35"><c r="A37" t="s"><v>228</v></c><c r="B37" s="2"><v>1050</v></c><c r="C37" s="2" t="s"><v>19</v></c><c r="D37" t="s"><v>19</v></c><c r="E37" t="s"><v>19</v></c><c r="F37" s="1" t="s"><v>19</v></c><c r="G37" t="s"><v>19</v></c><c r="H37" s="2"><v>75</v></c><c r="I37" s="1"><v>1645.05</v></c><c r="J37" s="1"><v>1681.35</v></c><c r="K37" s="2"><v>450</v></c><c r="L37"><v>10100</v></c><c r="M37" s="2"><v>150</v></c><c r="N37"><v>8.15</v></c><c r="O37"><v>8.9</v></c><c r="P37" s="2"><v>75</v></c><c r="Q37"><v>0.95</v></c><c r="R37"><v>8.6</v></c><c r="S37"><v>29.07</v></c><c r="T37" s="2"><v>525</v></c><c r="U37" s="2"><v>4575</v></c><c r="V37" s="2"><v>9525</v></c><c r="W37" t="s"><v>228</v></c></row><row r="38" spans="1:23" x14ac:dyDescent="0.35"><c r="A38" t="s"><v>228</v></c><c r="B38" s="2" t="s"><v>19</v></c><c r="C38" s="2" t="s"><v>19</v></c><c r="D38" t="s"><v>19</v></c><c r="E38" t="s"><v>19</v></c><c r="F38" s="1" t="s"><v>19</v></c><c r="G38" t="s"><v>19</v></c><c r="H38" s="2"><v>375</v></c><c r="I38" s="1"><v>1509.3</v></c><c r="J38" s="1"><v>1792.75</v></c><c r="K38" s="2"><v>4950</v></c><c r="L38"><v>10150</v></c><c r="M38" s="2"><v>5400</v></c><c r="N38"><v>3.05</v></c><c r="O38" t="s"><v>19</v></c><c r="P38" s="2" t="s"><v>19</v></c><c r="Q38" t="s"><v>19</v></c><c r="R38" t="s"><v>19</v></c><c r="S38" t="s"><v>19</v></c><c r="T38" s="2" t="s"><v>19</v></c><c r="U38" s="2" t="s"><v>19</v></c><c r="V38" s="2" t="s"><v>19</v></c><c r="W38" t="s"><v>228</v></c></row><row r="39" spans="1:23" x14ac:dyDescent="0.35"><c r="A39" t="s"><v>228</v></c><c r="B39" s="2"><v>8025</v></c><c r="C39" s="2" t="s"><v>19</v></c><c r="D39" s="2"><v>1</v></c><c r="E39" t="s"><v>19</v></c><c r="F39" s="1"><v>1570.85</v></c><c r="G39"><v>60.85</v></c><c r="H39" s="2"><v>75</v></c><c r="I39" s="1"><v>1545.9</v></c><c r="J39" s="1"><v>1570.55</v></c><c r="K39" s="2"><v>75</v></c><c r="L39"><v>10200</v></c><c r="M39" s="2"><v>75</v></c><c r="N39"><v>8.85</v></c><c r="O39"><v>11.2</v></c><c r="P39" s="2"><v>75</v></c><c r="Q39"><v>1.95</v></c><c r="R39"><v>10.199999999999999</v></c><c r="S39"><v>28.15</v></c><c r="T39" s="2"><v>2040</v></c><c r="U39" s="2"><v>14850</v></c><c r="V39" s="2"><v>114975</v></c><c r="W39" t="s"><v>228</v></c></row><row r="40" spans="1:23" x14ac:dyDescent="0.35"><c r="A40" t="s"><v>228</v></c><c r="B40" s="2" t="s"><v>19</v></c><c r="C40" s="2" t="s"><v>19</v></c><c r="D40" s="2" t="s"><v>19</v></c><c r="E40" t="s"><v>19</v></c><c r="F40" s="1" t="s"><v>19</v></c><c r="G40" t="s"><v>19</v></c><c r="H40" s="2"><v>2550</v></c><c r="I40" s="1"><v>1357.7</v></c><c r="J40" s="1"><v>1694.85</v></c><c r="K40" s="2"><v>4950</v></c><c r="L40"><v>10250</v></c><c r="M40" s="2"><v>8400</v></c><c r="N40"><v>3.05</v></c><c r="O40" t="s"><v>19</v></c><c r="P40" s="2" t="s"><v>19</v></c><c r="Q40" t="s"><v>19</v></c><c r="R40" t="s"><v>19</v></c><c r="S40" t="s"><v>19</v></c><c r="T40" s="2" t="s"><v>19</v></c><c r="U40" s="2" t="s"><v>19</v></c><c r="V40" s="2" t="s"><v>19</v></c><c r="W40" t="s"><v>228</v></c></row><row r="41" spans="1:23" x14ac:dyDescent="0.35"><c r="A41" t="s"><v>228</v></c><c r="B41" s="2"><v>20100</v></c><c r="C41" s="2" t="s"><v>19</v></c><c r="D41"><v>38</v></c><c r="E41" t="s"><v>19</v></c><c r="F41" s="1"><v>1445.55</v></c><c r="G41"><v>-11.55</v></c><c r="H41" s="2"><v>75</v></c><c r="I41" s="1"><v>1451.8</v></c><c r="J41" s="1"><v>1461.3</v></c><c r="K41" s="2"><v>75</v></c><c r="L41"><v>10300</v></c><c r="M41" s="2"><v>75</v></c><c r="N41"><v>11.7</v></c><c r="O41"><v>12.5</v></c><c r="P41" s="2"><v>75</v></c><c r="Q41"><v>2.5</v></c><c r="R41"><v>12.45</v></c><c r="S41"><v>27.53</v></c><c r="T41" s="2"><v>2869</v></c><c r="U41" s="2"><v>2025</v></c><c r="V41" s="2"><v>242700</v></c><c r="W41" t="s"><v>228</v></c></row><row r="42" spans="1:23" x14ac:dyDescent="0.35"><c r="A42" t="s"><v>228</v></c><c r="B42" s="2" t="s"><v>19</v></c><c r="C42" s="2" t="s"><v>19</v></c><c r="D42" s="2" t="s"><v>19</v></c><c r="E42" t="s"><v>19</v></c><c r="F42" s="1" t="s"><v>19</v></c><c r="G42" t="s"><v>19</v></c><c r="H42" s="2"><v>1200</v></c><c r="I42" s="1"><v>1314.1</v></c><c r="J42" s="1"><v>1586.85</v></c><c r="K42" s="2"><v>4950</v></c><c r="L42"><v>10350</v></c><c r="M42" s="2"><v>12300</v></c><c r="N42"><v>3.05</v></c><c r="O42" t="s"><v>19</v></c><c r="P42" s="2" t="s"><v>19</v></c><c r="Q42" t="s"><v>19</v></c><c r="R42" t="s"><v>19</v></c><c r="S42" t="s"><v>19</v></c><c r="T42" s="2" t="s"><v>19</v></c><c r="U42" s="2" t="s"><v>19</v></c><c r="V42" s="2" t="s"><v>19</v></c><c r="W42" t="s"><v>228</v></c></row><row r="43" spans="1:23" x14ac:dyDescent="0.35"><c r="A43" t="s"><v>228</v></c><c r="B43" s="2"><v>31950</v></c><c r="C43" t="s"><v>19</v></c><c r="D43"><v>25</v></c><c r="E43" t="s"><v>19</v></c><c r="F43" s="1"><v>1359.7</v></c><c r="G43"><v>22.55</v></c><c r="H43" s="2"><v>225</v></c><c r="I43" s="1"><v>1357</v></c><c r="J43" s="1"><v>1365.9</v></c><c r="K43" s="2"><v>75</v></c><c r="L43"><v>10400</v></c><c r="M43" s="2"><v>225</v></c><c r="N43"><v>16.25</v></c><c r="O43"><v>17</v></c><c r="P43" s="2"><v>225</v></c><c r="Q43"><v>2.2000000000000002</v></c><c r="R43"><v>16.3</v></c><c r="S43"><v>27.55</v></c><c r="T43" s="2"><v>1225</v></c><c r="U43" s="2"><v>7200</v></c><c r="V43" s="2"><v>134250</v></c><c r="W43" t="s"><v>228</v></c></row><row r="44" spans="1:23" x14ac:dyDescent="0.35"><c r="A44" t="s"><v>228</v></c><c r="B44" s="2"><v>750</v></c><c r="C44" s="2" t="s"><v>19</v></c><c r="D44" s="2" t="s"><v>19</v></c><c r="E44" t="s"><v>19</v></c><c r="F44" s="1" t="s"><v>19</v></c><c r="G44" t="s"><v>19</v></c><c r="H44" s="2"><v>300</v></c><c r="I44" s="1"><v>1267.5</v></c><c r="J44" s="1"><v>1458.9</v></c><c r="K44" s="2"><v>3000</v></c><c r="L44"><v>10450</v></c><c r="M44" s="2"><v>12300</v></c><c r="N44"><v>3.1</v></c><c r="O44" t="s"><v>19</v></c><c r="P44" s="2" t="s"><v>19</v></c><c r="Q44" t="s"><v>19</v></c><c r="R44" t="s"><v>19</v></c><c r="S44" t="s"><v>19</v></c><c r="T44" s="2" t="s"><v>19</v></c><c r="U44" s="2" t="s"><v>19</v></c><c r="V44" s="2" t="s"><v>19</v></c><c r="W44" t="s"><v>228</v></c></row><row r="45" spans="1:23" x14ac:dyDescent="0.35"><c r="A45" t="s"><v>228</v></c><c r="B45" s="2"><v>312375</v></c><c r="C45" s="2"><v>150</v></c><c r="D45"><v>85</v></c><c r="E45" t="s"><v>19</v></c><c r="F45" s="1"><v>1270.3499999999999</v></c><c r="G45"><v>-19.3</v></c><c r="H45" s="2"><v>150</v></c><c r="I45" s="1"><v>1266.6500000000001</v></c><c r="J45" s="1"><v>1273.3</v></c><c r="K45" s="2"><v>75</v></c><c r="L45"><v>10500</v></c><c r="M45" s="2"><v>225</v></c><c r="N45"><v>22.5</v></c><c r="O45"><v>22.8</v></c><c r="P45" s="2"><v>1350</v></c><c r="Q45"><v>3.25</v></c><c r="R45"><v>22.7</v></c><c r="S45"><v>27.54</v></c><c r="T45" s="2"><v>4703</v></c><c r="U45" s="2"><v>24225</v></c><c r="V45" s="2"><v>1513125</v></c><c r="W45" t="s"><v>228</v></c></row><row r="46" spans="1:23" x14ac:dyDescent="0.35"><c r="A46" t="s"><v>228</v></c><c r="B46" s="2"><v>75</v></c><c r="C46" s="2" t="s"><v>19</v></c><c r="D46" s="2" t="s"><v>19</v></c><c r="E46" t="s"><v>19</v></c><c r="F46" s="1" t="s"><v>19</v></c><c r="G46" t="s"><v>19</v></c><c r="H46" s="2"><v>1200</v></c><c r="I46" s="1"><v>1104.75</v></c><c r="J46" s="1"><v>1361.9</v></c><c r="K46" s="2"><v>3000</v></c><c r="L46"><v>10550</v></c><c r="M46" s="2"><v>16800</v></c><c r="N46"><v>3.25</v></c><c r="O46" t="s"><v>19</v></c><c r="P46" s="2" t="s"><v>19</v></c><c r="Q46" t="s"><v>19</v></c><c r="R46" t="s"><v>19</v></c><c r="S46" t="s"><v>19</v></c><c r="T46" s="2" t="s"><v>19</v></c><c r="U46" s="2" t="s"><v>19</v></c><c r="V46" s="2" t="s"><v>19</v></c><c r="W46" t="s"><v>228</v></c></row><row r="47" spans="1:23" x14ac:dyDescent="0.35"><c r="A47" t="s"><v>228</v></c><c r="B47" s="2"><v>53625</v></c><c r="C47"><v>150</v></c><c r="D47"><v>3</v></c><c r="E47" t="s"><v>19</v></c><c r="F47" s="1"><v>1176</v></c><c r="G47"><v>32.25</v></c><c r="H47" s="2"><v>75</v></c><c r="I47" s="1"><v>1166.95</v></c><c r="J47" s="1"><v>1184.0999999999999</v></c><c r="K47" s="2"><v>75</v></c><c r="L47"><v>10600</v></c><c r="M47" s="2"><v>2250</v></c><c r="N47"><v>29.15</v></c><c r="O47"><v>29.2</v></c><c r="P47" s="2"><v>3600</v></c><c r="Q47"><v>3.95</v></c><c r="R47"><v>29.15</v></c><c r="S47"><v>27.39</v></c><c r="T47" s="2"><v>2145</v></c><c r="U47" s="2"><v>30825</v></c><c r="V47" s="2"><v>244875</v></c><c r="W47" t="s"><v>228</v></c></row><row r="48" spans="1:23" x14ac:dyDescent="0.35"><c r="A48" t="s"><v>228</v></c><c r="B48" s="2"><v>150</v></c><c r="C48" s="2" t="s"><v>19</v></c><c r="D48" s="2" t="s"><v>19</v></c><c r="E48" t="s"><v>19</v></c><c r="F48" s="1" t="s"><v>19</v></c><c r="G48" t="s"><v>19</v></c><c r="H48" s="2"><v>1200</v></c><c r="I48" s="1"><v>1011.4</v></c><c r="J48" s="1"><v>1249.95</v></c><c r="K48" s="2"><v>1200</v></c><c r="L48"><v>10650</v></c><c r="M48" s="2"><v>12300</v></c><c r="N48"><v>3.5</v></c><c r="O48" t="s"><v>19</v></c><c r="P48" s="2" t="s"><v>19</v></c><c r="Q48" t="s"><v>19</v></c><c r="R48" t="s"><v>19</v></c><c r="S48" t="s"><v>19</v></c><c r="T48" s="2" t="s"><v>19</v></c><c r="U48" s="2" t="s"><v>19</v></c><c r="V48" s="2" t="s"><v>19</v></c><c r="W48" t="s"><v>228</v></c></row><row r="49" spans="1:23" x14ac:dyDescent="0.35"><c r="A49" t="s"><v>228</v></c><c r="B49" s="2"><v>135150</v></c><c r="C49" s="2"><v>-75</v></c><c r="D49" s="2"><v>89</v></c><c r="E49" t="s"><v>19</v></c><c r="F49" s="1"><v>1086.3</v></c><c r="G49"><v>-20.3</v></c><c r="H49" s="2"><v>150</v></c><c r="I49" s="1"><v>1080.75</v></c><c r="J49" s="1"><v>1095.4000000000001</v></c><c r="K49" s="2"><v>75</v></c><c r="L49"><v>10700</v></c><c r="M49" s="2"><v>75</v></c><c r="N49"><v>36</v></c><c r="O49"><v>37.4</v></c><c r="P49" s="2"><v>75</v></c><c r="Q49"><v>4.5</v></c><c r="R49"><v>37.049999999999997</v></c><c r="S49"><v>27.22</v></c><c r="T49" s="2"><v>2551</v></c><c r="U49" s="2"><v>9900</v></c><c r="V49" s="2"><v>288225</v></c><c r="W49" t="s"><v>228</v></c></row><row r="50" spans="1:23" x14ac:dyDescent="0.35"><c r="A50" t="s"><v>228</v></c><c r="B50" s="2"><v>75</v></c><c r="C50" s="2" t="s"><v>19</v></c><c r="D50" s="2" t="s"><v>19</v></c><c r="E50" t="s"><v>19</v></c><c r="F50" s="1" t="s"><v>19</v></c><c r="G50" t="s"><v>19</v></c><c r="H50" s="2"><v>1200</v></c><c r="I50" s="1"><v>923.55</v></c><c r="J50" s="1"><v>1168.9000000000001</v></c><c r="K50" s="2"><v>1200</v></c><c r="L50"><v>10750</v></c><c r="M50" s="2"><v>12300</v></c><c r="N50"><v>4.0999999999999996</v></c><c r="O50" t="s"><v>19</v></c><c r="P50" s="2" t="s"><v>19</v></c><c r="Q50" t="s"><v>19</v></c><c r="R50" t="s"><v>19</v></c><c r="S50" t="s"><v>19</v></c><c r="T50" s="2" t="s"><v>19</v></c><c r="U50" s="2" t="s"><v>19</v></c><c r="V50" s="2" t="s"><v>19</v></c><c r="W50" t="s"><v>228</v></c></row><row r="51" spans="1:23" x14ac:dyDescent="0.35"><c r="A51" t="s"><v>228</v></c><c r="B51" s="2"><v>145050</v></c><c r="C51" s="2"><v>-375</v></c><c r="D51" s="2"><v>48</v></c><c r="E51" t="s"><v>19</v></c><c r="F51" s="1"><v>999.25</v></c><c r="G51"><v>-19.05</v></c><c r="H51" s="2"><v>75</v></c><c r="I51" s="1"><v>993.5</v></c><c r="J51" s="1"><v>1002.2</v></c><c r="K51" s="2"><v>75</v></c><c r="L51"><v>10800</v></c><c r="M51" s="2"><v>1050</v></c><c r="N51"><v>45.2</v></c><c r="O51"><v>48.55</v></c><c r="P51" s="2"><v>75</v></c><c r="Q51"><v>7.2</v></c><c r="R51"><v>47.6</v></c><c r="S51"><v>27.13</v></c><c r="T51" s="2"><v>4922</v></c><c r="U51" s="2"><v>-46575</v></c><c r="V51" s="2"><v>548775</v></c><c r="W51" t="s"><v>228</v></c></row><row r="52" spans="1:23" x14ac:dyDescent="0.35"><c r="A52" t="s"><v>228</v></c><c r="B52" s="2"><v>225</v></c><c r="C52" s="2" t="s"><v>19</v></c><c r="D52" s="2" t="s"><v>19</v></c><c r="E52" t="s"><v>19</v></c><c r="F52" s="1" t="s"><v>19</v></c><c r="G52" t="s"><v>19</v></c><c r="H52" s="2"><v>2625</v></c><c r="I52" s="1"><v>829.55</v></c><c r="J52" s="1"><v>1082.9000000000001</v></c><c r="K52" s="2"><v>3000</v></c><c r="L52"><v>10850</v></c><c r="M52" s="2"><v>12300</v></c><c r="N52"><v>7.3</v></c><c r="O52" t="s"><v>19</v></c><c r="P52" s="2" t="s"><v>19</v></c><c r="Q52" t="s"><v>19</v></c><c r="R52" t="s"><v>19</v></c><c r="S52" t="s"><v>19</v></c><c r="T52" s="2" t="s"><v>19</v></c><c r="U52" s="2" t="s"><v>19</v></c><c r="V52" s="2" t="s"><v>19</v></c><c r="W52" t="s"><v>228</v></c></row><row r="53" spans="1:23" x14ac:dyDescent="0.35"><c r="A53" t="s"><v>228</v></c><c r="B53" s="2"><v>44625</v></c><c r="C53" s="2"><v>-2625</v></c><c r="D53" s="2"><v>70</v></c><c r="E53"><v>22.12</v></c><c r="F53" s="1"><v>935</v></c><c r="G53"><v>55</v></c><c r="H53" s="2"><v>75</v></c><c r="I53" s="1"><v>902.15</v></c><c r="J53" s="1"><v>916.65</v></c><c r="K53" s="2"><v>75</v></c><c r="L53"><v>10900</v></c><c r="M53" s="2"><v>75</v></c><c r="N53"><v>56.35</v></c><c r="O53"><v>58.75</v></c><c r="P53" s="2"><v>75</v></c><c r="Q53"><v>7.65</v></c><c r="R53"><v>58.45</v></c><c r="S53"><v>26.67</v></c><c r="T53" s="2"><v>4741</v></c><c r="U53" s="2"><v>54450</v></c><c r="V53" s="2"><v>498675</v></c><c r="W53" t="s"><v>228</v></c></row><row r="54" spans="1:23" x14ac:dyDescent="0.35"><c r="A54" t="s"><v>228</v></c><c r="B54" s="2"><v>225</v></c><c r="C54" s="2" t="s"><v>19</v></c><c r="D54" s="2" t="s"><v>19</v></c><c r="E54" t="s"><v>19</v></c><c r="F54" s="1" t="s"><v>19</v></c><c r="G54" t="s"><v>19</v></c><c r="H54" s="2"><v>1125</v></c><c r="I54" s="1"><v>732.65</v></c><c r="J54" s="1"><v>983.35</v></c><c r="K54" s="2"><v>4950</v></c><c r="L54"><v>10950</v></c><c r="M54" s="2"><v>7800</v></c><c r="N54"><v>13.5</v></c><c r="O54" t="s"><v>19</v></c><c r="P54" s="2" t="s"><v>19</v></c><c r="Q54" t="s"><v>19</v></c><c r="R54" t="s"><v>19</v></c><c r="S54" t="s"><v>19</v></c><c r="T54" s="2" t="s"><v>19</v></c><c r="U54" s="2" t="s"><v>19</v></c><c r="V54" s="2" t="s"><v>19</v></c><c r="W54" t="s"><v>228</v></c></row><row r="55" spans="1:23" x14ac:dyDescent="0.35"><c r="A55" t="s"><v>228</v></c><c r="B55" s="2"><v>466725</v></c><c r="C55" s="2"><v>-31425</v></c><c r="D55" s="2"><v>719</v></c><c r="E55"><v>18.82</v></c><c r="F55" s="1"><v>828.4</v></c><c r="G55"><v>-15.85</v></c><c r="H55" s="2"><v>225</v></c><c r="I55" s="1"><v>825</v></c><c r="J55" s="1"><v>830</v></c><c r="K55" s="2"><v>75</v></c><c r="L55"><v>11000</v></c><c r="M55" s="2"><v>75</v></c><c r="N55"><v>74</v></c><c r="O55"><v>74.05</v></c><c r="P55" s="2"><v>600</v></c><c r="Q55"><v>7.9</v></c><c r="R55"><v>74.05</v></c><c r="S55"><v>26.68</v></c><c r="T55" s="2"><v>18466</v></c><c r="U55" s="2"><v>600</v></c><c r="V55" s="2"><v>2188875</v></c><c r="W55" t="s"><v>228</v></c></row><row r="56" spans="1:23" x14ac:dyDescent="0.35"><c r="A56" t="s"><v>228</v></c><c r="B56" s="2"><v>75</v></c><c r="C56" s="2" t="s"><v>19</v></c><c r="D56" s="2" t="s"><v>19</v></c><c r="E56" t="s"><v>19</v></c><c r="F56" s="1" t="s"><v>19</v></c><c r="G56" t="s"><v>19</v></c><c r="H56" s="2"><v>1125</v></c><c r="I56" s="1"><v>637.4</v></c><c r="J56" s="1"><v>907.85</v></c><c r="K56" s="2"><v>4950</v></c><c r="L56"><v>11050</v></c><c r="M56" s="2"><v>7350</v></c><c r="N56"><v>23.55</v></c><c r="O56" t="s"><v>19</v></c><c r="P56" s="2" t="s"><v>19</v></c><c r="Q56" t="s"><v>19</v></c><c r="R56" t="s"><v>19</v></c><c r="S56" t="s"><v>19</v></c><c r="T56" s="2" t="s"><v>19</v></c><c r="U56" s="2" t="s"><v>19</v></c><c r="V56" s="2" t="s"><v>19</v></c><c r="W56" t="s"><v>228</v></c></row><row r="57" spans="1:23" x14ac:dyDescent="0.35"><c r="A57" t="s"><v>228</v></c><c r="B57" s="2"><v>54750</v></c><c r="C57" s="2"><v>-1425</v></c><c r="D57" s="2"><v>34</v></c><c r="E57"><v>19.91</v></c><c r="F57" s="1"><v>746.65</v></c><c r="G57"><v>-19</v></c><c r="H57" s="2"><v>75</v></c><c r="I57" s="1"><v>740.75</v></c><c r="J57" s="1"><v>747.85</v></c><c r="K57" s="2"><v>75</v></c><c r="L57"><v>11100</v></c><c r="M57" s="2"><v>75</v></c><c r="N57"><v>91.2</v></c><c r="O57"><v>92.35</v></c><c r="P57" s="2"><v>75</v></c><c r="Q57"><v>9.8000000000000007</v></c><c r="R57"><v>92</v></c><c r="S57"><v>26.47</v></c><c r="T57" s="2"><v>6256</v></c><c r="U57" s="2"><v>101850</v></c><c r="V57" s="2"><v>368250</v></c><c r="W57" t="s"><v>228</v></c></row><row r="58" spans="1:23" x14ac:dyDescent="0.35"><c r="A58" t="s"><v>228</v></c><c r="B58" s="2"><v>300</v></c><c r="C58" s="2" t="s"><v>19</v></c><c r="D58" s="2" t="s"><v>19</v></c><c r="E58" t="s"><v>19</v></c><c r="F58" s="1" t="s"><v>19</v></c><c r="G58" t="s"><v>19</v></c><c r="H58" s="2"><v>375</v></c><c r="I58" s="1"><v>518.15</v></c><c r="J58" s="1"><v>823.8</v></c><c r="K58" s="2"><v>4950</v></c><c r="L58"><v>11150</v></c><c r="M58" s="2"><v>7800</v></c><c r="N58"><v>39.25</v></c><c r="O58" t="s"><v>19</v></c><c r="P58" s="2" t="s"><v>19</v></c><c r="Q58" t="s"><v>19</v></c><c r="R58" t="s"><v>19</v></c><c r="S58" t="s"><v>19</v></c><c r="T58" s="2" t="s"><v>19</v></c><c r="U58" s="2" t="s"><v>19</v></c><c r="V58" s="2" t="s"><v>19</v></c><c r="W58" t="s"><v>228</v></c></row><row r="59" spans="1:23" x14ac:dyDescent="0.35"><c r="A59" t="s"><v>228</v></c><c r="B59" s="2"><v>72150</v></c><c r="C59" s="2"><v>-225</v></c><c r="D59" s="2"><v>59</v></c><c r="E59"><v>21.4</v></c><c r="F59" s="1"><v>670</v></c><c r="G59"><v>-12.95</v></c><c r="H59" s="2"><v>75</v></c><c r="I59" s="1"><v>664.05</v></c><c r="J59" s="1"><v>673.1</v></c><c r="K59" s="2"><v>75</v></c><c r="L59"><v>11200</v></c><c r="M59" s="2"><v>300</v></c><c r="N59"><v>113</v></c><c r="O59"><v>115</v></c><c r="P59" s="2"><v>75</v></c><c r="Q59"><v>11.65</v></c><c r="R59"><v>113.95</v></c><c r="S59"><v>26.48</v></c><c r="T59" s="2"><v>5823</v></c><c r="U59" s="2"><v>20550</v></c><c r="V59" s="2"><v>707025</v></c><c r="W59" t="s"><v>228</v></c></row><row r="60" spans="1:23" x14ac:dyDescent="0.35"><c r="A60" t="s"><v>228</v></c><c r="B60" s="2"><v>675</v></c><c r="C60" s="2" t="s"><v>19</v></c><c r="D60" s="2" t="s"><v>19</v></c><c r="E60" t="s"><v>19</v></c><c r="F60" s="1" t="s"><v>19</v></c><c r="G60" t="s"><v>19</v></c><c r="H60" s="2"><v>2625</v></c><c r="I60" s="1"><v>446.6</v></c><c r="J60" s="1"><v>729.9</v></c><c r="K60" s="2"><v>150</v></c><c r="L60"><v>11250</v></c><c r="M60" s="2"><v>4800</v></c><c r="N60"><v>62.3</v></c><c r="O60" t="s"><v>19</v></c><c r="P60" s="2" t="s"><v>19</v></c><c r="Q60" t="s"><v>19</v></c><c r="R60" t="s"><v>19</v></c><c r="S60" t="s"><v>19</v></c><c r="T60" s="2" t="s"><v>19</v></c><c r="U60" s="2" t="s"><v>19</v></c><c r="V60" s="2" t="s"><v>19</v></c><c r="W60" t="s"><v>228</v></c></row><row r="61" spans="1:23" x14ac:dyDescent="0.35"><c r="A61" t="s"><v>228</v></c><c r="B61" s="2"><v>158100</v></c><c r="C61" s="2"><v>1650</v></c><c r="D61" s="2"><v>106</v></c><c r="E61"><v>21.83</v></c><c r="F61" s="1"><v>601.15</v></c><c r="G61"><v>-6.95</v></c><c r="H61" s="2"><v>75</v></c><c r="I61" s="1"><v>593.75</v></c><c r="J61" s="1"><v>601.25</v></c><c r="K61" s="2"><v>75</v></c><c r="L61"><v>11300</v></c><c r="M61" s="2"><v>75</v></c><c r="N61"><v>138.65</v></c><c r="O61"><v>140</v></c><c r="P61" s="2"><v>825</v></c><c r="Q61"><v>13.8</v></c><c r="R61"><v>139.19999999999999</v></c><c r="S61"><v>26.34</v></c><c r="T61" s="2"><v>4813</v></c><c r="U61" s="2"><v>29850</v></c><c r="V61" s="2"><v>511200</v></c><c r="W61" t="s"><v>228</v></c></row><row r="62" spans="1:23" x14ac:dyDescent="0.35"><c r="A62" t="s"><v>228</v></c><c r="B62" s="2"><v>225</v></c><c r="C62" s="2" t="s"><v>19</v></c><c r="D62" s="2" t="s"><v>19</v></c><c r="E62" t="s"><v>19</v></c><c r="F62" s="1" t="s"><v>19</v></c><c r="G62" t="s"><v>19</v></c><c r="H62" s="2"><v>1125</v></c><c r="I62" s="1"><v>391.35</v></c><c r="J62" s="1"><v>668.3</v></c><c r="K62" s="2"><v>1125</v></c><c r="L62"><v>11350</v></c><c r="M62" s="2"><v>6750</v></c><c r="N62"><v>94.45</v></c><c r="O62" t="s"><v>19</v></c><c r="P62" s="2" t="s"><v>19</v></c><c r="Q62" t="s"><v>19</v></c><c r="R62" t="s"><v>19</v></c><c r="S62" t="s"><v>19</v></c><c r="T62" s="2" t="s"><v>19</v></c><c r="U62" s="2" t="s"><v>19</v></c><c r="V62" s="2" t="s"><v>19</v></c><c r="W62" t="s"><v>228</v></c></row><row r="63" spans="1:23" x14ac:dyDescent="0.35"><c r="A63" t="s"><v>228</v></c><c r="B63" s="2"><v>165300</v></c><c r="C63" s="2"><v>1800</v></c><c r="D63" s="2"><v>146</v></c><c r="E63"><v>21.48</v></c><c r="F63" s="1"><v>525</v></c><c r="G63"><v>-10.45</v></c><c r="H63" s="2"><v>75</v></c><c r="I63" s="1"><v>519.85</v></c><c r="J63" s="1"><v>525</v></c><c r="K63" s="2"><v>1350</v></c><c r="L63"><v>11400</v></c><c r="M63" s="2"><v>75</v></c><c r="N63"><v>166</v></c><c r="O63"><v>168</v></c><c r="P63" s="2"><v>150</v></c><c r="Q63"><v>15.75</v></c><c r="R63"><v>167</v></c><c r="S63"><v>26.07</v></c><c r="T63" s="2"><v>5648</v></c><c r="U63" s="2"><v>31725</v></c><c r="V63" s="2"><v>426600</v></c><c r="W63" t="s"><v>228</v></c></row><row r="64" spans="1:23" x14ac:dyDescent="0.35"><c r="A64" t="s"><v>228</v></c><c r="B64" s="2"><v>225</v></c><c r="C64" s="2" t="s"><v>19</v></c><c r="D64" s="2" t="s"><v>19</v></c><c r="E64" t="s"><v>19</v></c><c r="F64" s="1" t="s"><v>19</v></c><c r="G64" t="s"><v>19</v></c><c r="H64" s="2"><v>150</v></c><c r="I64" s="1"><v>471.55</v></c><c r="J64" s="1"><v>502.45</v></c><c r="K64" s="2"><v>75</v></c><c r="L64"><v>11450</v></c><c r="M64" s="2"><v>225</v></c><c r="N64"><v>149.44999999999999</v></c><c r="O64"><v>188.75</v></c><c r="P64" s="2"><v>375</v></c><c r="Q64"><v>19.05</v></c><c r="R64"><v>186.4</v></c><c r="S64"><v>26.33</v></c><c r="T64" s="2"><v>93</v></c><c r="U64" s="2"><v>1275</v></c><c r="V64" s="2"><v>4275</v></c><c r="W64" t="s"><v>228</v></c></row><row r="65" spans="1:23" x14ac:dyDescent="0.35"><c r="A65" t="s"><v>228</v></c><c r="B65" s="2"><v>404700</v></c><c r="C65" s="2"><v>-1500</v></c><c r="D65" s="2"><v>1559</v></c><c r="E65"><v>21.73</v></c><c r="F65" s="1"><v>459</v></c><c r="G65"><v>-9.35</v></c><c r="H65" s="2"><v>1500</v></c><c r="I65" s="1"><v>457</v></c><c r="J65" s="1"><v>458.8</v></c><c r="K65" s="2"><v>300</v></c><c r="L65"><v>11500</v></c><c r="M65" s="2"><v>825</v></c><c r="N65"><v>197.9</v></c><c r="O65"><v>199</v></c><c r="P65" s="2"><v>75</v></c><c r="Q65"><v>16.45</v></c><c r="R65"><v>197.9</v></c><c r="S65"><v>25.87</v></c><c r="T65" s="2"><v>11551</v></c><c r="U65" s="2"><v>3675</v></c><c r="V65" s="2"><v>1764225</v></c><c r="W65" t="s"><v>228</v></c></row><row r="66" spans="1:23" x14ac:dyDescent="0.35"><c r="A66" t="s"><v>228</v></c><c r="B66" s="2"><v>1275</v></c><c r="C66" s="2"><v>675</v></c><c r="D66" s="2"><v>19</v></c><c r="E66"><v>21.16</v></c><c r="F66" s="1"><v>420.05</v></c><c r="G66"><v>-11.7</v></c><c r="H66" s="2"><v>75</v></c><c r="I66" s="1"><v>411.65</v></c><c r="J66" s="1"><v>432.85</v></c><c r="K66" s="2"><v>75</v></c><c r="L66"><v>11550</v></c><c r="M66" s="2"><v>150</v></c><c r="N66"><v>202.6</v></c><c r="O66"><v>219</v></c><c r="P66" s="2"><v>75</v></c><c r="Q66"><v>11.65</v></c><c r="R66"><v>210.95</v></c><c r="S66"><v>25.32</v></c><c r="T66" s="2"><v>121</v></c><c r="U66" s="2"><v>2325</v></c><c r="V66" s="2"><v>7350</v></c><c r="W66" t="s"><v>228</v></c></row><row r="67" spans="1:23" x14ac:dyDescent="0.35"><c r="A67" t="s"><v>228</v></c><c r="B67" s="2"><v>283425</v></c><c r="C67" s="2"><v>19725</v></c><c r="D67" s="2"><v>4007</v></c><c r="E67"><v>21.54</v></c><c r="F67" s="1"><v>391.5</v></c><c r="G67"><v>-8.85</v></c><c r="H67" s="2"><v>225</v></c><c r="I67" s="1"><v>390</v></c><c r="J67" s="1"><v>396.95</v></c><c r="K67" s="2"><v>75</v></c><c r="L67"><v>11600</v></c><c r="M67" s="2"><v>75</v></c><c r="N67"><v>232</v></c><c r="O67"><v>233.95</v></c><c r="P67" s="2"><v>750</v></c><c r="Q67"><v>17.25</v></c><c r="R67"><v>232.35</v></c><c r="S67"><v>25.48</v></c><c r="T67" s="2"><v>6614</v></c><c r="U67" s="2"><v>-18750</v></c><c r="V67" s="2"><v>553875</v></c><c r="W67" t="s"><v>228</v></c></row><row r="68" spans="1:23" x14ac:dyDescent="0.35"><c r="A68" t="s"><v>228</v></c><c r="B68" s="2"><v>9075</v></c><c r="C68" s="2"><v>225</v></c><c r="D68" s="2"><v>44</v></c><c r="E68"><v>21.36</v></c><c r="F68" s="1"><v>362.05</v></c><c r="G68"><v>-5.25</v></c><c r="H68" s="2"><v>225</v></c><c r="I68" s="1"><v>362</v></c><c r="J68" s="1"><v>371.85</v></c><c r="K68" s="2"><v>225</v></c><c r="L68"><v>11650</v></c><c r="M68" s="2"><v>225</v></c><c r="N68"><v>241.2</v></c><c r="O68"><v>258.14999999999998</v></c><c r="P68" s="2"><v>150</v></c><c r="Q68"><v>19.600000000000001</v></c><c r="R68"><v>253.35</v></c><c r="S68"><v>25.44</v></c><c r="T68" s="2"><v>262</v></c><c r="U68" s="2"><v>3000</v></c><c r="V68" s="2"><v>19050</v></c><c r="W68" t="s"><v>228</v></c></row><row r="69" spans="1:23" x14ac:dyDescent="0.35"><c r="A69" t="s"><v>228</v></c><c r="B69" s="2"><v>706800</v></c><c r="C69" s="2"><v>173250</v></c><c r="D69" s="2"><v>14740</v></c><c r="E69"><v>21.43</v></c><c r="F69" s="1"><v>333.05</v></c><c r="G69"><v>-6.8</v></c><c r="H69" s="2"><v>4425</v></c><c r="I69" s="1"><v>333</v></c><c r="J69" s="1"><v>335</v></c><c r="K69" s="2"><v>300</v></c><c r="L69"><v>11700</v></c><c r="M69" s="2"><v>75</v></c><c r="N69"><v>272.5</v></c><c r="O69"><v>273.5</v></c><c r="P69" s="2"><v>975</v></c><c r="Q69"><v>19.45</v></c><c r="R69"><v>272.5</v></c><c r="S69"><v>25.16</v></c><c r="T69" s="2"><v>17491</v></c><c r="U69" s="2"><v>136500</v></c><c r="V69" s="2"><v>1398225</v></c><c r="W69" t="s"><v>228</v></c></row><row r="70" spans="1:23" x14ac:dyDescent="0.35"><c r="A70" t="s"><v>228</v></c><c r="B70" s="2"><v>33375</v></c><c r="C70" s="2"><v>6075</v></c><c r="D70" s="2"><v>951</v></c><c r="E70"><v>21.49</v></c><c r="F70" s="1"><v>303.05</v></c><c r="G70"><v>-9.1</v></c><c r="H70" s="2"><v>750</v></c><c r="I70" s="1"><v>303.05</v></c><c r="J70" s="1"><v>307</v></c><c r="K70" s="2"><v>75</v></c><c r="L70"><v>11750</v></c><c r="M70" s="2"><v>900</v></c><c r="N70"><v>290</v></c><c r="O70"><v>294.2</v></c><c r="P70" s="2"><v>75</v></c><c r="Q70"><v>17.149999999999999</v></c><c r="R70"><v>289.25</v></c><c r="S70"><v>25.06</v></c><c r="T70" s="2"><v>783</v></c><c r="U70" s="2"><v>4050</v></c><c r="V70" s="2"><v>28575</v></c><c r="W70" t="s"><v>228</v></c></row><row r="71" spans="1:23" x14ac:dyDescent="0.35"><c r="A71" t="s"><v>228</v></c><c r="B71" s="2"><v>768225</v></c><c r="C71" s="2"><v>32250</v></c><c r="D71" s="2"><v>13575</v></c><c r="E71"><v>21.2</v></c><c r="F71" s="1"><v>280.10000000000002</v></c><c r="G71"><v>-4.2</v></c><c r="H71" s="2"><v>75</v></c><c r="I71" s="1"><v>278.64999999999998</v></c><c r="J71" s="1"><v>281</v></c><c r="K71" s="2"><v>150</v></c><c r="L71"><v>11800</v></c><c r="M71" s="2"><v>150</v></c><c r="N71"><v>315.7</v></c><c r="O71"><v>319</v></c><c r="P71" s="2"><v>3675</v></c><c r="Q71"><v>20.05</v></c><c r="R71"><v>317.25</v></c><c r="S71"><v>25.05</v></c><c r="T71" s="2"><v>14143</v></c><c r="U71" s="2"><v>148575</v></c><c r="V71" s="2"><v>1018500</v></c><c r="W71" t="s"><v>228</v></c></row><row r="72" spans="1:23" x14ac:dyDescent="0.35"><c r="A72" t="s"><v>228</v></c><c r="B72" s="2"><v>16725</v></c><c r="C72" s="2"><v>7200</v></c><c r="D72" s="2"><v>476</v></c><c r="E72"><v>21.12</v></c><c r="F72" s="1"><v>255.2</v></c><c r="G72"><v>-2.15</v></c><c r="H72" s="2"><v>150</v></c><c r="I72" s="1"><v>246.45</v></c><c r="J72" s="1"><v>253.95</v></c><c r="K72" s="2"><v>75</v></c><c r="L72"><v>11850</v></c><c r="M72" s="2"><v>75</v></c><c r="N72"><v>330</v></c><c r="O72"><v>341.55</v></c><c r="P72" s="2"><v>150</v></c><c r="Q72"><v>24.75</v></c><c r="R72"><v>340.7</v></c><c r="S72"><v>24.76</v></c><c r="T72" s="2"><v>80</v></c><c r="U72" s="2"><v>1275</v></c><c r="V72" s="2"><v>6825</v></c><c r="W72" t="s"><v>228</v></c></row><row r="73" spans="1:23" x14ac:dyDescent="0.35"><c r="A73" t="s"><v>228</v></c><c r="B73" s="2"><v>404025</v></c><c r="C73" s="2"><v>40575</v></c><c r="D73" s="2"><v>6555</v></c><c r="E73"><v>20.75</v></c><c r="F73" s="1"><v>227.05</v></c><c r="G73"><v>-2.15</v></c><c r="H73" s="2"><v>825</v></c><c r="I73" s="1"><v>227</v></c><c r="J73" s="1"><v>227.25</v></c><c r="K73" s="2"><v>225</v></c><c r="L73"><v>11900</v></c><c r="M73" s="2"><v>150</v></c><c r="N73"><v>360.55</v></c><c r="O73" s="1"><v>365</v></c><c r="P73" s="2"><v>75</v></c><c r="Q73"><v>20.55</v></c><c r="R73"><v>360.35</v></c><c r="S73"><v>24.35</v></c><c r="T73" s="2"><v>3058</v></c><c r="U73" s="2"><v>23475</v></c><c r="V73" s="2"><v>142350</v></c><c r="W73" t="s"><v>228</v></c></row><row r="74" spans="1:23" x14ac:dyDescent="0.35"><c r="A74" t="s"><v>228</v></c><c r="B74" s="2"><v>11025</v></c><c r="C74" s="2"><v>3450</v></c><c r="D74" s="2"><v>269</v></c><c r="E74"><v>20.75</v></c><c r="F74" s="1"><v>206.6</v></c><c r="G74"><v>-0.7</v></c><c r="H74" s="2"><v>300</v></c><c r="I74" s="1"><v>194.8</v></c><c r="J74" s="1"><v>206.95</v></c><c r="K74" s="2"><v>150</v></c><c r="L74"><v>11950</v></c><c r="M74" s="2"><v>225</v></c><c r="N74"><v>375.15</v></c><c r="O74"><v>395.05</v></c><c r="P74" s="2"><v>75</v></c><c r="Q74"><v>19.5</v></c><c r="R74"><v>383.6</v></c><c r="S74"><v>23.79</v></c><c r="T74" s="2"><v>14</v></c><c r="U74" s="2"><v>150</v></c><c r="V74" s="2"><v>1050</v></c><c r="W74" t="s"><v>228</v></c></row><row r="75" spans="1:23" x14ac:dyDescent="0.35"><c r="A75" t="s"><v>228</v></c><c r="B75" s="2"><v>1199475</v></c><c r="C75" s="2"><v>2700</v></c><c r="D75" s="2"><v>17068</v></c><c r="E75"><v>20.29</v></c><c r="F75" s="1"><v>181</v></c><c r="G75"><v>0.2</v></c><c r="H75" s="2"><v>2250</v></c><c r="I75" s="1"><v>180.25</v></c><c r="J75" s="1"><v>182</v></c><c r="K75" s="2"><v>600</v></c><c r="L75"><v>12000</v></c><c r="M75" s="2"><v>75</v></c><c r="N75"><v>414.1</v></c><c r="O75"><v>418</v></c><c r="P75" s="2"><v>75</v></c><c r="Q75"><v>26.65</v></c><c r="R75"><v>417.3</v></c><c r="S75"><v>23.87</v></c><c r="T75" s="2"><v>3377</v></c><c r="U75" s="2"><v>-20475</v></c><c r="V75" s="2"><v>478575</v></c><c r="W75" t="s"><v>228</v></c></row><row r="76" spans="1:23" x14ac:dyDescent="0.35"><c r="A76" t="s"><v>228</v></c><c r="B76" s="2"><v>150</v></c><c r="C76" s="2"><v>150</v></c><c r="D76" s="2"><v>7</v></c><c r="E76"><v>21.62</v></c><c r="F76" s="1"><v>180</v></c><c r="G76"><v>158.15</v></c><c r="H76" s="2"><v>75</v></c><c r="I76" s="1"><v>125.35</v></c><c r="J76" s="1" t="s"><v>19</v></c><c r="K76" s="2" t="s"><v>19</v></c><c r="L76"><v>12050</v></c><c r="M76" s="2"><v>3000</v></c><c r="N76"><v>330.1</v></c><c r="O76" s="1"><v>571.79999999999995</v></c><c r="P76" s="2"><v>150</v></c><c r="Q76" t="s"><v>19</v></c><c r="R76" s="1" t="s"><v>19</v></c><c r="S76" t="s"><v>19</v></c><c r="T76" s="2" t="s"><v>19</v></c><c r="U76" s="2" t="s"><v>19</v></c><c r="V76" s="2" t="s"><v>19</v></c><c r="W76" t="s"><v>228</v></c></row><row r="77" spans="1:23" x14ac:dyDescent="0.35"><c r="A77" t="s"><v>228</v></c><c r="B77" s="2"><v>615600</v></c><c r="C77" s="2"><v>46650</v></c><c r="D77" s="2"><v>6243</v></c><c r="E77"><v>19.739999999999998</v></c><c r="F77" s="1"><v>140.55000000000001</v></c><c r="G77"><v>1.3</v></c><c r="H77" s="2"><v>75</v></c><c r="I77" s="1"><v>138.80000000000001</v></c><c r="J77" s="1"><v>142.25</v></c><c r="K77" s="2"><v>75</v></c><c r="L77"><v>12100</v></c><c r="M77" s="2"><v>75</v></c><c r="N77"><v>456.45</v></c><c r="O77" s="1"><v>483.2</v></c><c r="P77" s="2"><v>75</v></c><c r="Q77"><v>47.3</v></c><c r="R77"><v>490.85</v></c><c r="S77"><v>25.02</v></c><c r="T77" s="2"><v>29</v></c><c r="U77" s="2"><v>-600</v></c><c r="V77" s="2"><v>23025</v></c><c r="W77" t="s"><v>228</v></c></row><row r="78" spans="1:23" x14ac:dyDescent="0.35"><c r="A78" t="s"><v>228</v></c><c r="B78" s="2"><v>525</v></c><c r="C78" s="2" t="s"><v>19</v></c><c r="D78" s="2"><v>1</v></c><c r="E78"><v>16.61</v></c><c r="F78" s="1"><v>90.1</v></c><c r="G78"><v>-8</v></c><c r="H78" s="2"><v>75</v></c><c r="I78" s="1"><v>90.1</v></c><c r="J78" s="1" t="s"><v>19</v></c><c r="K78" s="2" t="s"><v>19</v></c><c r="L78"><v>12150</v></c><c r="M78" s="2"><v>3000</v></c><c r="N78" s="1"><v>385.1</v></c><c r="O78" s="1"><v>647.9</v></c><c r="P78" s="2"><v>3000</v></c><c r="Q78" t="s"><v>19</v></c><c r="R78" s="1" t="s"><v>19</v></c><c r="S78" t="s"><v>19</v></c><c r="T78" s="2" t="s"><v>19</v></c><c r="U78" s="2" t="s"><v>19</v></c><c r="V78" s="2" t="s"><v>19</v></c><c r="W78" t="s"><v>228</v></c></row><row r="79" spans="1:23" x14ac:dyDescent="0.35"><c r="A79" t="s"><v>228</v></c><c r="B79" s="2"><v>621075</v></c><c r="C79" s="2"><v>49350</v></c><c r="D79" s="2"><v>8204</v></c><c r="E79"><v>19.420000000000002</v></c><c r="F79" s="1"><v>107.85</v></c><c r="G79"><v>2</v></c><c r="H79" s="2"><v>375</v></c><c r="I79" s="1"><v>107</v></c><c r="J79" s="1"><v>107.9</v></c><c r="K79" s="2"><v>225</v></c><c r="L79"><v>12200</v></c><c r="M79" s="2"><v>150</v></c><c r="N79" s="1"><v>535</v></c><c r="O79" s="1"><v>548.15</v></c><c r="P79" s="2"><v>75</v></c><c r="Q79"><v>-12.4</v></c><c r="R79"><v>500</v></c><c r="S79"><v>20.010000000000002</v></c><c r="T79" s="2"><v>68</v></c><c r="U79" s="2"><v>-1275</v></c><c r="V79" s="2"><v>51375</v></c><c r="W79" t="s"><v>228</v></c></row><row r="80" spans="1:23" x14ac:dyDescent="0.35"><c r="A80" t="s"><v>228</v></c><c r="B80" s="2" t="s"><v>19</v></c><c r="C80" s="2" t="s"><v>19</v></c><c r="D80" s="2" t="s"><v>19</v></c><c r="E80" t="s"><v>19</v></c><c r="F80" s="1" t="s"><v>19</v></c><c r="G80" t="s"><v>19</v></c><c r="H80" s="2"><v>150</v></c><c r="I80" s="1"><v>50.3</v></c><c r="J80" s="1" t="s"><v>19</v></c><c r="K80" s="2" t="s"><v>19</v></c><c r="L80"><v>12250</v></c><c r="M80" s="2"><v>1050</v></c><c r="N80" s="1"><v>429.95</v></c><c r="O80" s="1" t="s"><v>19</v></c><c r="P80" s="2" t="s"><v>19</v></c><c r="Q80" t="s"><v>19</v></c><c r="R80" s="1" t="s"><v>19</v></c><c r="S80" t="s"><v>19</v></c><c r="T80" s="2" t="s"><v>19</v></c><c r="U80" s="2" t="s"><v>19</v></c><c r="V80" s="2" t="s"><v>19</v></c><c r="W80" t="s"><v>228</v></c></row><row r="81" spans="1:23" x14ac:dyDescent="0.35"><c r="A81" t="s"><v>228</v></c><c r="B81" s="2"><v>365175</v></c><c r="C81" s="2"><v>59850</v></c><c r="D81" s="2"><v>8384</v></c><c r="E81"><v>18.98</v></c><c r="F81" s="1"><v>79.3</v></c><c r="G81"><v>2.35</v></c><c r="H81" s="2"><v>75</v></c><c r="I81" s="1"><v>78.05</v></c><c r="J81" s="1"><v>79</v></c><c r="K81" s="2"><v>75</v></c><c r="L81"><v>12300</v></c><c r="M81" s="2"><v>75</v></c><c r="N81" s="1"><v>602.20000000000005</v></c><c r="O81" s="1"><v>616</v></c><c r="P81" s="2"><v>75</v></c><c r="Q81"><v>19.95</v></c><c r="R81" s="1"><v>619.95000000000005</v></c><c r="S81"><v>24.28</v></c><c r="T81" s="2"><v>5</v></c><c r="U81" s="2"><v>75</v></c><c r="V81" s="2"><v>2100</v></c><c r="W81" t="s"><v>228</v></c></row><row r="82" spans="1:23" x14ac:dyDescent="0.35"><c r="A82" t="s"><v>228</v></c><c r="B82" s="2" t="s"><v>19</v></c><c r="C82" s="2" t="s"><v>19</v></c><c r="D82" s="2" t="s"><v>19</v></c><c r="E82" t="s"><v>19</v></c><c r="F82" s="1" t="s"><v>19</v></c><c r="G82" t="s"><v>19</v></c><c r="H82" s="2"><v>150</v></c><c r="I82" s="1"><v>41.3</v></c><c r="J82" s="1"><v>72</v></c><c r="K82" s="2"><v>525</v></c><c r="L82"><v>12350</v></c><c r="M82" s="2"><v>75</v></c><c r="N82" s="1"><v>550.29999999999995</v></c><c r="O82" s="1"><v>789.25</v></c><c r="P82" s="2"><v>75</v></c><c r="Q82" t="s"><v>19</v></c><c r="R82" s="1" t="s"><v>19</v></c><c r="S82" t="s"><v>19</v></c><c r="T82" s="2" t="s"><v>19</v></c><c r="U82" s="2" t="s"><v>19</v></c><c r="V82" s="2" t="s"><v>19</v></c><c r="W82" t="s"><v>228</v></c></row><row r="83" spans="1:23" x14ac:dyDescent="0.35"><c r="A83" t="s"><v>228</v></c><c r="B83" s="2"><v>433950</v></c><c r="C83" s="2"><v>32400</v></c><c r="D83" s="2"><v>6964</v></c><c r="E83"><v>18.57</v></c><c r="F83" s="1"><v>56.4</v></c><c r="G83"><v>2.15</v></c><c r="H83" s="2"><v>75</v></c><c r="I83" s="1"><v>56.15</v></c><c r="J83" s="1"><v>56.4</v></c><c r="K83" s="2"><v>11025</v></c><c r="L83"><v>12400</v></c><c r="M83" s="2"><v>300</v></c><c r="N83" s="1"><v>677.5</v></c><c r="O83" s="1"><v>689.4</v></c><c r="P83" s="2"><v>150</v></c><c r="Q83"><v>-27</v></c><c r="R83" s="1"><v>672</v></c><c r="S83"><v>21.95</v></c><c r="T83" s="2"><v>11</v></c><c r="U83" s="2"><v>525</v></c><c r="V83" s="2"><v>6675</v></c><c r="W83" t="s"><v>228</v></c></row><row r="84" spans="1:23" x14ac:dyDescent="0.35"><c r="A84" t="s"><v>228</v></c><c r="B84" s="2"><v>225</v></c><c r="C84" s="2" t="s"><v>19</v></c><c r="D84" s="2" t="s"><v>19</v></c><c r="E84" t="s"><v>19</v></c><c r="F84" s="1" t="s"><v>19</v></c><c r="G84" t="s"><v>19</v></c><c r="H84" s="2"><v>150</v></c><c r="I84" s="1"><v>18.25</v></c><c r="J84" s="1" t="s"><v>19</v></c><c r="K84" s="2" t="s"><v>19</v></c><c r="L84"><v>12450</v></c><c r="M84" s="2"><v>975</v></c><c r="N84" s="1"><v>638.5</v></c><c r="O84" s="1"><v>914.55</v></c><c r="P84" s="2"><v>975</v></c><c r="Q84" t="s"><v>19</v></c><c r="R84" s="1" t="s"><v>19</v></c><c r="S84" t="s"><v>19</v></c><c r="T84" s="2" t="s"><v>19</v></c><c r="U84" s="2" t="s"><v>19</v></c><c r="V84" s="2" t="s"><v>19</v></c><c r="W84" t="s"><v>228</v></c></row><row r="85" spans="1:23" x14ac:dyDescent="0.35"><c r="A85" t="s"><v>228</v></c><c r="B85" s="2"><v>1088550</v></c><c r="C85" s="2"><v>73125</v></c><c r="D85" s="2"><v>14636</v></c><c r="E85"><v>18.5</v></c><c r="F85" s="1"><v>41.05</v></c><c r="G85"><v>1.4</v></c><c r="H85" s="2"><v>150</v></c><c r="I85" s="1"><v>41</v></c><c r="J85" s="1"><v>41.7</v></c><c r="K85" s="2"><v>150</v></c><c r="L85"><v>12500</v></c><c r="M85" s="2"><v>225</v></c><c r="N85" s="1"><v>762</v></c><c r="O85" s="1"><v>769.9</v></c><c r="P85" s="2"><v>150</v></c><c r="Q85"><v>32</v></c><c r="R85" s="1"><v>768</v></c><c r="S85"><v>23.3</v></c><c r="T85" s="2"><v>775</v></c><c r="U85" s="2"><v>5400</v></c><c r="V85" s="2"><v>525675</v></c><c r="W85" t="s"><v>228</v></c></row><row r="86" spans="1:23" x14ac:dyDescent="0.35"><c r="A86" t="s"><v>228</v></c><c r="B86" s="2" t="s"><v>19</v></c><c r="C86" s="2" t="s"><v>19</v></c><c r="D86" s="2" t="s"><v>19</v></c><c r="E86" t="s"><v>19</v></c><c r="F86" s="1" t="s"><v>19</v></c><c r="G86" t="s"><v>19</v></c><c r="H86" s="2"><v>150</v></c><c r="I86" s="1"><v>15</v></c><c r="J86" s="1" t="s"><v>19</v></c><c r="K86" s="2" t="s"><v>19</v></c><c r="L86"><v>12550</v></c><c r="M86" s="2"><v>975</v></c><c r="N86" s="1"><v>733.4</v></c><c r="O86" s="1"><v>934.7</v></c><c r="P86" s="2"><v>975</v></c><c r="Q86" t="s"><v>19</v></c><c r="R86" s="1" t="s"><v>19</v></c><c r="S86" t="s"><v>19</v></c><c r="T86" s="2" t="s"><v>19</v></c><c r="U86" s="2" t="s"><v>19</v></c><c r="V86" s="2" t="s"><v>19</v></c><c r="W86" t="s"><v>228</v></c></row><row r="87" spans="1:23" x14ac:dyDescent="0.35"><c r="A87" t="s"><v>228</v></c><c r="B87" s="2"><v>597600</v></c><c r="C87" s="2"><v>35175</v></c><c r="D87" s="2"><v>7101</v></c><c r="E87"><v>18.059999999999999</v></c><c r="F87" s="1"><v>27.8</v></c><c r="G87"><v>1.65</v></c><c r="H87" s="2"><v>1050</v></c><c r="I87" s="1"><v>27.8</v></c><c r="J87" s="1"><v>28</v></c><c r="K87" s="2"><v>225</v></c><c r="L87"><v>12600</v></c><c r="M87" s="2"><v>75</v></c><c r="N87" s="1"><v>843.65</v></c><c r="O87" s="1"><v>868.85</v></c><c r="P87" s="2"><v>75</v></c><c r="Q87"><v>-2.4500000000000002</v></c><c r="R87"><v>811.9</v></c><c r="S87"><v>18.260000000000002</v></c><c r="T87" s="2"><v>8</v></c><c r="U87" s="2"><v>300</v></c><c r="V87" s="2"><v>1350</v></c><c r="W87" t="s"><v>228</v></c></row><row r="88" spans="1:23" x14ac:dyDescent="0.35"><c r="A88" t="s"><v>228</v></c><c r="B88" s="2" t="s"><v>19</v></c><c r="C88" s="2" t="s"><v>19</v></c><c r="D88" s="2" t="s"><v>19</v></c><c r="E88" t="s"><v>19</v></c><c r="F88" s="1" t="s"><v>19</v></c><c r="G88" t="s"><v>19</v></c><c r="H88" s="2"><v>150</v></c><c r="I88" s="1"><v>9</v></c><c r="J88" s="1" t="s"><v>19</v></c><c r="K88" s="2" t="s"><v>19</v></c><c r="L88"><v>12650</v></c><c r="M88" s="2"><v>975</v></c><c r="N88" s="1"><v>833.6</v></c><c r="O88" s="1"><v>1030.4000000000001</v></c><c r="P88" s="2"><v>975</v></c><c r="Q88" t="s"><v>19</v></c><c r="R88" s="1" t="s"><v>19</v></c><c r="S88" t="s"><v>19</v></c><c r="T88" s="2" t="s"><v>19</v></c><c r="U88" s="2" t="s"><v>19</v></c><c r="V88" s="2" t="s"><v>19</v></c><c r="W88" t="s"><v>228</v></c></row><row r="89" spans="1:23" x14ac:dyDescent="0.35"><c r="A89" t="s"><v>228</v></c><c r="B89" s="2"><v>278250</v></c><c r="C89" s="2"><v>21825</v></c><c r="D89" s="2"><v>4639</v></c><c r="E89"><v>17.829999999999998</v></c><c r="F89" s="1"><v>18.95</v></c><c r="G89"><v>2</v></c><c r="H89" s="2"><v>75</v></c><c r="I89" s="1"><v>17.55</v></c><c r="J89" s="1"><v>18.95</v></c><c r="K89" s="2"><v>150</v></c><c r="L89"><v>12700</v></c><c r="M89" s="2"><v>75</v></c><c r="N89" s="1"><v>931.1</v></c><c r="O89" s="1"><v>953.95</v></c><c r="P89" s="2"><v>750</v></c><c r="Q89"><v>-31.35</v></c><c r="R89" s="1"><v>937.25</v></c><c r="S89"><v>23.86</v></c><c r="T89" s="2"><v>6</v></c><c r="U89" s="2" t="s"><v>19</v></c><c r="V89" s="2"><v>2925</v></c><c r="W89" t="s"><v>228</v></c></row><row r="90" spans="1:23" x14ac:dyDescent="0.35"><c r="A90" t="s"><v>228</v></c><c r="B90" s="2" t="s"><v>19</v></c><c r="C90" s="2" t="s"><v>19</v></c><c r="D90" s="2" t="s"><v>19</v></c><c r="E90" t="s"><v>19</v></c><c r="F90" s="1" t="s"><v>19</v></c><c r="G90" t="s"><v>19</v></c><c r="H90" s="2"><v>900</v></c><c r="I90" s="1"><v>6.7</v></c><c r="J90" s="1" t="s"><v>19</v></c><c r="K90" s="2" t="s"><v>19</v></c><c r="L90"><v>12750</v></c><c r="M90" s="2"><v>975</v></c><c r="N90" s="1"><v>926.3</v></c><c r="O90" s="1"><v>1130.5999999999999</v></c><c r="P90" s="2"><v>975</v></c><c r="Q90" t="s"><v>19</v></c><c r="R90" s="1" t="s"><v>19</v></c><c r="S90" t="s"><v>19</v></c><c r="T90" s="2" t="s"><v>19</v></c><c r="U90" s="2" t="s"><v>19</v></c><c r="V90" s="2" t="s"><v>19</v></c><c r="W90" t="s"><v>228</v></c></row><row r="91" spans="1:23" x14ac:dyDescent="0.35"><c r="A91" t="s"><v>228</v></c><c r="B91" s="2"><v>324225</v></c><c r="C91" s="2"><v>33450</v></c><c r="D91" s="2"><v>4452</v></c><c r="E91"><v>17.88</v></c><c r="F91" s="1"><v>13.3</v></c><c r="G91"><v>1.7</v></c><c r="H91" s="2"><v>75</v></c><c r="I91" s="1"><v>13</v></c><c r="J91" s="1"><v>13.5</v></c><c r="K91" s="2"><v>450</v></c><c r="L91"><v>12800</v></c><c r="M91" s="2"><v>75</v></c><c r="N91" s="1"><v>1025.95</v></c><c r="O91" s="1"><v>1052.3499999999999</v></c><c r="P91" s="2"><v>75</v></c><c r="Q91"><v>9.65</v></c><c r="R91" s="1"><v>1000.9</v></c><c r="S91"><v>19.48</v></c><c r="T91" s="2"><v>5</v></c><c r="U91" s="2" t="s"><v>19</v></c><c r="V91" s="2"><v>4875</v></c><c r="W91" t="s"><v>228</v></c></row><row r="92" spans="1:23" x14ac:dyDescent="0.35"><c r="A92" t="s"><v>228</v></c><c r="B92" s="2" t="s"><v>19</v></c><c r="C92" s="2" t="s"><v>19</v></c><c r="D92" s="2" t="s"><v>19</v></c><c r="E92" t="s"><v>19</v></c><c r="F92" s="1" t="s"><v>19</v></c><c r="G92" t="s"><v>19</v></c><c r="H92" s="2"><v>900</v></c><c r="I92" s="1"><v>6.35</v></c><c r="J92" s="1" t="s"><v>19</v></c><c r="K92" s="2" t="s"><v>19</v></c><c r="L92"><v>12850</v></c><c r="M92" s="2"><v>975</v></c><c r="N92" s="1"><v>1018.2</v></c><c r="O92" s="1"><v>1157.5999999999999</v></c><c r="P92" s="2"><v>75</v></c><c r="Q92" t="s"><v>19</v></c><c r="R92" s="1" t="s"><v>19</v></c><c r="S92" t="s"><v>19</v></c><c r="T92" s="2" t="s"><v>19</v></c><c r="U92" s="2" t="s"><v>19</v></c><c r="V92" s="2" t="s"><v>19</v></c><c r="W92" t="s"><v>228</v></c></row><row r="93" spans="1:23" x14ac:dyDescent="0.35"><c r="A93" t="s"><v>228</v></c><c r="B93" s="2"><v>132075</v></c><c r="C93" s="2"><v>18225</v></c><c r="D93" s="2"><v>3993</v></c><c r="E93"><v>18.510000000000002</v></c><c r="F93" s="1"><v>10.95</v></c><c r="G93"><v>1.6</v></c><c r="H93" s="2"><v>150</v></c><c r="I93" s="1"><v>10.55</v></c><c r="J93" s="1"><v>12</v></c><c r="K93" s="2"><v>75</v></c><c r="L93"><v>12900</v></c><c r="M93" s="2"><v>1875</v></c><c r="N93" s="1"><v>1088.8499999999999</v></c><c r="O93" s="1"><v>1245.7</v></c><c r="P93" s="2"><v>75</v></c><c r="Q93"><v>-31.65</v></c><c r="R93" s="1"><v>1107.3499999999999</v></c><c r="S93"><v>22.47</v></c><c r="T93" s="2"><v>2</v></c><c r="U93" s="2" t="s"><v>19</v></c><c r="V93" s="2"><v>900</v></c><c r="W93" t="s"><v>228</v></c></row><row r="94" spans="1:23" x14ac:dyDescent="0.35"><c r="A94" t="s"><v>228</v></c><c r="B94" s="2"><v>3000</v></c><c r="C94" s="2"><v>-2025</v></c><c r="D94" s="2"><v>60</v></c><c r="E94"><v>18.91</v></c><c r="F94" s="1"><v>10.199999999999999</v></c><c r="G94"><v>0.2</v></c><c r="H94" s="2"><v>75</v></c><c r="I94" s="1"><v>9.6999999999999993</v></c><c r="J94" s="1"><v>12.9</v></c><c r="K94" s="2"><v>150</v></c><c r="L94"><v>12950</v></c><c r="M94" s="2"><v>75</v></c><c r="N94" s="1"><v>1124.4000000000001</v></c><c r="O94" s="1"><v>1244.7</v></c><c r="P94" s="2"><v>75</v></c><c r="Q94" t="s"><v>19</v></c><c r="R94" s="1" t="s"><v>19</v></c><c r="S94" t="s"><v>19</v></c><c r="T94" s="2" t="s"><v>19</v></c><c r="U94" s="2" t="s"><v>19</v></c><c r="V94" s="2" t="s"><v>19</v></c><c r="W94" t="s"><v>228</v></c></row><row r="95" spans="1:23" x14ac:dyDescent="0.35"><c r="A95" t="s"><v>228</v></c><c r="B95" s="2"><v>1077225</v></c><c r="C95" s="2"><v>38550</v></c><c r="D95" s="2"><v>6816</v></c><c r="E95"><v>19.36</v></c><c r="F95" s="1"><v>9.6</v></c><c r="G95"><v>1.05</v></c><c r="H95" s="2"><v>1200</v></c><c r="I95" s="1"><v>9.5</v></c><c r="J95" s="1"><v>9.6</v></c><c r="K95" s="2"><v>150</v></c><c r="L95"><v>13000</v></c><c r="M95" s="2"><v>375</v></c><c r="N95" s="1"><v>1225.2</v></c><c r="O95" s="1"><v>1229.5999999999999</v></c><c r="P95" s="2"><v>75</v></c><c r="Q95"><v>28.9</v></c><c r="R95" s="1"><v>1228.95</v></c><c r="S95"><v>27.24</v></c><c r="T95" s="2"><v>1056</v></c><c r="U95" s="2"><v>14025</v></c><c r="V95" s="2"><v>521325</v></c><c r="W95" t="s"><v>228</v></c></row><row r="96" spans="1:23" x14ac:dyDescent="0.35"><c r="A96" t="s"><v>228</v></c><c r="B96" s="2" t="s"><v>19</v></c><c r="C96" s="2" t="s"><v>19</v></c><c r="D96" t="s"><v>19</v></c><c r="E96" t="s"><v>19</v></c><c r="F96" s="1" t="s"><v>19</v></c><c r="G96" t="s"><v>19</v></c><c r="H96" s="2"><v>300</v></c><c r="I96" s="1"><v>3.8</v></c><c r="J96" s="1" t="s"><v>19</v></c><c r="K96" s="2" t="s"><v>19</v></c><c r="L96"><v>13050</v></c><c r="M96" s="2"><v>975</v></c><c r="N96" s="1"><v>1208.25</v></c><c r="O96" s="1"><v>1472.15</v></c><c r="P96" s="2"><v>975</v></c><c r="Q96" t="s"><v>19</v></c><c r="R96" s="1" t="s"><v>19</v></c><c r="S96" t="s"><v>19</v></c><c r="T96" s="2" t="s"><v>19</v></c><c r="U96" s="2" t="s"><v>19</v></c><c r="V96" s="2" t="s"><v>19</v></c><c r="W96" t="s"><v>228</v></c></row><row r="97" spans="1:23" x14ac:dyDescent="0.35"><c r="A97" t="s"><v>228</v></c><c r="B97" s="2"><v>6225</v></c><c r="C97" s="2"><v>5925</v></c><c r="D97"><v>108</v></c><c r="E97"><v>19.73</v></c><c r="F97" s="1"><v>7.55</v></c><c r="G97"><v>2.25</v></c><c r="H97" s="2"><v>975</v></c><c r="I97" s="1"><v>6</v></c><c r="J97" s="1"><v>7.55</v></c><c r="K97" s="2"><v>75</v></c><c r="L97"><v>13100</v></c><c r="M97" s="2"><v>75</v></c><c r="N97" s="1"><v>1312.3</v></c><c r="O97" s="1"><v>1338.55</v></c><c r="P97" s="2"><v>750</v></c><c r="Q97" t="s"><v>19</v></c><c r="R97" t="s"><v>19</v></c><c r="S97" t="s"><v>19</v></c><c r="T97" s="2" t="s"><v>19</v></c><c r="U97" s="2" t="s"><v>19</v></c><c r="V97" s="2" t="s"><v>19</v></c><c r="W97" t="s"><v>228</v></c></row><row r="98" spans="1:23" x14ac:dyDescent="0.35"><c r="A98" t="s"><v>228</v></c><c r="B98" s="2" t="s"><v>19</v></c><c r="C98" s="2" t="s"><v>19</v></c><c r="D98" s="2" t="s"><v>19</v></c><c r="E98" t="s"><v>19</v></c><c r="F98" s="1" t="s"><v>19</v></c><c r="G98" t="s"><v>19</v></c><c r="H98" s="2"><v>300</v></c><c r="I98" s="1"><v>3.45</v></c><c r="J98" s="1" t="s"><v>19</v></c><c r="K98" s="2" t="s"><v>19</v></c><c r="L98"><v>13150</v></c><c r="M98" s="2"><v>75</v></c><c r="N98" s="1"><v>1296.4000000000001</v></c><c r="O98" s="1"><v>1413.9</v></c><c r="P98" s="2"><v>975</v></c><c r="Q98" t="s"><v>19</v></c><c r="R98" s="1" t="s"><v>19</v></c><c r="S98" t="s"><v>19</v></c><c r="T98" s="2" t="s"><v>19</v></c><c r="U98" s="2" t="s"><v>19</v></c><c r="V98" s="2" t="s"><v>19</v></c><c r="W98" t="s"><v>228</v></c></row><row r="99" spans="1:23" x14ac:dyDescent="0.35"><c r="A99" t="s"><v>228</v></c><c r="B99" s="2"><v>24750</v></c><c r="C99" s="2"><v>1275</v></c><c r="D99" s="2"><v>46</v></c><c r="E99"><v>19.760000000000002</v></c><c r="F99" s="1"><v>5.3</v></c><c r="G99"><v>-0.2</v></c><c r="H99" s="2"><v>75</v></c><c r="I99" s="1"><v>5.3</v></c><c r="J99" s="1"><v>6.85</v></c><c r="K99" s="2"><v>225</v></c><c r="L99"><v>13200</v></c><c r="M99" s="2"><v>75</v></c><c r="N99" s="1"><v>1414.35</v></c><c r="O99" s="1"><v>1436</v></c><c r="P99" s="2"><v>75</v></c><c r="Q99"><v>-10.45</v></c><c r="R99" s="1"><v>1422</v></c><c r="S99"><v>30.12</v></c><c r="T99" s="2"><v>8</v></c><c r="U99" s="2"><v>450</v></c><c r="V99" s="2"><v>1575</v></c><c r="W99" t="s"><v>228</v></c></row><row r="100" spans="1:23" x14ac:dyDescent="0.35"><c r="A100" t="s"><v>228</v></c><c r="B100" s="2" t="s"><v>19</v></c><c r="C100" s="2" t="s"><v>19</v></c><c r="D100" s="2" t="s"><v>19</v></c><c r="E100" t="s"><v>19</v></c><c r="F100" s="1" t="s"><v>19</v></c><c r="G100" t="s"><v>19</v></c><c r="H100" s="2"><v>6000</v></c><c r="I100" s="1"><v>0.65</v></c><c r="J100" s="1" t="s"><v>19</v></c><c r="K100" s="2" t="s"><v>19</v></c><c r="L100"><v>13250</v></c><c r="M100" s="2"><v>150</v></c><c r="N100" s="1"><v>1389.45</v></c><c r="O100" s="1"><v>1509.55</v></c><c r="P100" s="2"><v>975</v></c><c r="Q100" t="s"><v>19</v></c><c r="R100" s="1" t="s"><v>19</v></c><c r="S100" t="s"><v>19</v></c><c r="T100" s="2" t="s"><v>19</v></c><c r="U100" s="2" t="s"><v>19</v></c><c r="V100" s="2" t="s"><v>19</v></c><c r="W100" t="s"><v>228</v></c></row><row r="101" spans="1:23" x14ac:dyDescent="0.35"><c r="A101" t="s"><v>228</v></c><c r="B101" s="2" t="s"><v>19</v></c><c r="C101" t="s"><v>19</v></c><c r="D101" s="2"><v>18</v></c><c r="E101"><v>19.66</v></c><c r="F101" s="1"><v>3.5</v></c><c r="G101"><v>3.05</v></c><c r="H101" s="2"><v>150</v></c><c r="I101" s="1"><v>3.5</v></c><c r="J101" s="1" t="s"><v>19</v></c><c r="K101" s="2" t="s"><v>19</v></c><c r="L101"><v>13300</v></c><c r="M101" s="2"><v>150</v></c><c r="N101" s="1"><v>1502.65</v></c><c r="O101" s="1"><v>1555.5</v></c><c r="P101" s="2"><v>75</v></c><c r="Q101"><v>33.950000000000003</v></c><c r="R101" s="1"><v>1500</v></c><c r="S101"><v>27.1</v></c><c r="T101" s="2"><v>10</v></c><c r="U101" s="2" t="s"><v>19</v></c><c r="V101" s="2"><v>75</v></c><c r="W101" t="s"><v>228</v></c></row><row r="102" spans="1:23" x14ac:dyDescent="0.35"><c r="A102" t="s"><v>20</v></c><c r="B102" s="2"><v>12808725</v></c><c r="D102" s="2"><v>134353</v></c><c r="F102" s="1"/><c r="H102" s="2"/><c r="I102" s="1"/><c r="J102" s="1"/><c r="K102" s="2"/><c r="M102" s="2"/><c r="N102" s="1"/><c r="O102" s="1"/><c r="P102" s="2"/><c r="R102" s="1"/><c r="T102" s="2"><v>132627</v></c><c r="U102" s="2"/><c r="V102" s="2"><v>15642300</v></c><c r="W102" t="s"><v>20</v></c></row><row r="103" spans="1:23" x14ac:dyDescent="0.35"><c r="B103" s="2"/><c r="F103" s="1"/><c r="H103" s="2"/><c r="I103" s="1"/><c r="J103" s="1"/><c r="K103" s="2"/><c r="M103" s="2"/><c r="N103" s="1"/><c r="O103" s="1"/><c r="P103" s="2"/><c r="R103" s="1"/><c r="T103" s="2"/><c r="U103" s="2"/><c r="V103" s="2"/></row><row r="104" spans="1:23" x14ac:dyDescent="0.35"><c r="A104" t="s"><v>21</v></c><c r="B104" s="2"/><c r="F104" s="1"/><c r="H104" s="2"/><c r="I104" s="1"/><c r="J104" s="1"/><c r="K104" s="2"/><c r="M104" s="2"/><c r="N104" s="1"/><c r="O104" s="1"/><c r="P104" s="2"/><c r="R104" s="1"/><c r="T104" s="2"/><c r="U104" s="2"/><c r="V104" s="2"/></row><row r="105" spans="1:23" x14ac:dyDescent="0.35"><c r="A105" t="s"><v>229</v></c><c r="B105" s="2"/><c r="F105" s="1"/><c r="H105" s="2"/><c r="I105" s="1"/><c r="J105" s="1"/><c r="K105" s="2"/><c r="M105" s="2"/><c r="N105" s="1"/><c r="O105" s="1"/><c r="P105" s="2"/><c r="R105" s="1"/><c r="T105" s="2"/><c r="U105" s="2"/><c r="V105" s="2"/></row><row r="106" spans="1:23" x14ac:dyDescent="0.35"><c r="B106" s="2"/><c r="F106" s="1"/><c r="H106" s="2"/><c r="I106" s="1"/><c r="J106" s="1"/><c r="K106" s="2"/><c r="M106" s="2"/><c r="N106" s="1"/><c r="O106" s="1"/><c r="P106" s="2"/><c r="R106" s="1"/><c r="T106" s="2"/><c r="U106" s="2"/><c r="V106" s="2"/></row><row r="107" spans="1:23" x14ac:dyDescent="0.35"><c r="A107" t="s"><v>230</v></c><c r="B107" s="2"/><c r="F107" s="1"/><c r="H107" s="2"/><c r="I107" s="1"/><c r="J107" s="1"/><c r="K107" s="2"/><c r="M107" s="2"/><c r="N107" s="1"/><c r="O107" s="1"/><c r="P107" s="2"/><c r="R107" s="1"/><c r="T107" s="2"/><c r="U107" s="2"/><c r="V107" s="2"/></row><row r="108" spans="1:23" x14ac:dyDescent="0.35"><c r="B108" s="2"/><c r="F108" s="1"/><c r="H108" s="2"/><c r="I108" s="1"/><c r="J108" s="1"/><c r="K108" s="2"/><c r="M108" s="2"/><c r="N108" s="1"/><c r="O108" s="1"/><c r="P108" s="2"/><c r="R108" s="1"/><c r="T108" s="2"/><c r="U108" s="2"/><c r="V108" s="2"/></row><row r="109" spans="1:23" x14ac:dyDescent="0.35"><c r="B109" s="2"/><c r="F109" s="1"/><c r="H109" s="2"/><c r="I109" s="1"/><c r="J109" s="1"/><c r="K109" s="2"/><c r="M109" s="2"/><c r="N109" s="1"/><c r="O109" s="1"/><c r="P109" s="2"/><c r="R109" s="1"/><c r="T109" s="2"/><c r="U109" s="2"/><c r="V109" s="2"/></row><row r="110" spans="1:23" x14ac:dyDescent="0.35"><c r="A110" t="s"><v>231</v></c><c r="B110" s="2"/><c r="C110" s="2"/><c r="F110" s="1"/><c r="H110" s="2"/><c r="I110" s="1"/><c r="J110" s="1"/><c r="K110" s="2"/><c r="M110" s="2"/><c r="N110" s="1"/><c r="O110" s="1"/><c r="P110" s="2"/><c r="R110" s="1"/><c r="T110" s="2"/><c r="U110" s="2"/><c r="V110" s="2"/></row><row r="111" spans="1:23" x14ac:dyDescent="0.35"><c r="A111" t="s"><v>227</v></c><c r="B111" s="2"/><c r="C111" s="2"/><c r="F111" s="1"/><c r="H111" s="2"/><c r="I111" s="1"/><c r="J111" s="1"/><c r="K111" s="2"/><c r="M111" s="2"/><c r="N111" s="1"/><c r="O111" s="1"/><c r="P111" s="2"/><c r="R111" s="1"/><c r="T111" s="2"/><c r="U111" s="2"/><c r="V111" s="2"/></row></sheetData><customSheetViews><customSheetView guid="{D12DFD61-4B7F-43F1-B07E-A848E00A354C}" state="hidden" topLeftCell="C5"><selection activeCell="U5" sqref="U5"/><pageMargins left="0.7" right="0.7" top="0.75" bottom="0.75" header="0.3" footer="0.3"/><pageSetup paperSize="9" orientation="portrait" horizontalDpi="300" verticalDpi="300" r:id="rId1"/></customSheetView></customSheetViews><pageMargins left="0.7" right="0.7" top="0.75" bottom="0.75" header="0.3" footer="0.3"/><pageSetup paperSize="9" orientation="portrait" horizontalDpi="300" verticalDpi="300" r:id="rId2"/></worksheet>