<?xml version="1.0" encoding="UTF-8" standalone="yes"?>
<worksheet xmlns="http://schemas.openxmlformats.org/spreadsheetml/2006/main" xmlns:r="http://schemas.openxmlformats.org/officeDocument/2006/relationships" xmlns:mc="http://schemas.openxmlformats.org/markup-compatibility/2006" mc:Ignorable="x14ac xr xr2 xr3" xmlns:x14ac="http://schemas.microsoft.com/office/spreadsheetml/2009/9/ac" xmlns:xr="http://schemas.microsoft.com/office/spreadsheetml/2014/revision" xmlns:xr2="http://schemas.microsoft.com/office/spreadsheetml/2015/revision2" xmlns:xr3="http://schemas.microsoft.com/office/spreadsheetml/2016/revision3" xr:uid="{00000000-0001-0000-0300-000000000000}"><sheetPr codeName="Sheet4"/><dimension ref="A1:S54"/><sheetViews><sheetView workbookViewId="0"><selection activeCell="A56" sqref="A56"/></sheetView></sheetViews><sheetFormatPr defaultRowHeight="14.5" x14ac:dyDescent="0.35"/><cols><col min="1" max="1" width="12.1796875" customWidth="1"/><col min="3" max="3" width="12.1796875" customWidth="1"/><col min="4" max="4" width="7.7265625" customWidth="1"/><col min="5" max="5" width="8.26953125" customWidth="1"/><col min="6" max="6" width="4.1796875" customWidth="1"/><col min="7" max="7" width="10.1796875" bestFit="1" customWidth="1"/><col min="9" max="9" width="15.453125" customWidth="1"/><col min="12" max="12" width="12.81640625" customWidth="1"/><col min="15" max="15" width="8" customWidth="1"/><col min="16" max="16" width="15.453125" customWidth="1"/><col min="17" max="17" width="9.26953125" customWidth="1"/><col min="18" max="18" width="8" customWidth="1"/></cols><sheetData><row r="1" spans="1:19" ht="24" thickBot="1" x14ac:dyDescent="0.6"><c r="A1" s="506" t="s"><v>49</v></c><c r="B1" s="506"/><c r="C1" s="506"/><c r="D1" s="284"/><c r="E1" s="285"/><c r="F1" s="285"/><c r="G1" s="97" t="s"><v>100</v></c><c r="H1" s="99"><f ca="1">MAIN!C5</f><v>11700</v></c><c r="I1" s="286"><f ca="1">MAIN!E5</f><v>173250</v></c><c r="J1" s="509" t="s"><v>117</v></c><c r="K1" s="509"/><c r="L1" s="509"/><c r="M1" s="101"/><c r="N1" s="287" t="s"><v>102</v></c><c r="O1" s="288"><f ca="1">MAIN!C6</f><v>11800</v></c><c r="P1" s="289"><f ca="1">MAIN!E6</f><v>148575</v></c><c r="Q1" s="290"/><c r="R1" s="508" t="str"><f ca="1">MAIN!E7</f><v>SELL</v></c><c r="S1" s="290"/></row><row r="2" spans="1:19" ht="16" thickBot="1" x14ac:dyDescent="0.4"><c r="A2" s="114" t="s"><v>108</v></c><c r="B2" s="114" t="s"><v>50</v></c><c r="C2" s="114" t="s"><v>109</v></c><c r="D2" s="284" t="s"><v>23</v></c><c r="E2" s="291" t="str"><f>MAIN!B2</f><v>11724.75</v></c><c r="F2" s="141"/><c r="G2" s="502" t="str"><f>MAIN!D1</f><v xml:space="preserve">Underlying Index: NIFTY 11724.75  As on May 02, 2019 15:30:30 IST </v></c><c r="H2" s="507"/><c r="I2" s="507"/><c r="J2" s="507"/><c r="K2" s="507"/><c r="L2" s="507"/><c r="M2" s="507"/><c r="N2" s="507"/><c r="O2" s="507"/><c r="P2" s="285" t="s"><v>116</v></c><c r="Q2" s="285"><f ca="1">MAIN!S2</f><v>11700</v></c><c r="R2" s="508"/><c r="S2" s="141"/></row><row r="3" spans="1:19" ht="16" thickBot="1" x14ac:dyDescent="0.4"><c r="A3" s="292"><f ca="1">Sheet51!C150</f><v>21825</v></c><c r="B3" s="235"><f>Sheet51!E150</f><v>12700</v></c><c r="C3" s="292"><f ca="1">Sheet51!G150</f><v>0</v></c><c r="D3" s="141"/><c r="E3" s="141"/><c r="F3" s="141"/><c r="G3" s="141"/><c r="H3" s="141"/><c r="I3" s="141"/><c r="J3" s="141"/><c r="K3" s="141"/><c r="L3" s="141"/><c r="M3" s="141"/><c r="N3" s="141"/><c r="O3" s="141"/><c r="P3" s="141"/><c r="Q3" s="293"/><c r="R3" s="141"/><c r="S3" s="293"/></row><row r="4" spans="1:19" ht="16" thickBot="1" x14ac:dyDescent="0.4"><c r="A4" s="292"><f ca="1">Sheet51!C151</f><v>35175</v></c><c r="B4" s="235"><f>Sheet51!E151</f><v>12600</v></c><c r="C4" s="292"><f ca="1">Sheet51!G151</f><v>300</v></c><c r="D4" s="141"/><c r="E4" s="141"/><c r="F4" s="141"/><c r="G4" s="141"/><c r="H4" s="141"/><c r="I4" s="141"/><c r="J4" s="141"/><c r="K4" s="141"/><c r="L4" s="141"/><c r="M4" s="141"/><c r="N4" s="141"/><c r="O4" s="141"/><c r="P4" s="141"/><c r="Q4" s="293"/><c r="R4" s="141"/><c r="S4" s="293"/></row><row r="5" spans="1:19" ht="16" thickBot="1" x14ac:dyDescent="0.4"><c r="A5" s="292"><f ca="1">Sheet51!C152</f><v>73125</v></c><c r="B5" s="235"><f>Sheet51!E152</f><v>12500</v></c><c r="C5" s="292"><f ca="1">Sheet51!G152</f><v>5400</v></c><c r="D5" s="141"/><c r="E5" s="141"/><c r="F5" s="141"/><c r="G5" s="141"/><c r="H5" s="141"/><c r="I5" s="141"/><c r="J5" s="141"/><c r="K5" s="141"/><c r="L5" s="141"/><c r="M5" s="141"/><c r="N5" s="141"/><c r="O5" s="141"/><c r="P5" s="141"/><c r="Q5" s="293"/><c r="R5" s="141"/><c r="S5" s="293"/></row><row r="6" spans="1:19" ht="16" thickBot="1" x14ac:dyDescent="0.4"><c r="A6" s="292"><f ca="1">Sheet51!C153</f><v>32400</v></c><c r="B6" s="235"><f>Sheet51!E153</f><v>12400</v></c><c r="C6" s="292"><f ca="1">Sheet51!G153</f><v>525</v></c><c r="D6" s="141"/><c r="E6" s="141"/><c r="F6" s="141"/><c r="G6" s="141"/><c r="H6" s="141"/><c r="I6" s="141"/><c r="J6" s="141"/><c r="K6" s="141"/><c r="L6" s="141"/><c r="M6" s="141"/><c r="N6" s="141"/><c r="O6" s="141"/><c r="P6" s="141"/><c r="Q6" s="293"/><c r="R6" s="141"/><c r="S6" s="293"/></row><row r="7" spans="1:19" ht="16" thickBot="1" x14ac:dyDescent="0.4"><c r="A7" s="292"><f ca="1">Sheet51!C154</f><v>59850</v></c><c r="B7" s="235"><f>Sheet51!E154</f><v>12300</v></c><c r="C7" s="292"><f ca="1">Sheet51!G154</f><v>75</v></c><c r="D7" s="141"/><c r="E7" s="141"/><c r="F7" s="141"/><c r="G7" s="141"/><c r="H7" s="141"/><c r="I7" s="141"/><c r="J7" s="141"/><c r="K7" s="141"/><c r="L7" s="141"/><c r="M7" s="141"/><c r="N7" s="141"/><c r="O7" s="141"/><c r="P7" s="141"/><c r="Q7" s="293"/><c r="R7" s="141"/><c r="S7" s="293"/></row><row r="8" spans="1:19" ht="16" thickBot="1" x14ac:dyDescent="0.4"><c r="A8" s="292"><f ca="1">Sheet51!C155</f><v>49350</v></c><c r="B8" s="235"><f>Sheet51!E155</f><v>12200</v></c><c r="C8" s="292"><f ca="1">Sheet51!G155</f><v>-1275</v></c><c r="D8" s="141"/><c r="E8" s="141"/><c r="F8" s="141"/><c r="G8" s="141"/><c r="H8" s="141"/><c r="I8" s="141"/><c r="J8" s="141"/><c r="K8" s="141"/><c r="L8" s="141"/><c r="M8" s="141"/><c r="N8" s="141"/><c r="O8" s="141"/><c r="P8" s="141"/><c r="Q8" s="293"/><c r="R8" s="141"/><c r="S8" s="293"/></row><row r="9" spans="1:19" ht="16" thickBot="1" x14ac:dyDescent="0.4"><c r="A9" s="292"><f ca="1">Sheet51!C156</f><v>46650</v></c><c r="B9" s="235"><f>Sheet51!E156</f><v>12100</v></c><c r="C9" s="292"><f ca="1">Sheet51!G156</f><v>-600</v></c><c r="D9" s="141"/><c r="E9" s="141"/><c r="F9" s="141"/><c r="G9" s="141"/><c r="H9" s="141"/><c r="I9" s="141"/><c r="J9" s="141"/><c r="K9" s="141"/><c r="L9" s="141"/><c r="M9" s="141"/><c r="N9" s="141"/><c r="O9" s="141"/><c r="P9" s="141"/><c r="Q9" s="293"/><c r="R9" s="141"/><c r="S9" s="293"/></row><row r="10" spans="1:19" ht="16" thickBot="1" x14ac:dyDescent="0.4"><c r="A10" s="294"><f ca="1">Sheet51!C157</f><v>2700</v></c><c r="B10" s="236"><f>Sheet51!E157</f><v>12000</v></c><c r="C10" s="295"><f ca="1">Sheet51!G157</f><v>-20475</v></c><c r="D10" s="141"/><c r="E10" s="141"/><c r="F10" s="141"/><c r="G10" s="141"/><c r="H10" s="141"/><c r="I10" s="141"/><c r="J10" s="141"/><c r="K10" s="141"/><c r="L10" s="141"/><c r="M10" s="141"/><c r="N10" s="141"/><c r="O10" s="141"/><c r="P10" s="141"/><c r="Q10" s="293"/><c r="R10" s="141"/><c r="S10" s="293"/></row><row r="11" spans="1:19" ht="16" thickBot="1" x14ac:dyDescent="0.4"><c r="A11" s="294"><f ca="1">Sheet51!C158</f><v>40575</v></c><c r="B11" s="236"><f>Sheet51!E158</f><v>11900</v></c><c r="C11" s="295"><f ca="1">Sheet51!G158</f><v>23475</v></c><c r="D11" s="141"/><c r="E11" s="141"/><c r="F11" s="141"/><c r="G11" s="141"/><c r="H11" s="141"/><c r="I11" s="141"/><c r="J11" s="141"/><c r="K11" s="141"/><c r="L11" s="141"/><c r="M11" s="141"/><c r="N11" s="141"/><c r="O11" s="141"/><c r="P11" s="141"/><c r="Q11" s="293"/><c r="R11" s="141"/><c r="S11" s="293"/></row><row r="12" spans="1:19" ht="16" thickBot="1" x14ac:dyDescent="0.4"><c r="A12" s="294"><f ca="1">Sheet51!C159</f><v>32250</v></c><c r="B12" s="236"><f>Sheet51!E159</f><v>11800</v></c><c r="C12" s="295"><f ca="1">Sheet51!G159</f><v>148575</v></c><c r="D12" s="141"/><c r="E12" s="141"/><c r="F12" s="141"/><c r="G12" s="141"/><c r="H12" s="141"/><c r="I12" s="141"/><c r="J12" s="141"/><c r="K12" s="141"/><c r="L12" s="141"/><c r="M12" s="141"/><c r="N12" s="141"/><c r="O12" s="141"/><c r="P12" s="141"/><c r="Q12" s="293"/><c r="R12" s="141"/><c r="S12" s="293"/></row><row r="13" spans="1:19" ht="16" thickBot="1" x14ac:dyDescent="0.4"><c r="A13" s="100"><f ca="1">Sheet51!C160</f><v>173250</v></c><c r="B13" s="96"><f>Sheet51!E160</f><v>11700</v></c><c r="C13" s="100"><f ca="1">Sheet51!G160</f><v>136500</v></c><c r="D13" s="141"/><c r="E13" s="141"/><c r="F13" s="141"/><c r="G13" s="141"/><c r="H13" s="141"/><c r="I13" s="141"/><c r="J13" s="141"/><c r="K13" s="141"/><c r="L13" s="141"/><c r="M13" s="141"/><c r="N13" s="141"/><c r="O13" s="141"/><c r="P13" s="141"/><c r="Q13" s="293"/><c r="R13" s="141"/><c r="S13" s="293"/></row><row r="14" spans="1:19" ht="16" thickBot="1" x14ac:dyDescent="0.4"><c r="A14" s="295"><f ca="1">Sheet51!C161</f><v>19725</v></c><c r="B14" s="236"><f>Sheet51!E161</f><v>11600</v></c><c r="C14" s="294"><f ca="1">Sheet51!G161</f><v>-18750</v></c><c r="D14" s="141"/><c r="E14" s="141"/><c r="F14" s="141"/><c r="G14" s="141"/><c r="H14" s="141"/><c r="I14" s="141"/><c r="J14" s="141"/><c r="K14" s="141"/><c r="L14" s="141"/><c r="M14" s="141"/><c r="N14" s="141"/><c r="O14" s="141"/><c r="P14" s="141"/><c r="Q14" s="293"/><c r="R14" s="141"/><c r="S14" s="293"/></row><row r="15" spans="1:19" ht="16" thickBot="1" x14ac:dyDescent="0.4"><c r="A15" s="295"><f ca="1">Sheet51!C162</f><v>-1500</v></c><c r="B15" s="236"><f>Sheet51!E162</f><v>11500</v></c><c r="C15" s="294"><f ca="1">Sheet51!G162</f><v>3675</v></c><c r="D15" s="141"/><c r="E15" s="141"/><c r="F15" s="141"/><c r="G15" s="141"/><c r="H15" s="141"/><c r="I15" s="141"/><c r="J15" s="141"/><c r="K15" s="141"/><c r="L15" s="141"/><c r="M15" s="141"/><c r="N15" s="141"/><c r="O15" s="141"/><c r="P15" s="141"/><c r="Q15" s="293"/><c r="R15" s="141"/><c r="S15" s="293"/></row><row r="16" spans="1:19" ht="16" thickBot="1" x14ac:dyDescent="0.4"><c r="A16" s="295"><f ca="1">Sheet51!C163</f><v>1800</v></c><c r="B16" s="236"><f>Sheet51!E163</f><v>11400</v></c><c r="C16" s="294"><f ca="1">Sheet51!G163</f><v>31725</v></c><c r="D16" s="141"/><c r="E16" s="141"/><c r="F16" s="141"/><c r="G16" s="141"/><c r="H16" s="141"/><c r="I16" s="141"/><c r="J16" s="141"/><c r="K16" s="141"/><c r="L16" s="141"/><c r="M16" s="141"/><c r="N16" s="141"/><c r="O16" s="141"/><c r="P16" s="141"/><c r="Q16" s="293"/><c r="R16" s="141"/><c r="S16" s="293"/></row><row r="17" spans="1:19" ht="16" thickBot="1" x14ac:dyDescent="0.4"><c r="A17" s="292"><f ca="1">Sheet51!C164</f><v>1650</v></c><c r="B17" s="235"><f>Sheet51!E164</f><v>11300</v></c><c r="C17" s="292"><f ca="1">Sheet51!G164</f><v>29850</v></c><c r="D17" s="141"/><c r="E17" s="141"/><c r="F17" s="141"/><c r="G17" s="141"/><c r="H17" s="141"/><c r="I17" s="141"/><c r="J17" s="141"/><c r="K17" s="141"/><c r="L17" s="141"/><c r="M17" s="141"/><c r="N17" s="141"/><c r="O17" s="141"/><c r="P17" s="141"/><c r="Q17" s="293"/><c r="R17" s="141"/><c r="S17" s="293"/></row><row r="18" spans="1:19" ht="16" thickBot="1" x14ac:dyDescent="0.4"><c r="A18" s="292"><f ca="1">Sheet51!C165</f><v>-225</v></c><c r="B18" s="235"><f>Sheet51!E165</f><v>11200</v></c><c r="C18" s="292"><f ca="1">Sheet51!G165</f><v>20550</v></c><c r="D18" s="141"/><c r="E18" s="296"/><c r="F18" s="141"/><c r="G18" s="141"/><c r="H18" s="141"/><c r="I18" s="141"/><c r="J18" s="141"/><c r="K18" s="141"/><c r="L18" s="141"/><c r="M18" s="141"/><c r="N18" s="141"/><c r="O18" s="141"/><c r="P18" s="141"/><c r="Q18" s="293"/><c r="R18" s="141"/><c r="S18" s="293"/></row><row r="19" spans="1:19" ht="16" thickBot="1" x14ac:dyDescent="0.4"><c r="A19" s="292"><f ca="1">Sheet51!C166</f><v>-1425</v></c><c r="B19" s="235"><f>Sheet51!E166</f><v>11100</v></c><c r="C19" s="292"><f ca="1">Sheet51!G166</f><v>101850</v></c><c r="D19" s="141"/><c r="E19" s="141"/><c r="F19" s="141"/><c r="G19" s="141"/><c r="H19" s="141"/><c r="I19" s="141"/><c r="J19" s="141"/><c r="K19" s="141"/><c r="L19" s="141"/><c r="M19" s="141"/><c r="N19" s="141"/><c r="O19" s="141"/><c r="P19" s="141"/><c r="Q19" s="293"/><c r="R19" s="141"/><c r="S19" s="293"/></row><row r="20" spans="1:19" ht="16" thickBot="1" x14ac:dyDescent="0.4"><c r="A20" s="292"><f ca="1">Sheet51!C167</f><v>-31425</v></c><c r="B20" s="235"><f>Sheet51!E167</f><v>11000</v></c><c r="C20" s="292"><f ca="1">Sheet51!G167</f><v>600</v></c><c r="D20" s="141"/><c r="E20" s="141"/><c r="F20" s="141"/><c r="G20" s="141"/><c r="H20" s="141"/><c r="I20" s="141"/><c r="J20" s="141"/><c r="K20" s="141"/><c r="L20" s="141"/><c r="M20" s="141"/><c r="N20" s="141"/><c r="O20" s="141"/><c r="P20" s="141"/><c r="Q20" s="293"/><c r="R20" s="141"/><c r="S20" s="293"/></row><row r="21" spans="1:19" ht="16" thickBot="1" x14ac:dyDescent="0.4"><c r="A21" s="292"><f ca="1">Sheet51!C168</f><v>-2625</v></c><c r="B21" s="235"><f>Sheet51!E168</f><v>10900</v></c><c r="C21" s="292"><f ca="1">Sheet51!G168</f><v>54450</v></c><c r="D21" s="141"/><c r="E21" s="141"/><c r="F21" s="141"/><c r="G21" s="141"/><c r="H21" s="141"/><c r="I21" s="141"/><c r="J21" s="141"/><c r="K21" s="141"/><c r="L21" s="141"/><c r="M21" s="141"/><c r="N21" s="141"/><c r="O21" s="141"/><c r="P21" s="141"/><c r="Q21" s="293"/><c r="R21" s="141"/><c r="S21" s="293"/></row><row r="22" spans="1:19" ht="16" thickBot="1" x14ac:dyDescent="0.4"><c r="A22" s="292"><f ca="1">Sheet51!C169</f><v>-375</v></c><c r="B22" s="235"><f>Sheet51!E169</f><v>10800</v></c><c r="C22" s="292"><f ca="1">Sheet51!G169</f><v>-46575</v></c><c r="D22" s="141"/><c r="E22" s="141"/><c r="F22" s="141"/><c r="G22" s="141"/><c r="H22" s="141"/><c r="I22" s="141"/><c r="J22" s="141"/><c r="K22" s="141"/><c r="L22" s="141"/><c r="M22" s="141"/><c r="N22" s="141"/><c r="O22" s="141"/><c r="P22" s="141"/><c r="Q22" s="293"/><c r="R22" s="141"/><c r="S22" s="293"/></row><row r="23" spans="1:19" ht="16" thickBot="1" x14ac:dyDescent="0.4"><c r="A23" s="292"><f ca="1">Sheet51!C170</f><v>-75</v></c><c r="B23" s="235"><f>Sheet51!E170</f><v>10700</v></c><c r="C23" s="292"><f ca="1">Sheet51!G170</f><v>9900</v></c><c r="D23" s="141"/><c r="E23" s="141"/><c r="F23" s="141"/><c r="G23" s="141"/><c r="H23" s="141"/><c r="I23" s="141"/><c r="J23" s="141"/><c r="K23" s="141"/><c r="L23" s="141"/><c r="M23" s="141"/><c r="N23" s="141"/><c r="O23" s="141"/><c r="P23" s="141"/><c r="Q23" s="293"/><c r="R23" s="141"/><c r="S23" s="293"/></row><row r="24" spans="1:19" ht="15" thickBot="1" x14ac:dyDescent="0.4"><c r="A24" s="297" t="s"><v>113</v></c><c r="B24" s="94" t="s"><v>114</v></c><c r="C24" s="298" t="s"><v>115</v></c><c r="D24" s="141"/><c r="E24" s="141"/><c r="F24" s="141"/><c r="G24" s="141"/><c r="H24" s="141"/><c r="I24" s="141"/><c r="J24" s="141"/><c r="K24" s="141"/><c r="L24" s="141"/><c r="M24" s="141"/><c r="N24" s="141"/><c r="O24" s="141"/><c r="P24" s="141"/><c r="Q24" s="141"/><c r="R24" s="141"/><c r="S24" s="141"/></row><row r="25" spans="1:19" x14ac:dyDescent="0.35"><c r="A25" s="141"/><c r="B25" s="141"/><c r="C25" s="141"/><c r="D25" s="141"/><c r="E25" s="141"/><c r="F25" s="141"/><c r="G25" s="141"/><c r="H25" s="141"/><c r="I25" s="141"/><c r="J25" s="141"/><c r="K25" s="141"/><c r="L25" s="141"/><c r="M25" s="283"/><c r="N25" s="505" t="str"><f>MAIN!O1</f><v>Last Updated  :</v></c><c r="O25" s="505"/><c r="P25" s="304"><f ca="1">MAIN!Q1</f><v>43587.719943750002</v></c><c r="Q25" s="305"><f ca="1">MAIN!S1</f><v>43587.719943750002</v></c><c r="R25" s="141"/><c r="S25" s="141"/></row><row r="26" spans="1:19" ht="23.5" x14ac:dyDescent="0.5"><c r="A26" s="141"/><c r="B26" s="141"/><c r="C26" s="141"/><c r="D26" s="97" t="str"><f>G1</f><v>CE :</v></c><c r="E26" s="99"><f ca="1">H1</f><v>11700</v></c><c r="F26" s="500"><f ca="1">I1</f><v>173250</v></c><c r="G26" s="500"/><c r="H26" s="501" t="str"><f>J1</f><v>INTRADAY</v></c><c r="I26" s="501"/><c r="J26" s="501"/><c r="K26" s="501"/><c r="L26" s="299" t="str"><f>N1</f><v>PE :</v></c><c r="M26" s="300"><f ca="1">O1</f><v>11800</v></c><c r="N26" s="504"><f ca="1">P1</f><v>148575</v></c><c r="O26" s="504"/><c r="P26" s="283"/><c r="Q26" s="503" t="str"><f ca="1">R1</f><v>SELL</v></c><c r="R26" s="503"/><c r="S26" s="141"/></row><row r="27" spans="1:19" ht="15" customHeight="1" x14ac:dyDescent="0.35"><c r="A27" s="283"/><c r="B27" s="284" t="str"><f>D2</f><v>Spot :</v></c><c r="C27" s="291" t="str"><f>E2</f><v>11724.75</v></c><c r="D27" s="502" t="str"><f>G2</f><v xml:space="preserve">Underlying Index: NIFTY 11724.75  As on May 02, 2019 15:30:30 IST </v></c><c r="E27" s="502"/><c r="F27" s="502"/><c r="G27" s="502"/><c r="H27" s="502"/><c r="I27" s="502"/><c r="J27" s="502"/><c r="K27" s="502"/><c r="L27" s="502"/><c r="M27" s="502"/><c r="N27" s="301"/><c r="O27" s="301"/><c r="P27" s="285" t="str"><f>P2</f><v>Max.Pain:</v></c><c r="Q27" s="291"><f ca="1">Q2</f><v>11700</v></c><c r="R27" s="302"/><c r="S27" s="283"/></row><row r="28" spans="1:19" x14ac:dyDescent="0.35"><c r="A28" s="283"/><c r="B28" s="283"/><c r="C28" s="283"/><c r="D28" s="283"/><c r="E28" s="283"/><c r="F28" s="283"/><c r="G28" s="283"/><c r="H28" s="283"/><c r="I28" s="283"/><c r="J28" s="283"/><c r="K28" s="283"/><c r="L28" s="283"/><c r="M28" s="283"/><c r="N28" s="283"/><c r="O28" s="283"/><c r="P28" s="283"/><c r="Q28" s="283"/><c r="R28" s="283"/><c r="S28" s="283"/></row><row r="29" spans="1:19" x14ac:dyDescent="0.35"><c r="A29" s="283"/><c r="B29" s="283"/><c r="C29" s="283"/><c r="D29" s="283"/><c r="E29" s="283"/><c r="F29" s="283"/><c r="G29" s="283"/><c r="H29" s="283"/><c r="I29" s="283"/><c r="J29" s="283"/><c r="K29" s="283"/><c r="L29" s="283"/><c r="M29" s="283"/><c r="N29" s="283"/><c r="O29" s="283"/><c r="P29" s="283"/><c r="Q29" s="283"/><c r="R29" s="283"/><c r="S29" s="283"/></row><row r="30" spans="1:19" x14ac:dyDescent="0.35"><c r="A30" s="283"/><c r="B30" s="283"/><c r="C30" s="283"/><c r="D30" s="283"/><c r="E30" s="283"/><c r="F30" s="283"/><c r="G30" s="283"/><c r="H30" s="283"/><c r="I30" s="283"/><c r="J30" s="283"/><c r="K30" s="283"/><c r="L30" s="283"/><c r="M30" s="283"/><c r="N30" s="283"/><c r="O30" s="283"/><c r="P30" s="283"/><c r="Q30" s="283"/><c r="R30" s="283"/><c r="S30" s="283"/></row><row r="31" spans="1:19" ht="15.5" x14ac:dyDescent="0.35"><c r="A31" s="283"/><c r="B31" s="283"/><c r="C31" s="283"/><c r="D31" s="283"/><c r="E31" s="283"/><c r="F31" s="283"/><c r="G31" s="387" t="s"><v>108</v></c><c r="H31" s="387" t="s"><v>50</v></c><c r="I31" s="387" t="s"><v>109</v></c><c r="J31" s="283"/><c r="K31" s="283"/><c r="L31" s="283"/><c r="M31" s="283"/><c r="N31" s="283"/><c r="O31" s="283"/><c r="P31" s="283"/><c r="Q31" s="283"/><c r="R31" s="283"/><c r="S31" s="283"/></row><row r="32" spans="1:19" ht="15.5" x14ac:dyDescent="0.35"><c r="A32" s="283"/><c r="B32" s="283"/><c r="C32" s="283"/><c r="D32" s="283"/><c r="E32" s="283"/><c r="F32" s="283"/><c r="G32" s="388"><f ca="1">SUMIF(Sheet51!$H$6:'Sheet51'!$H$67,H32,Sheet51!$C$6:'Sheet51'!$C$67)</f><v>49350</v></c><c r="H32" s="387"><f t="shared" ref="H32:H39" si="0">H33+50</f><v>12200</v></c><c r="I32" s="388"><f ca="1">SUMIF(Sheet51!$H$6:'Sheet51'!H$67,H32,Sheet51!$J$6:'Sheet51'!$J$67)</f><v>-1275</v></c><c r="J32" s="283"/><c r="K32" s="283"/><c r="L32" s="283"/><c r="M32" s="283"/><c r="N32" s="283"/><c r="O32" s="283"/><c r="P32" s="283"/><c r="Q32" s="283"/><c r="R32" s="283"/><c r="S32" s="283"/></row><row r="33" spans="1:19" ht="15.5" x14ac:dyDescent="0.35"><c r="A33" s="283"/><c r="B33" s="283"/><c r="C33" s="283"/><c r="D33" s="283"/><c r="E33" s="283"/><c r="F33" s="283"/><c r="G33" s="388"><f ca="1">SUMIF(Sheet51!$H$6:'Sheet51'!$H$67,H33,Sheet51!$C$6:'Sheet51'!$C$67)</f><v>0</v></c><c r="H33" s="387"><f t="shared" si="0"/><v>12150</v></c><c r="I33" s="388"><f ca="1">SUMIF(Sheet51!$H$6:'Sheet51'!H$67,H33,Sheet51!$J$6:'Sheet51'!$J$67)</f><v>0</v></c><c r="J33" s="283"/><c r="K33" s="283"/><c r="L33" s="283"/><c r="M33" s="283"/><c r="N33" s="283"/><c r="O33" s="283"/><c r="P33" s="283"/><c r="Q33" s="283"/><c r="R33" s="283"/><c r="S33" s="283"/></row><row r="34" spans="1:19" ht="15.5" x14ac:dyDescent="0.35"><c r="A34" s="283"/><c r="B34" s="283"/><c r="C34" s="283"/><c r="D34" s="283"/><c r="E34" s="283"/><c r="F34" s="283"/><c r="G34" s="388"><f ca="1">SUMIF(Sheet51!$H$6:'Sheet51'!$H$67,H34,Sheet51!$C$6:'Sheet51'!$C$67)</f><v>46650</v></c><c r="H34" s="387"><f t="shared" si="0"/><v>12100</v></c><c r="I34" s="388"><f ca="1">SUMIF(Sheet51!$H$6:'Sheet51'!H$67,H34,Sheet51!$J$6:'Sheet51'!$J$67)</f><v>-600</v></c><c r="J34" s="283"/><c r="K34" s="283"/><c r="L34" s="283"/><c r="M34" s="283"/><c r="N34" s="283"/><c r="O34" s="283"/><c r="P34" s="283"/><c r="Q34" s="283"/><c r="R34" s="283"/><c r="S34" s="283"/></row><row r="35" spans="1:19" ht="15.5" x14ac:dyDescent="0.35"><c r="A35" s="283"/><c r="B35" s="283"/><c r="C35" s="283"/><c r="D35" s="283"/><c r="E35" s="283"/><c r="F35" s="283"/><c r="G35" s="388"><f ca="1">SUMIF(Sheet51!$H$6:'Sheet51'!$H$67,H35,Sheet51!$C$6:'Sheet51'!$C$67)</f><v>150</v></c><c r="H35" s="387"><f t="shared" si="0"/><v>12050</v></c><c r="I35" s="388"><f ca="1">SUMIF(Sheet51!$H$6:'Sheet51'!H$67,H35,Sheet51!$J$6:'Sheet51'!$J$67)</f><v>0</v></c><c r="J35" s="283"/><c r="K35" s="283"/><c r="L35" s="283"/><c r="M35" s="283"/><c r="N35" s="283"/><c r="O35" s="283"/><c r="P35" s="283"/><c r="Q35" s="283"/><c r="R35" s="283"/><c r="S35" s="283"/></row><row r="36" spans="1:19" ht="15.5" x14ac:dyDescent="0.35"><c r="A36" s="283"/><c r="B36" s="283"/><c r="C36" s="283"/><c r="D36" s="283"/><c r="E36" s="283"/><c r="F36" s="283"/><c r="G36" s="388"><f ca="1">SUMIF(Sheet51!$H$6:'Sheet51'!$H$67,H36,Sheet51!$C$6:'Sheet51'!$C$67)</f><v>2700</v></c><c r="H36" s="387"><f t="shared" si="0"/><v>12000</v></c><c r="I36" s="388"><f ca="1">SUMIF(Sheet51!$H$6:'Sheet51'!H$67,H36,Sheet51!$J$6:'Sheet51'!$J$67)</f><v>-20475</v></c><c r="J36" s="283"/><c r="K36" s="283"/><c r="L36" s="283"/><c r="M36" s="283"/><c r="N36" s="283"/><c r="O36" s="283"/><c r="P36" s="283"/><c r="Q36" s="283"/><c r="R36" s="283"/><c r="S36" s="283"/></row><row r="37" spans="1:19" ht="15.5" x14ac:dyDescent="0.35"><c r="A37" s="283"/><c r="B37" s="283"/><c r="C37" s="283"/><c r="D37" s="283"/><c r="E37" s="283"/><c r="F37" s="283"/><c r="G37" s="388"><f ca="1">SUMIF(Sheet51!$H$6:'Sheet51'!$H$67,H37,Sheet51!$C$6:'Sheet51'!$C$67)</f><v>3450</v></c><c r="H37" s="387"><f t="shared" si="0"/><v>11950</v></c><c r="I37" s="388"><f ca="1">SUMIF(Sheet51!$H$6:'Sheet51'!H$67,H37,Sheet51!$J$6:'Sheet51'!$J$67)</f><v>150</v></c><c r="J37" s="283"/><c r="K37" s="283"/><c r="L37" s="283"/><c r="M37" s="283"/><c r="N37" s="283"/><c r="O37" s="283"/><c r="P37" s="283"/><c r="Q37" s="283"/><c r="R37" s="283"/><c r="S37" s="283"/></row><row r="38" spans="1:19" ht="15.5" x14ac:dyDescent="0.35"><c r="A38" s="283"/><c r="B38" s="283"/><c r="C38" s="283"/><c r="D38" s="283"/><c r="E38" s="283"/><c r="F38" s="283"/><c r="G38" s="388"><f ca="1">SUMIF(Sheet51!$H$6:'Sheet51'!$H$67,H38,Sheet51!$C$6:'Sheet51'!$C$67)</f><v>40575</v></c><c r="H38" s="387"><f t="shared" si="0"/><v>11900</v></c><c r="I38" s="388"><f ca="1">SUMIF(Sheet51!$H$6:'Sheet51'!H$67,H38,Sheet51!$J$6:'Sheet51'!$J$67)</f><v>23475</v></c><c r="J38" s="283"/><c r="K38" s="283"/><c r="L38" s="283"/><c r="M38" s="283"/><c r="N38" s="283"/><c r="O38" s="283"/><c r="P38" s="283"/><c r="Q38" s="283"/><c r="R38" s="283"/><c r="S38" s="283"/></row><row r="39" spans="1:19" ht="15.5" x14ac:dyDescent="0.35"><c r="A39" s="283"/><c r="B39" s="283"/><c r="C39" s="283"/><c r="D39" s="283"/><c r="E39" s="283"/><c r="F39" s="283"/><c r="G39" s="388"><f ca="1">SUMIF(Sheet51!$H$6:'Sheet51'!$H$67,H39,Sheet51!$C$6:'Sheet51'!$C$67)</f><v>7200</v></c><c r="H39" s="387"><f t="shared" si="0"/><v>11850</v></c><c r="I39" s="388"><f ca="1">SUMIF(Sheet51!$H$6:'Sheet51'!H$67,H39,Sheet51!$J$6:'Sheet51'!$J$67)</f><v>1275</v></c><c r="J39" s="283"/><c r="K39" s="283"/><c r="L39" s="283"/><c r="M39" s="283"/><c r="N39" s="283"/><c r="O39" s="283"/><c r="P39" s="283"/><c r="Q39" s="283"/><c r="R39" s="283"/><c r="S39" s="283"/></row><row r="40" spans="1:19" ht="15.5" x14ac:dyDescent="0.35"><c r="A40" s="283"/><c r="B40" s="283"/><c r="C40" s="283"/><c r="D40" s="283"/><c r="E40" s="283"/><c r="F40" s="283"/><c r="G40" s="388"><f ca="1">SUMIF(Sheet51!$H$6:'Sheet51'!$H$67,H40,Sheet51!$C$6:'Sheet51'!$C$67)</f><v>32250</v></c><c r="H40" s="387"><f>H41+50</f><v>11800</v></c><c r="I40" s="388"><f ca="1">SUMIF(Sheet51!$H$6:'Sheet51'!H$67,H40,Sheet51!$J$6:'Sheet51'!$J$67)</f><v>148575</v></c><c r="J40" s="283"/><c r="K40" s="283"/><c r="L40" s="283"/><c r="M40" s="283"/><c r="N40" s="283"/><c r="O40" s="283"/><c r="P40" s="283"/><c r="Q40" s="283"/><c r="R40" s="283"/><c r="S40" s="283"/></row><row r="41" spans="1:19" ht="15.5" x14ac:dyDescent="0.35"><c r="A41" s="283"/><c r="B41" s="283"/><c r="C41" s="283"/><c r="D41" s="283"/><c r="E41" s="283"/><c r="F41" s="283"/><c r="G41" s="388"><f ca="1">SUMIF(Sheet51!$H$6:'Sheet51'!$H$67,H41,Sheet51!$C$6:'Sheet51'!$C$67)</f><v>6075</v></c><c r="H41" s="387"><f>H42+50</f><v>11750</v></c><c r="I41" s="388"><f ca="1">SUMIF(Sheet51!$H$6:'Sheet51'!H$67,H41,Sheet51!$J$6:'Sheet51'!$J$67)</f><v>4050</v></c><c r="J41" s="283"/><c r="K41" s="283"/><c r="L41" s="283"/><c r="M41" s="283"/><c r="N41" s="283"/><c r="O41" s="283"/><c r="P41" s="283"/><c r="Q41" s="283"/><c r="R41" s="283"/><c r="S41" s="283"/></row><row r="42" spans="1:19" ht="15.5" x14ac:dyDescent="0.35"><c r="A42" s="283"/><c r="B42" s="283"/><c r="C42" s="283"/><c r="D42" s="283"/><c r="E42" s="283"/><c r="F42" s="283"/><c r="G42" s="388"><f ca="1">SUMIF(Sheet51!$H$6:'Sheet51'!$H$67,H42,Sheet51!$C$6:'Sheet51'!$C$67)</f><v>173250</v></c><c r="H42" s="387"><f>Sheet51!E160</f><v>11700</v></c><c r="I42" s="388"><f ca="1">SUMIF(Sheet51!$H$6:'Sheet51'!H$67,H42,Sheet51!$J$6:'Sheet51'!$J$67)</f><v>136500</v></c><c r="J42" s="283"/><c r="K42" s="283"/><c r="L42" s="283"/><c r="M42" s="283"/><c r="N42" s="283"/><c r="O42" s="283"/><c r="P42" s="283"/><c r="Q42" s="283"/><c r="R42" s="283"/><c r="S42" s="283"/></row><row r="43" spans="1:19" ht="15.5" x14ac:dyDescent="0.35"><c r="A43" s="283"/><c r="B43" s="283"/><c r="C43" s="283"/><c r="D43" s="283"/><c r="E43" s="283"/><c r="F43" s="283"/><c r="G43" s="388"><f ca="1">SUMIF(Sheet51!$H$6:'Sheet51'!$H$67,H43,Sheet51!$C$6:'Sheet51'!$C$67)</f><v>225</v></c><c r="H43" s="387"><f>H42-50</f><v>11650</v></c><c r="I43" s="388"><f ca="1">SUMIF(Sheet51!$H$6:'Sheet51'!H$67,H43,Sheet51!$J$6:'Sheet51'!$J$67)</f><v>3000</v></c><c r="J43" s="283"/><c r="K43" s="283"/><c r="L43" s="283"/><c r="M43" s="283"/><c r="N43" s="283"/><c r="O43" s="283"/><c r="P43" s="283"/><c r="Q43" s="283"/><c r="R43" s="283"/><c r="S43" s="283"/></row><row r="44" spans="1:19" ht="15.5" x14ac:dyDescent="0.35"><c r="A44" s="283"/><c r="B44" s="283"/><c r="C44" s="283"/><c r="D44" s="283"/><c r="E44" s="283"/><c r="F44" s="283"/><c r="G44" s="388"><f ca="1">SUMIF(Sheet51!$H$6:'Sheet51'!$H$67,H44,Sheet51!$C$6:'Sheet51'!$C$67)</f><v>19725</v></c><c r="H44" s="387"><f>H43-50</f><v>11600</v></c><c r="I44" s="388"><f ca="1">SUMIF(Sheet51!$H$6:'Sheet51'!H$67,H44,Sheet51!$J$6:'Sheet51'!$J$67)</f><v>-18750</v></c><c r="J44" s="283"/><c r="K44" s="283"/><c r="L44" s="283"/><c r="M44" s="283"/><c r="N44" s="283"/><c r="O44" s="283"/><c r="P44" s="283"/><c r="Q44" s="283"/><c r="R44" s="283"/><c r="S44" s="283"/></row><row r="45" spans="1:19" ht="15.5" x14ac:dyDescent="0.35"><c r="A45" s="283"/><c r="B45" s="283"/><c r="C45" s="283"/><c r="D45" s="283"/><c r="E45" s="283"/><c r="F45" s="283"/><c r="G45" s="388"><f ca="1">SUMIF(Sheet51!$H$6:'Sheet51'!$H$67,H45,Sheet51!$C$6:'Sheet51'!$C$67)</f><v>675</v></c><c r="H45" s="387"><f t="shared" ref="H45:H52" si="1">H44-50</f><v>11550</v></c><c r="I45" s="388"><f ca="1">SUMIF(Sheet51!$H$6:'Sheet51'!H$67,H45,Sheet51!$J$6:'Sheet51'!$J$67)</f><v>2325</v></c><c r="J45" s="283"/><c r="K45" s="283"/><c r="L45" s="283"/><c r="M45" s="283"/><c r="N45" s="283"/><c r="O45" s="283"/><c r="P45" s="283"/><c r="Q45" s="283"/><c r="R45" s="283"/><c r="S45" s="283"/></row><row r="46" spans="1:19" ht="15.5" x14ac:dyDescent="0.35"><c r="A46" s="283"/><c r="B46" s="283"/><c r="C46" s="283"/><c r="D46" s="283"/><c r="E46" s="283"/><c r="F46" s="283"/><c r="G46" s="388"><f ca="1">SUMIF(Sheet51!$H$6:'Sheet51'!$H$67,H46,Sheet51!$C$6:'Sheet51'!$C$67)</f><v>-1500</v></c><c r="H46" s="387"><f t="shared" si="1"/><v>11500</v></c><c r="I46" s="388"><f ca="1">SUMIF(Sheet51!$H$6:'Sheet51'!H$67,H46,Sheet51!$J$6:'Sheet51'!$J$67)</f><v>3675</v></c><c r="J46" s="283"/><c r="K46" s="283"/><c r="L46" s="283"/><c r="M46" s="283"/><c r="N46" s="283"/><c r="O46" s="283"/><c r="P46" s="283"/><c r="Q46" s="283"/><c r="R46" s="283"/><c r="S46" s="283"/></row><row r="47" spans="1:19" ht="15.5" x14ac:dyDescent="0.35"><c r="A47" s="283"/><c r="B47" s="283"/><c r="C47" s="283"/><c r="D47" s="283"/><c r="E47" s="283"/><c r="F47" s="283"/><c r="G47" s="388"><f ca="1">SUMIF(Sheet51!$H$6:'Sheet51'!$H$67,H47,Sheet51!$C$6:'Sheet51'!$C$67)</f><v>0</v></c><c r="H47" s="387"><f t="shared" si="1"/><v>11450</v></c><c r="I47" s="388"><f ca="1">SUMIF(Sheet51!$H$6:'Sheet51'!H$67,H47,Sheet51!$J$6:'Sheet51'!$J$67)</f><v>1275</v></c><c r="J47" s="283"/><c r="K47" s="283"/><c r="L47" s="283"/><c r="M47" s="283"/><c r="N47" s="283"/><c r="O47" s="283"/><c r="P47" s="283"/><c r="Q47" s="283"/><c r="R47" s="283"/><c r="S47" s="283"/></row><row r="48" spans="1:19" ht="15.5" x14ac:dyDescent="0.35"><c r="A48" s="283"/><c r="B48" s="283"/><c r="C48" s="283"/><c r="D48" s="283"/><c r="E48" s="283"/><c r="F48" s="283"/><c r="G48" s="388"><f ca="1">SUMIF(Sheet51!$H$6:'Sheet51'!$H$67,H48,Sheet51!$C$6:'Sheet51'!$C$67)</f><v>1800</v></c><c r="H48" s="387"><f t="shared" si="1"/><v>11400</v></c><c r="I48" s="388"><f ca="1">SUMIF(Sheet51!$H$6:'Sheet51'!H$67,H48,Sheet51!$J$6:'Sheet51'!$J$67)</f><v>31725</v></c><c r="J48" s="283"/><c r="K48" s="283"/><c r="L48" s="283"/><c r="M48" s="283"/><c r="N48" s="283"/><c r="O48" s="283"/><c r="P48" s="283"/><c r="Q48" s="283"/><c r="R48" s="283"/><c r="S48" s="283"/></row><row r="49" spans="1:19" ht="15.5" x14ac:dyDescent="0.35"><c r="A49" s="283"/><c r="B49" s="283"/><c r="C49" s="283"/><c r="D49" s="283"/><c r="E49" s="283"/><c r="F49" s="283"/><c r="G49" s="388"><f ca="1">SUMIF(Sheet51!$H$6:'Sheet51'!$H$67,H49,Sheet51!$C$6:'Sheet51'!$C$67)</f><v>0</v></c><c r="H49" s="387"><f t="shared" si="1"/><v>11350</v></c><c r="I49" s="388"><f ca="1">SUMIF(Sheet51!$H$6:'Sheet51'!H$67,H49,Sheet51!$J$6:'Sheet51'!$J$67)</f><v>0</v></c><c r="J49" s="283"/><c r="K49" s="283"/><c r="L49" s="283"/><c r="M49" s="283"/><c r="N49" s="283"/><c r="O49" s="283"/><c r="P49" s="283"/><c r="Q49" s="283"/><c r="R49" s="283"/><c r="S49" s="283"/></row><row r="50" spans="1:19" ht="15.5" x14ac:dyDescent="0.35"><c r="A50" s="283"/><c r="B50" s="283"/><c r="C50" s="283"/><c r="D50" s="283"/><c r="E50" s="283"/><c r="F50" s="283"/><c r="G50" s="388"><f ca="1">SUMIF(Sheet51!$H$6:'Sheet51'!$H$67,H50,Sheet51!$C$6:'Sheet51'!$C$67)</f><v>1650</v></c><c r="H50" s="387"><f t="shared" si="1"/><v>11300</v></c><c r="I50" s="388"><f ca="1">SUMIF(Sheet51!$H$6:'Sheet51'!H$67,H50,Sheet51!$J$6:'Sheet51'!$J$67)</f><v>29850</v></c><c r="J50" s="283"/><c r="K50" s="283"/><c r="L50" s="283"/><c r="M50" s="283"/><c r="N50" s="283"/><c r="O50" s="283"/><c r="P50" s="283"/><c r="Q50" s="283"/><c r="R50" s="283"/><c r="S50" s="283"/></row><row r="51" spans="1:19" ht="15.5" x14ac:dyDescent="0.35"><c r="A51" s="283"/><c r="B51" s="283"/><c r="C51" s="283"/><c r="D51" s="283"/><c r="E51" s="283"/><c r="F51" s="283"/><c r="G51" s="388"><f ca="1">SUMIF(Sheet51!$H$6:'Sheet51'!$H$67,H51,Sheet51!$C$6:'Sheet51'!$C$67)</f><v>0</v></c><c r="H51" s="387"><f t="shared" si="1"/><v>11250</v></c><c r="I51" s="388"><f ca="1">SUMIF(Sheet51!$H$6:'Sheet51'!H$67,H51,Sheet51!$J$6:'Sheet51'!$J$67)</f><v>0</v></c><c r="J51" s="283"/><c r="K51" s="283"/><c r="L51" s="283"/><c r="M51" s="283"/><c r="N51" s="283"/><c r="O51" s="283"/><c r="P51" s="283"/><c r="Q51" s="283"/><c r="R51" s="283"/><c r="S51" s="283"/></row><row r="52" spans="1:19" ht="15.5" x14ac:dyDescent="0.35"><c r="A52" s="283"/><c r="B52" s="283"/><c r="C52" s="283"/><c r="D52" s="283"/><c r="E52" s="283"/><c r="F52" s="283"/><c r="G52" s="388"><f ca="1">SUMIF(Sheet51!$H$6:'Sheet51'!$H$67,H52,Sheet51!$C$6:'Sheet51'!$C$67)</f><v>-225</v></c><c r="H52" s="387"><f t="shared" si="1"/><v>11200</v></c><c r="I52" s="388"><f ca="1">SUMIF(Sheet51!$H$6:'Sheet51'!H$67,H52,Sheet51!$J$6:'Sheet51'!$J$67)</f><v>20550</v></c><c r="J52" s="283"/><c r="K52" s="283"/><c r="L52" s="283"/><c r="M52" s="283"/><c r="N52" s="283"/><c r="O52" s="283"/><c r="P52" s="283"/><c r="Q52" s="283"/><c r="R52" s="283"/><c r="S52" s="283"/></row><row r="53" spans="1:19" x14ac:dyDescent="0.35"><c r="A53" s="283"/><c r="B53" s="283"/><c r="C53" s="283"/><c r="D53" s="283"/><c r="E53" s="283"/><c r="F53" s="283"/><c r="G53" s="389" t="s"><v>113</v></c><c r="H53" s="389" t="s"><v>114</v></c><c r="I53" s="389" t="s"><v>115</v></c><c r="J53" s="283"/><c r="K53" s="283"/><c r="L53" s="283"/><c r="M53" s="283"/><c r="N53" s="283"/><c r="O53" s="283"/><c r="P53" s="283"/><c r="Q53" s="283"/><c r="R53" s="283"/><c r="S53" s="283"/></row><row r="54" spans="1:19" x14ac:dyDescent="0.35"><c r="A54" s="283"/><c r="B54" s="283"/><c r="C54" s="283"/><c r="D54" s="283"/><c r="E54" s="283"/><c r="F54" s="283"/><c r="G54" s="283"/><c r="H54" s="283"/><c r="I54" s="283"/><c r="J54" s="283"/><c r="K54" s="283"/><c r="L54" s="283"/><c r="M54" s="283"/><c r="N54" s="283"/><c r="O54" s="283"/><c r="P54" s="283"/><c r="Q54" s="283"/><c r="R54" s="283"/><c r="S54" s="283"/></row></sheetData><sheetProtection password="9D67" sheet="1" objects="1" scenarios="1"/><customSheetViews><customSheetView guid="{D12DFD61-4B7F-43F1-B07E-A848E00A354C}"><selection activeCell="C13" sqref="C13"/><pageMargins left="0.7" right="0.7" top="0.75" bottom="0.75" header="0.3" footer="0.3"/><pageSetup paperSize="9" orientation="portrait" horizontalDpi="300" verticalDpi="300" r:id="rId1"/></customSheetView></customSheetViews><mergeCells count="10"><mergeCell ref="N25:O25"/><mergeCell ref="A1:C1"/><mergeCell ref="G2:O2"/><mergeCell ref="R1:R2"/><mergeCell ref="J1:L1"/><mergeCell ref="F26:G26"/><mergeCell ref="H26:K26"/><mergeCell ref="D27:M27"/><mergeCell ref="Q26:R26"/><mergeCell ref="N26:O26"/></mergeCells><pageMargins left="0.7" right="0.7" top="0.75" bottom="0.75" header="0.3" footer="0.3"/><pageSetup paperSize="9" orientation="portrait" horizontalDpi="300" verticalDpi="300" r:id="rId2"/><drawing r:id="rId3"/></worksheet>