<?xml version="1.0" encoding="UTF-8" standalone="yes"?>
<externalLink xmlns="http://schemas.openxmlformats.org/spreadsheetml/2006/main" xmlns:mc="http://schemas.openxmlformats.org/markup-compatibility/2006" mc:Ignorable="x14" xmlns:x14="http://schemas.microsoft.com/office/spreadsheetml/2009/9/main"><externalBook xmlns:r="http://schemas.openxmlformats.org/officeDocument/2006/relationships" r:id="rId1"><sheetNames><sheetName val="stock"/><sheetName val="mape"/><sheetName val="adx"/></sheetNames><sheetDataSet><sheetData sheetId="0"/><sheetData sheetId="1"/><sheetData sheetId="2"/></sheetDataSet></externalBook></externalLink>