<?xml version="1.0" encoding="UTF-8" standalone="yes"?>
<externalLink xmlns="http://schemas.openxmlformats.org/spreadsheetml/2006/main"><externalBook xmlns:r="http://schemas.openxmlformats.org/officeDocument/2006/relationships" r:id="rId1"><sheetNames><sheetName val="OAT"/><sheetName val="SOData"/><sheetName val="SFData"/><sheetName val="Zerodha Charge"/><sheetName val="NSE"/><sheetName val="FOVOLT"/><sheetName val="Tracking"/><sheetName val="TradeAnalyser"/><sheetName val="NO"/><sheetName val="SO"/><sheetName val="Magic"/><sheetName val="Strat"/><sheetName val="faooi"/><sheetName val="faovol"/><sheetName val="Data"/><sheetName val="FData"/><sheetName val="CData"/><sheetName val="STOCKFLOW"/><sheetName val="STOCKRENKO"/><sheetName val="ANALYZESTOCK"/><sheetName val="5MINData"/><sheetName val="XMinData"/><sheetName val="NSEData"/><sheetName val="E"/><sheetName val="FLOW"/><sheetName val="INTRADAY"/><sheetName val="Mind"/><sheetName val="Indices"/><sheetName val="Sheet3"/><sheetName val="Sheet4"/><sheetName val="Sheet1"/></sheetNames><sheetDataSet><sheetData sheetId="0"><row r="2"><cell r="C2" t="str"><v>NSE</v></cell></row><row r="4"><cell r="C4" t="str"><v>NIFTY</v></cell></row><row r="6"><cell r="C6"><v>42215</v></cell></row><row r="13"><cell r="F13"><v>8386</v></cell></row><row r="19"><cell r="E19"><v>8265.331569406575</v></cell><cell r="H19"><v>8257.6415186406521</v></cell></row><row r="79"><cell r="M79"><v>20</v></cell></row><row r="80"><cell r="M80"><v>60</v></cell></row></sheetData><sheetData sheetId="1"><row r="1"><cell r="K1"><v>100</v></cell></row><row r="15"><cell r="L15"><v>6450</v></cell></row><row r="16"><cell r="L16"><v>6500</v></cell></row><row r="17"><cell r="L17"><v>6550</v></cell></row><row r="18"><cell r="L18"><v>6600</v></cell></row><row r="19"><cell r="L19"><v>6650</v></cell></row><row r="20"><cell r="L20"><v>6700</v></cell><cell r="AP20"><v>42215</v></cell></row><row r="21"><cell r="L21"><v>6750</v></cell><cell r="AP21"><v>42243</v></cell></row><row r="22"><cell r="L22"><v>6800</v></cell><cell r="AP22"><v>42271</v></cell></row><row r="23"><cell r="L23"><v>6850</v></cell></row><row r="24"><cell r="L24"><v>6900</v></cell><cell r="BI24"><v>8400</v></cell></row><row r="25"><cell r="L25"><v>6950</v></cell></row><row r="26"><cell r="L26"><v>7000</v></cell></row><row r="27"><cell r="L27"><v>7050</v></cell></row><row r="28"><cell r="L28"><v>7100</v></cell></row><row r="29"><cell r="L29"><v>7150</v></cell></row><row r="30"><cell r="L30"><v>7200</v></cell></row><row r="31"><cell r="L31"><v>7250</v></cell></row><row r="32"><cell r="L32"><v>7300</v></cell></row><row r="33"><cell r="L33"><v>7350</v></cell></row><row r="34"><cell r="L34"><v>7400</v></cell></row><row r="35"><cell r="L35"><v>7450</v></cell></row><row r="36"><cell r="L36"><v>7500</v></cell></row><row r="37"><cell r="L37"><v>7550</v></cell></row><row r="38"><cell r="L38"><v>7600</v></cell></row><row r="39"><cell r="L39"><v>7650</v></cell></row><row r="40"><cell r="L40"><v>7700</v></cell></row><row r="41"><cell r="L41"><v>7750</v></cell></row><row r="42"><cell r="L42"><v>7800</v></cell></row><row r="43"><cell r="L43"><v>7850</v></cell></row><row r="44"><cell r="L44"><v>7900</v></cell></row><row r="45"><cell r="L45"><v>7950</v></cell></row><row r="46"><cell r="L46"><v>8000</v></cell></row><row r="47"><cell r="L47"><v>8050</v></cell></row><row r="48"><cell r="L48"><v>8100</v></cell></row><row r="49"><cell r="L49"><v>8150</v></cell></row><row r="50"><cell r="L50"><v>8200</v></cell></row><row r="51"><cell r="L51"><v>8250</v></cell></row><row r="52"><cell r="L52"><v>8300</v></cell></row><row r="53"><cell r="L53"><v>8350</v></cell></row><row r="54"><cell r="L54"><v>8400</v></cell></row><row r="55"><cell r="L55"><v>8450</v></cell></row><row r="56"><cell r="L56"><v>8500</v></cell></row><row r="57"><cell r="L57"><v>8550</v></cell></row><row r="58"><cell r="L58"><v>8600</v></cell></row><row r="59"><cell r="L59"><v>8650</v></cell></row><row r="60"><cell r="L60"><v>8700</v></cell></row><row r="61"><cell r="L61"><v>8750</v></cell></row><row r="62"><cell r="L62"><v>8800</v></cell></row><row r="63"><cell r="L63"><v>8850</v></cell></row><row r="64"><cell r="L64"><v>8900</v></cell></row><row r="65"><cell r="L65"><v>8950</v></cell></row><row r="66"><cell r="L66"><v>9000</v></cell></row><row r="67"><cell r="L67"><v>9050</v></cell><cell r="AF67"><v>0.05</v></cell></row><row r="68"><cell r="L68"><v>9100</v></cell></row><row r="69"><cell r="L69"><v>9150</v></cell></row><row r="70"><cell r="L70"><v>9200</v></cell></row><row r="71"><cell r="L71"><v>9250</v></cell></row><row r="72"><cell r="L72"><v>9300</v></cell></row><row r="73"><cell r="L73"><v>9350</v></cell></row><row r="74"><cell r="L74"><v>9400</v></cell></row><row r="75"><cell r="L75"><v>9450</v></cell></row><row r="76"><cell r="L76"><v>9500</v></cell></row><row r="77"><cell r="L77"><v>9550</v></cell></row><row r="78"><cell r="L78"><v>9600</v></cell></row><row r="79"><cell r="L79"><v>9650</v></cell></row><row r="80"><cell r="L80"><v>9700</v></cell></row><row r="81"><cell r="L81"><v>9750</v></cell></row><row r="82"><cell r="L82"><v>9800</v></cell></row><row r="83"><cell r="L83"><v>9850</v></cell></row><row r="84"><cell r="L84"><v>9900</v></cell></row><row r="85"><cell r="L85"><v>9950</v></cell></row><row r="86"><cell r="L86"><v>10000</v></cell></row><row r="87"><cell r="L87"><v>10050</v></cell></row><row r="88"><cell r="L88"><v>10100</v></cell></row><row r="89"><cell r="L89"><v>10150</v></cell></row></sheetData><sheetData sheetId="2" refreshError="1"/><sheetData sheetId="3" refreshError="1"/><sheetData sheetId="4" refreshError="1"/><sheetData sheetId="5" refreshError="1"/><sheetData sheetId="6" refreshError="1"/><sheetData sheetId="7"><row r="1"><cell r="K1"><v>-1</v></cell><cell r="N1"><v>-1</v></cell></row><row r="2"><cell r="H2"><v>5500</v></cell><cell r="K2" t="str"><v>Call</v></cell><cell r="N2" t="str"><v>Put</v></cell></row><row r="3"><cell r="H3"><v>25</v></cell></row><row r="11"><cell r="B11"><v>50</v></cell><cell r="E11"><v>50</v></cell></row><row r="12"><cell r="B12"><v>-3150</v></cell><cell r="E12"><v>-2750</v></cell></row></sheetData><sheetData sheetId="8" refreshError="1"/><sheetData sheetId="9" refreshError="1"/><sheetData sheetId="10" refreshError="1"/><sheetData sheetId="11" refreshError="1"/><sheetData sheetId="12" refreshError="1"/><sheetData sheetId="13" refreshError="1"/><sheetData sheetId="14" refreshError="1"/><sheetData sheetId="15"><row r="1"><cell r="B1" t="e"><v>#VALUE!</v></cell><cell r="F1"><v>300</v></cell></row></sheetData><sheetData sheetId="16" refreshError="1"/><sheetData sheetId="17" refreshError="1"/><sheetData sheetId="18" refreshError="1"/><sheetData sheetId="19"><row r="2"><cell r="AH2"><v>0.5</v></cell><cell r="AI2"><v>0.875</v></cell><cell r="AJ2"><v>0.96078431372549022</v></cell></row><row r="17"><cell r="AZ17" t="str"><v>PivotHigh</v></cell></row></sheetData><sheetData sheetId="20" refreshError="1"/><sheetData sheetId="21" refreshError="1"/><sheetData sheetId="22" refreshError="1"/><sheetData sheetId="23" refreshError="1"/><sheetData sheetId="24" refreshError="1"/><sheetData sheetId="25" refreshError="1"/><sheetData sheetId="26" refreshError="1"/><sheetData sheetId="27"><row r="3"><cell r="B3" t="str"><v>CURRENCY</v></cell><cell r="C3"><v>10</v></cell><cell r="D3"><v>1430</v></cell></row><row r="4"><cell r="B4" t="str"><v>INDEXBOM</v></cell><cell r="C4"><v>595</v></cell><cell r="D4"><v>930</v></cell></row><row r="5"><cell r="B5" t="str"><v>INDEXDB</v></cell><cell r="C5"><v>540</v></cell><cell r="D5"><v>1200</v></cell></row><row r="6"><cell r="B6" t="str"><v>INDEXDJX</v></cell><cell r="C6"><v>570</v></cell><cell r="D6"><v>960</v></cell></row><row r="7"><cell r="B7" t="str"><v>INDEXFTSE</v></cell><cell r="C7"><v>480</v></cell><cell r="D7"><v>990</v></cell></row><row r="8"><cell r="B8" t="str"><v>INDEXHANGSENG</v></cell><cell r="C8"><v>570</v></cell><cell r="D8"><v>960</v></cell></row><row r="9"><cell r="B9" t="str"><v>INDEXNASDAQ</v></cell><cell r="C9"><v>570</v></cell><cell r="D9"><v>960</v></cell></row><row r="10"><cell r="B10" t="str"><v>INDEXNIKKEI</v></cell><cell r="C10"><v>540</v></cell><cell r="D10"><v>900</v></cell></row><row r="11"><cell r="B11" t="str"><v>INDEXSP</v></cell><cell r="C11"><v>570</v></cell><cell r="D11"><v>960</v></cell></row><row r="12"><cell r="B12" t="str"><v>NSE</v></cell><cell r="C12"><v>555</v></cell><cell r="D12"><v>930</v></cell></row></sheetData><sheetData sheetId="28" refreshError="1"/><sheetData sheetId="29" refreshError="1"/><sheetData sheetId="30" refreshError="1"/></sheetDataSet></externalBook></externalLink>