<?xml version="1.0" encoding="UTF-8" standalone="yes"?>
<calcChain xmlns="http://schemas.openxmlformats.org/spreadsheetml/2006/main"><c r="K28" i="9" l="1"/><c r="J9" i="1"/><c r="Q10" i="1"/><c r="O10" i="1"/><c r="M10" i="1"/><c r="L10" i="1"/><c r="F10" i="1"/><c r="E10" i="1"/><c r="D10" i="1"/><c r="C10" i="1"/><c r="B1" i="2" l="1"/><c r="C6" i="3"/><c r="F41" i="9" l="1"/><c r="F40" i="9" s="1"/><c r="F39" i="9" s="1"/><c r="F38" i="9" s="1"/><c r="F37" i="9" s="1"/><c r="F36" i="9" s="1"/><c r="F35" i="9" s="1"/><c r="F34" i="9" s="1"/><c r="F33" i="9" s="1"/><c r="F32" i="9" s="1"/><c r="F31" i="9" s="1"/><c r="M160" i="2"/><c r="AV8" i="3"/><c r="AV7" i="3"/><c r="B3" i="2"/><c r="E160" i="2" s="1"/><c r="G9" i="1"/><c r="F42" i="9" l="1"/><c r="F43" i="9" s="1"/><c r="F44" i="9" s="1"/><c r="F45" i="9" s="1"/><c r="F46" i="9" s="1"/><c r="F47" i="9" s="1"/><c r="F48" i="9" s="1"/><c r="F49" i="9" s="1"/><c r="F50" i="9" s="1"/><c r="F51" i="9" s="1"/><c r="F14" i="9"/><c r="M159" i="2"/><c r="M161" i="2"/><c r="I44" i="5"/><c r="B180" i="2"/><c r="H129" i="2"/><c r="K77" i="2"/><c r="B2" i="2"/><c r="E2" i="2"/><c r="E3" i="2" s="1"/><c r="F2" i="2" s="1"/><c r="P1" i="8" s="1"/><c r="C2" i="3"/><c r="D2" i="3"/><c r="F13" i="9" l="1"/><c r="F12" i="9" s="1"/><c r="F11" i="9" s="1"/><c r="F10" i="9" s="1"/><c r="F9" i="9" s="1"/><c r="F8" i="9" s="1"/><c r="F7" i="9" s="1"/><c r="F6" i="9" s="1"/><c r="F5" i="9" s="1"/><c r="F4" i="9" s="1"/><c r="F15" i="9"/><c r="F16" i="9" s="1"/><c r="F17" i="9" s="1"/><c r="F18" i="9" s="1"/><c r="F19" i="9" s="1"/><c r="F20" i="9" s="1"/><c r="F21" i="9" s="1"/><c r="F22" i="9" s="1"/><c r="F23" i="9" s="1"/><c r="F24" i="9" s="1"/><c r="I43" i="5"/><c r="M158" i="2"/><c r="M162" i="2"/><c r="I45" i="5"/><c r="P1" i="2"/><c r="D1" i="2"/><c r="P3" i="2" s="1"/><c r="K1" i="9"/><c r="D3" i="3"/><c r="I46" i="5" l="1"/><c r="M163" i="2"/><c r="I42" i="5"/><c r="M157" i="2"/><c r="P4" i="2"/><c r="P17" i="2" s="1"/><c r="AJ3" i="8"/><c r="I8" i="4"/><c r="AA105" i="4"/><c r="AA107" i="4" s="1"/><c r="AA104" i="4"/><c r="AA106" i="4" s="1"/><c r="F13" i="4"/><c r="F18" i="4"/><c r="K1" i="4"/><c r="J1" i="4"/><c r="D4" i="3"/><c r="I41" i="5" l="1"/><c r="M156" i="2"/><c r="I47" i="5"/><c r="M164" i="2"/><c r="M91" i="2"/><c r="D18" i="4"/><c r="J13" i="4"/><c r="B18" i="4"/><c r="B13" i="4"/><c r="D13" i="4"/><c r="H18" i="4"/><c r="J18" i="4"/><c r="A13" i="4"/><c r="C13" i="4"/><c r="E13" i="4"/><c r="E14" i="4" s="1"/><c r="G13" i="4"/><c r="I13" i="4"/><c r="K13" i="4"/><c r="A18" i="4"/><c r="C18" i="4"/><c r="C19" i="4" s="1"/><c r="E18" i="4"/><c r="E19" i="4" s="1"/><c r="G18" i="4"/><c r="I18" i="4"/><c r="K18" i="4"/><c r="H13" i="4"/><c r="I14" i="4" s="1"/><c r="AA81" i="1"/><c r="AA85" i="1" s="1"/><c r="AA79" i="1"/><c r="AA83" i="1" s="1"/><c r="K14" i="4" l="1"/><c r="J14" i="4"/><c r="C14" i="4"/><c r="I48" i="5"/><c r="M165" i="2"/><c r="I40" i="5"/><c r="M155" i="2"/><c r="A19" i="4"/><c r="B19" i="4"/><c r="J19" i="4"/><c r="A14" i="4"/><c r="H19" i="4"/><c r="K19" i="4"/><c r="D14" i="4"/><c r="H14" i="4"/><c r="G14" i="4"/><c r="I19" i="4"/><c r="G19" i="4"/><c r="D19" i="4"/><c r="B14" i="4"/><c r="I39" i="5" l="1"/><c r="M154" i="2"/><c r="I49" i="5"/><c r="M166" i="2"/><c r="N25" i="5"/><c r="L26" i="5"/><c r="H26" i="5"/><c r="D26" i="5"/><c r="P27" i="5"/><c r="B27" i="5"/><c r="P2" i="2"/><c r="AK31" i="8"/><c r="AZ122" i="2"/><c r="AZ123" i="2"/><c r="AZ124" i="2"/><c r="AZ125" i="2"/><c r="AZ126" i="2"/><c r="AZ127" i="2"/><c r="AZ128" i="2"/><c r="AZ129" i="2"/><c r="AZ130" i="2"/><c r="AZ131" i="2"/><c r="AZ132" i="2"/><c r="AZ133" i="2"/><c r="AZ134" i="2"/><c r="AZ135" i="2"/><c r="AZ136" i="2"/><c r="AZ137" i="2"/><c r="AZ138" i="2"/><c r="AZ139" i="2"/><c r="AZ140" i="2"/><c r="AZ141" i="2"/><c r="AZ142" i="2"/><c r="AZ143" i="2"/><c r="AZ144" i="2"/><c r="AZ145" i="2"/><c r="I50" i="5" l="1"/><c r="M167" i="2"/><c r="I38" i="5"/><c r="M153" i="2"/><c r="AV6" i="3"/><c r="S10" i="1" s="1"/><c r="B2" i="4"/><c r="M2" i="2"/><c r="AK49" i="8"/><c r="AK45" i="8"/><c r="AK51" i="8"/><c r="AK47" i="8"/><c r="AK41" i="8"/><c r="AK37" i="8"/><c r="AK33" i="8"/><c r="AK29" i="8"/><c r="AK43" i="8"/><c r="AK39" i="8"/><c r="AK35" i="8"/><c r="AK27" i="8"/><c r="AK25" i="8"/><c r="AK23" i="8"/><c r="AK21" i="8"/><c r="AK19" i="8"/><c r="AK17" i="8"/><c r="AK15" i="8"/><c r="AK13" i="8"/><c r="AK11" i="8"/><c r="AK9" i="8"/><c r="AK5" i="8"/><c r="AK3" i="8"/><c r="AK7" i="8"/><c r="S1" i="1"/><c r="Q25" i="5" s="1"/><c r="Q1" i="1"/><c r="P25" i="5" s="1"/><c r="J8" i="4"/><c r="I37" i="5" l="1"/><c r="M152" i="2"/><c r="I51" i="5"/><c r="M168" i="2"/><c r="B179" i="2"/><c r="B178" i="2" s="1"/><c r="B177" i="2" s="1"/><c r="B181" i="2"/><c r="B182" i="2" s="1"/><c r="B183" i="2" s="1"/><c r="P18" i="2"/><c r="H8" i="4"/><c r="G8" i="4"/><c r="D8" i="4"/><c r="C8" i="4"/><c r="B8" i="4"/><c r="A8" i="4"/><c r="I52" i="5" l="1"/><c r="M169" i="2"/><c r="I36" i="5"/><c r="M151" i="2"/><c r="H36" i="2"/><c r="C36" i="2" s="1"/><c r="C4" i="9"/><c r="I6" i="9"/><c r="I8" i="9"/><c r="I10" i="9"/><c r="I12" i="9"/><c r="I14" i="9"/><c r="I16" i="9"/><c r="I18" i="9"/><c r="I20" i="9"/><c r="I22" i="9"/><c r="I24" i="9"/><c r="I5" i="9"/><c r="I7" i="9"/><c r="I9" i="9"/><c r="I11" i="9"/><c r="I13" i="9"/><c r="I15" i="9"/><c r="I17" i="9"/><c r="I19" i="9"/><c r="I21" i="9"/><c r="I23" i="9"/><c r="C6" i="9"/><c r="C8" i="9"/><c r="C10" i="9"/><c r="C12" i="9"/><c r="C14" i="9"/><c r="C16" i="9"/><c r="C18" i="9"/><c r="C20" i="9"/><c r="C22" i="9"/><c r="C24" i="9"/><c r="C5" i="9"/><c r="C7" i="9"/><c r="C9" i="9"/><c r="C11" i="9"/><c r="C13" i="9"/><c r="C15" i="9"/><c r="C17" i="9"/><c r="C19" i="9"/><c r="C21" i="9"/><c r="C23" i="9"/><c r="G6" i="9"/><c r="G8" i="9"/><c r="G10" i="9"/><c r="G12" i="9"/><c r="G14" i="9"/><c r="G16" i="9"/><c r="G18" i="9"/><c r="G20" i="9"/><c r="G22" i="9"/><c r="G24" i="9"/><c r="G5" i="9"/><c r="G7" i="9"/><c r="G9" i="9"/><c r="G11" i="9"/><c r="G13" i="9"/><c r="G15" i="9"/><c r="G17" i="9"/><c r="G19" i="9"/><c r="G21" i="9"/><c r="G23" i="9"/><c r="D10" i="9"/><c r="D22" i="9"/><c r="D5" i="9"/><c r="D7" i="9"/><c r="D9" i="9"/><c r="D11" i="9"/><c r="D13" i="9"/><c r="D15" i="9"/><c r="D17" i="9"/><c r="D19" i="9"/><c r="D21" i="9"/><c r="D23" i="9"/><c r="D6" i="9"/><c r="D8" i="9"/><c r="D12" i="9"/><c r="D14" i="9"/><c r="D16" i="9"/><c r="D18" i="9"/><c r="D20" i="9"/><c r="D24" i="9"/><c r="I4" i="9"/><c r="G4" i="9"/><c r="D4" i="9"/><c r="R7" i="1"/><c r="P5" i="1"/><c r="M89" i="2"/><c r="N6" i="1" s="1"/><c r="M88" i="2"/><c r="E8" i="4"/><c r="G1" i="2"/><c r="G2" i="2" s="1"/><c r="G3" i="2" s="1"/><c r="F1" i="2" s="1"/><c r="I35" i="5" l="1"/><c r="M150" i="2"/><c r="I34" i="5" s="1"/><c r="I53" i="5"/><c r="M170" i="2"/><c r="I54" i="5" s="1"/><c r="B36" i="2"/><c r="H37" i="2"/><c r="H38" i="2" s="1"/><c r="H39" i="2" s="1"/><c r="H40" i="2" s="1"/><c r="H41" i="2" s="1"/><c r="H42" i="2" s="1"/><c r="H43" i="2" s="1"/><c r="H44" i="2" s="1"/><c r="H45" i="2" s="1"/><c r="H46" i="2" s="1"/><c r="H47" i="2" s="1"/><c r="H48" i="2" s="1"/><c r="H49" i="2" s="1"/><c r="H50" i="2" s="1"/><c r="H51" i="2" s="1"/><c r="H52" i="2" s="1"/><c r="H53" i="2" s="1"/><c r="H54" i="2" s="1"/><c r="H55" i="2" s="1"/><c r="H56" i="2" s="1"/><c r="H57" i="2" s="1"/><c r="H58" i="2" s="1"/><c r="H59" i="2" s="1"/><c r="H60" i="2" s="1"/><c r="H61" i="2" s="1"/><c r="H62" i="2" s="1"/><c r="H63" i="2" s="1"/><c r="H64" i="2" s="1"/><c r="H65" i="2" s="1"/><c r="H66" i="2" s="1"/><c r="H67" i="2" s="1"/><c r="H35" i="2"/><c r="H34" i="2" s="1"/><c r="H33" i="2" s="1"/><c r="H32" i="2" s="1"/><c r="H31" i="2" s="1"/><c r="H30" i="2" s="1"/><c r="H29" i="2" s="1"/><c r="H28" i="2" s="1"/><c r="H27" i="2" s="1"/><c r="H26" i="2" s="1"/><c r="H25" i="2" s="1"/><c r="H24" i="2" s="1"/><c r="H23" i="2" s="1"/><c r="H22" i="2" s="1"/><c r="H21" i="2" s="1"/><c r="H20" i="2" s="1"/><c r="H19" i="2" s="1"/><c r="H18" i="2" s="1"/><c r="H17" i="2" s="1"/><c r="H16" i="2" s="1"/><c r="H15" i="2" s="1"/><c r="H14" i="2" s="1"/><c r="H13" i="2" s="1"/><c r="H12" i="2" s="1"/><c r="H11" i="2" s="1"/><c r="H10" i="2" s="1"/><c r="H9" i="2" s="1"/><c r="H8" i="2" s="1"/><c r="H7" i="2" s="1"/><c r="H6" i="2" s="1"/><c r="J4" i="9"/><c r="K4" i="9" s="1"/><c r="B21" i="9"/><c r="A21" i="9" s="1"/><c r="B17" i="9"/><c r="A17" i="9" s="1"/><c r="B13" i="9"/><c r="A13" i="9" s="1"/><c r="B9" i="9"/><c r="A9" i="9" s="1"/><c r="B5" i="9"/><c r="A5" i="9" s="1"/><c r="B22" i="9"/><c r="A22" i="9" s="1"/><c r="B18" i="9"/><c r="A18" i="9" s="1"/><c r="B14" i="9"/><c r="A14" i="9" s="1"/><c r="B10" i="9"/><c r="A10" i="9" s="1"/><c r="B6" i="9"/><c r="A6" i="9" s="1"/><c r="J21" i="9"/><c r="K21" i="9" s="1"/><c r="J17" i="9"/><c r="K17" i="9" s="1"/><c r="J13" i="9"/><c r="K13" i="9" s="1"/><c r="J9" i="9"/><c r="K9" i="9" s="1"/><c r="J5" i="9"/><c r="K5" i="9" s="1"/><c r="J22" i="9"/><c r="K22" i="9" s="1"/><c r="J18" i="9"/><c r="K18" i="9" s="1"/><c r="J14" i="9"/><c r="K14" i="9" s="1"/><c r="J10" i="9"/><c r="K10" i="9" s="1"/><c r="J6" i="9"/><c r="K6" i="9" s="1"/><c r="B23" i="9"/><c r="A23" i="9" s="1"/><c r="B19" i="9"/><c r="A19" i="9" s="1"/><c r="B15" i="9"/><c r="A15" i="9" s="1"/><c r="B11" i="9"/><c r="A11" i="9" s="1"/><c r="B7" i="9"/><c r="A7" i="9" s="1"/><c r="B24" i="9"/><c r="A24" i="9" s="1"/><c r="B20" i="9"/><c r="A20" i="9" s="1"/><c r="B16" i="9"/><c r="A16" i="9" s="1"/><c r="B12" i="9"/><c r="A12" i="9" s="1"/><c r="B8" i="9"/><c r="A8" i="9" s="1"/><c r="J23" i="9"/><c r="K23" i="9" s="1"/><c r="J19" i="9"/><c r="K19" i="9" s="1"/><c r="J15" i="9"/><c r="K15" i="9" s="1"/><c r="J11" i="9"/><c r="K11" i="9" s="1"/><c r="J7" i="9"/><c r="K7" i="9" s="1"/><c r="J24" i="9"/><c r="K24" i="9" s="1"/><c r="J20" i="9"/><c r="K20" i="9" s="1"/><c r="J16" i="9"/><c r="K16" i="9" s="1"/><c r="J12" i="9"/><c r="K12" i="9" s="1"/><c r="J8" i="9"/><c r="K8" i="9" s="1"/><c r="B4" i="9"/><c r="A4" i="9" s="1"/><c r="J5" i="4"/><c r="N5" i="1"/><c r="J4" i="4" s="1"/><c r="N36" i="2"/><c r="M36" i="2"/><c r="L36" i="2"/><c r="K36" i="2"/><c r="J36" i="2"/><c r="I36" i="2"/><c r="G36" i="2"/><c r="F36" i="2"/><c r="E36" i="2"/><c r="D36" i="2"/><c r="C94" i="2"/><c r="I94" i="2" s="1"/><c r="D1" i="1"/><c r="D1" i="4"/><c r="B6" i="2" l="1"/><c r="G6" i="2"/><c r="D2" i="9"/><c r="D29" i="9"/><c r="C6" i="2"/><c r="N35" i="2"/><c r="N37" i="2"/><c r="N7" i="1"/><c r="K5" i="4" s="1"/><c r="L37" i="2"/><c r="M37" i="2"/><c r="L35" i="2"/><c r="M35" i="2"/><c r="J37" i="2"/><c r="K37" i="2"/><c r="J35" i="2"/><c r="K35" i="2"/><c r="G37" i="2"/><c r="I37" i="2"/><c r="G35" i="2"/><c r="I35" i="2"/><c r="E37" i="2"/><c r="F37" i="2"/><c r="E35" i="2"/><c r="F35" i="2"/><c r="C37" i="2"/><c r="D37" i="2"/><c r="C35" i="2"/><c r="D35" i="2"/><c r="B37" i="2"/><c r="B35" i="2"/><c r="C93" i="2"/><c r="I93" i="2" s="1"/><c r="N34" i="2"/><c r="C95" i="2"/><c r="I95" i="2" s="1"/><c r="N38" i="2"/><c r="G2" i="6"/><c r="F3" i="7"/><c r="G2" i="5"/><c r="D27" i="5" s="1"/><c r="K8" i="4"/><c r="B2" i="1"/><c r="B28" i="9" s="1"/><c r="H130" i="2" l="1"/><c r="H131" i="2" s="1"/><c r="H132" i="2" s="1"/><c r="H133" i="2" s="1"/><c r="H134" i="2" s="1"/><c r="H128" i="2"/><c r="H127" i="2" s="1"/><c r="H126" i="2" s="1"/><c r="H125" i="2" s="1"/><c r="H124" i="2" s="1"/><c r="E159" i="2"/><c r="E158" i="2" s="1"/><c r="E157" i="2" s="1"/><c r="E156" i="2" s="1"/><c r="E155" i="2" s="1"/><c r="E154" i="2" s="1"/><c r="E153" i="2" s="1"/><c r="E152" i="2" s="1"/><c r="E151" i="2" s="1"/><c r="E150" i="2" s="1"/><c r="E161" i="2"/><c r="E162" i="2" s="1"/><c r="E163" i="2" s="1"/><c r="E164" i="2" s="1"/><c r="E165" i="2" s="1"/><c r="E166" i="2" s="1"/><c r="E167" i="2" s="1"/><c r="E168" i="2" s="1"/><c r="E169" i="2" s="1"/><c r="E170" i="2" s="1"/><c r="L99" i="2"/><c r="K76" i="2"/><c r="K75" i="2" s="1"/><c r="K74" i="2" s="1"/><c r="K78" i="2"/><c r="K79" i="2" s="1"/><c r="K80" i="2" s="1"/><c r="E3" i="7"/><c r="B1" i="9"/><c r="L38" i="2"/><c r="M38" i="2"/><c r="L34" i="2"/><c r="M34" i="2"/><c r="J38" i="2"/><c r="K38" i="2"/><c r="J34" i="2"/><c r="K34" i="2"/><c r="G38" i="2"/><c r="I38" i="2"/><c r="G34" i="2"/><c r="I34" i="2"/><c r="E38" i="2"/><c r="F38" i="2"/><c r="E34" i="2"/><c r="F34" i="2"/><c r="C34" i="2"/><c r="D34" i="2"/><c r="C38" i="2"/><c r="D38" i="2"/><c r="B38" i="2"/><c r="B34" i="2"/><c r="C96" i="2"/><c r="I96" i="2" s="1"/><c r="N39" i="2"/><c r="N33" i="2"/><c r="C92" i="2"/><c r="I92" i="2" s="1"/><c r="B13" i="7"/><c r="P13" i="7"/><c r="E2" i="6"/><c r="E2" i="5"/><c r="C27" i="5" s="1"/><c r="P14" i="7"/><c r="B13" i="5"/><c r="B13" i="6"/><c r="L100" i="2"/><c r="L33" i="2" l="1"/><c r="M33" i="2"/><c r="L39" i="2"/><c r="M39" i="2"/><c r="J33" i="2"/><c r="K33" i="2"/><c r="J39" i="2"/><c r="K39" i="2"/><c r="G39" i="2"/><c r="I39" i="2"/><c r="G33" i="2"/><c r="I33" i="2"/><c r="E33" i="2"/><c r="F33" i="2"/><c r="E39" i="2"/><c r="F39" i="2"/><c r="C39" i="2"/><c r="D39" i="2"/><c r="C33" i="2"/><c r="D33" i="2"/><c r="B33" i="2"/><c r="B39" i="2"/><c r="L98" i="2"/><c r="C91" i="2"/><c r="I91" i="2" s="1"/><c r="N32" i="2"/><c r="C97" i="2"/><c r="I97" i="2" s="1"/><c r="N40" i="2"/><c r="P15" i="7"/><c r="B14" i="7"/><c r="B14" i="5"/><c r="B14" i="6"/><c r="L97" i="2" l="1"/><c r="L40" i="2"/><c r="M40" i="2"/><c r="L32" i="2"/><c r="M32" i="2"/><c r="J40" i="2"/><c r="K40" i="2"/><c r="J32" i="2"/><c r="K32" i="2"/><c r="G40" i="2"/><c r="I40" i="2"/><c r="G32" i="2"/><c r="I32" i="2"/><c r="E40" i="2"/><c r="F40" i="2"/><c r="E32" i="2"/><c r="F32" i="2"/><c r="C32" i="2"/><c r="D32" i="2"/><c r="C40" i="2"/><c r="D40" i="2"/><c r="B40" i="2"/><c r="B32" i="2"/><c r="L101" i="2"/><c r="C98" i="2"/><c r="I98" i="2" s="1"/><c r="N41" i="2"/><c r="C90" i="2"/><c r="I90" i="2" s="1"/><c r="N31" i="2"/><c r="P16" i="7"/><c r="B15" i="7"/><c r="B15" i="5"/><c r="B15" i="6"/><c r="L96" i="2"/><c r="L102" i="2"/><c r="L31" i="2" l="1"/><c r="M31" i="2"/><c r="L41" i="2"/><c r="M41" i="2"/><c r="J31" i="2"/><c r="K31" i="2"/><c r="J41" i="2"/><c r="K41" i="2"/><c r="G31" i="2"/><c r="I31" i="2"/><c r="G41" i="2"/><c r="I41" i="2"/><c r="E31" i="2"/><c r="F31" i="2"/><c r="E41" i="2"/><c r="F41" i="2"/><c r="C41" i="2"/><c r="D41" i="2"/><c r="C31" i="2"/><c r="D31" i="2"/><c r="B41" i="2"/><c r="B31" i="2"/><c r="C99" i="2"/><c r="I99" i="2" s="1"/><c r="N42" i="2"/><c r="C89" i="2"/><c r="I89" i="2" s="1"/><c r="N30" i="2"/><c r="P17" i="7"/><c r="B16" i="7"/><c r="B16" i="5"/><c r="B16" i="6"/><c r="G223" i="2"/><c r="G224" i="2"/><c r="G225" i="2"/><c r="G226" i="2"/><c r="G227" i="2"/><c r="L30" i="2" l="1"/><c r="M30" i="2"/><c r="L42" i="2"/><c r="M42" i="2"/><c r="J30" i="2"/><c r="K30" i="2"/><c r="J42" i="2"/><c r="K42" i="2"/><c r="G42" i="2"/><c r="I42" i="2"/><c r="G30" i="2"/><c r="I30" i="2"/><c r="E30" i="2"/><c r="F30" i="2"/><c r="E42" i="2"/><c r="F42" i="2"/><c r="C42" i="2"/><c r="D42" i="2"/><c r="C30" i="2"/><c r="D30" i="2"/><c r="B30" i="2"/><c r="B42" i="2"/><c r="C88" i="2"/><c r="I88" i="2" s="1"/><c r="N29" i="2"/><c r="C100" i="2"/><c r="I100" i="2" s="1"/><c r="N43" i="2"/><c r="P18" i="7"/><c r="B17" i="7"/><c r="B17" i="5"/><c r="B17" i="6"/><c r="L29" i="2" l="1"/><c r="M29" i="2"/><c r="L43" i="2"/><c r="M43" i="2"/><c r="J43" i="2"/><c r="K43" i="2"/><c r="J29" i="2"/><c r="K29" i="2"/><c r="G43" i="2"/><c r="I43" i="2"/><c r="G29" i="2"/><c r="I29" i="2"/><c r="E29" i="2"/><c r="F29" i="2"/><c r="E43" i="2"/><c r="F43" i="2"/><c r="C29" i="2"/><c r="D29" i="2"/><c r="C43" i="2"/><c r="D43" i="2"/><c r="B43" i="2"/><c r="B29" i="2"/><c r="C101" i="2"/><c r="I101" i="2" s="1"/><c r="N44" i="2"/><c r="C87" i="2"/><c r="I87" i="2" s="1"/><c r="N28" i="2"/><c r="P19" i="7"/><c r="B18" i="7"/><c r="R1" i="6"/><c r="P1" i="6"/><c r="I1" i="6"/><c r="B18" i="5"/><c r="B18" i="6"/><c r="L28" i="2" l="1"/><c r="M28" i="2"/><c r="L44" i="2"/><c r="M44" i="2"/><c r="J28" i="2"/><c r="K28" i="2"/><c r="J44" i="2"/><c r="K44" i="2"/><c r="G44" i="2"/><c r="I44" i="2"/><c r="G28" i="2"/><c r="I28" i="2"/><c r="E44" i="2"/><c r="F44" i="2"/><c r="E28" i="2"/><c r="F28" i="2"/><c r="C44" i="2"/><c r="D44" i="2"/><c r="C28" i="2"/><c r="D28" i="2"/><c r="B28" i="2"/><c r="B44" i="2"/><c r="C86" i="2"/><c r="I86" i="2" s="1"/><c r="N27" i="2"/><c r="C102" i="2"/><c r="I102" i="2" s="1"/><c r="N45" i="2"/><c r="P20" i="7"/><c r="B19" i="7"/><c r="B19" i="5"/><c r="B19" i="6"/><c r="G41" i="9" l="1"/><c r="I41" i="9"/><c r="D41" i="9"/><c r="C41" i="9"/><c r="L45" i="2"/><c r="M45" i="2"/><c r="L27" i="2"/><c r="M27" i="2"/><c r="J45" i="2"/><c r="K45" i="2"/><c r="J27" i="2"/><c r="K27" i="2"/><c r="G45" i="2"/><c r="I45" i="2"/><c r="G27" i="2"/><c r="I27" i="2"/><c r="E27" i="2"/><c r="F27" i="2"/><c r="E45" i="2"/><c r="F45" i="2"/><c r="C27" i="2"/><c r="D27" i="2"/><c r="C45" i="2"/><c r="D45" i="2"/><c r="B45" i="2"/><c r="B27" i="2"/><c r="C103" i="2"/><c r="I103" i="2" s="1"/><c r="N46" i="2"/><c r="C85" i="2"/><c r="I85" i="2" s="1"/><c r="N26" i="2"/><c r="P21" i="7"/><c r="B20" i="7"/><c r="B20" i="5"/><c r="B20" i="6"/><c r="B41" i="9" l="1"/><c r="A41" i="9" s="1"/><c r="J41" i="9"/><c r="K41" i="9" s="1"/><c r="I42" i="9"/><c r="G42" i="9"/><c r="C42" i="9"/><c r="D42" i="9"/><c r="I40" i="9"/><c r="G40" i="9"/><c r="C40" i="9"/><c r="D40" i="9"/><c r="L46" i="2"/><c r="M46" i="2"/><c r="L26" i="2"/><c r="M26" i="2"/><c r="J26" i="2"/><c r="K26" i="2"/><c r="J46" i="2"/><c r="K46" i="2"/><c r="G46" i="2"/><c r="I46" i="2"/><c r="G26" i="2"/><c r="I26" i="2"/><c r="E46" i="2"/><c r="F46" i="2"/><c r="E26" i="2"/><c r="F26" i="2"/><c r="C46" i="2"/><c r="D46" i="2"/><c r="C26" i="2"/><c r="D26" i="2"/><c r="B26" i="2"/><c r="B46" i="2"/><c r="C84" i="2"/><c r="I84" i="2" s="1"/><c r="N25" i="2"/><c r="C104" i="2"/><c r="I104" i="2" s="1"/><c r="N47" i="2"/><c r="P22" i="7"/><c r="B21" i="7"/><c r="B21" i="5"/><c r="B21" i="6"/><c r="B42" i="9" l="1"/><c r="A42" i="9" s="1"/><c r="J42" i="9"/><c r="K42" i="9" s="1"/><c r="G43" i="9"/><c r="I43" i="9"/><c r="D43" i="9"/><c r="C43" i="9"/><c r="B40" i="9"/><c r="A40" i="9" s="1"/><c r="J40" i="9"/><c r="K40" i="9" s="1"/><c r="G39" i="9"/><c r="I39" i="9"/><c r="D39" i="9"/><c r="C39" i="9"/><c r="L25" i="2"/><c r="M25" i="2"/><c r="L47" i="2"/><c r="M47" i="2"/><c r="J47" i="2"/><c r="K47" i="2"/><c r="J25" i="2"/><c r="K25" i="2"/><c r="G25" i="2"/><c r="I25" i="2"/><c r="G47" i="2"/><c r="I47" i="2"/><c r="E25" i="2"/><c r="F25" i="2"/><c r="E47" i="2"/><c r="F47" i="2"/><c r="C25" i="2"/><c r="D25" i="2"/><c r="C47" i="2"/><c r="D47" i="2"/><c r="B47" i="2"/><c r="B25" i="2"/><c r="C105" i="2"/><c r="I105" i="2" s="1"/><c r="N48" i="2"/><c r="C83" i="2"/><c r="I83" i="2" s="1"/><c r="N24" i="2"/><c r="B22" i="7"/><c r="B22" i="5"/><c r="B22" i="6"/><c r="B43" i="9" l="1"/><c r="A43" i="9" s="1"/><c r="J43" i="9"/><c r="K43" i="9" s="1"/><c r="I44" i="9"/><c r="G44" i="9"/><c r="C44" i="9"/><c r="D44" i="9"/><c r="I38" i="9"/><c r="G38" i="9"/><c r="C38" i="9"/><c r="D38" i="9"/><c r="B39" i="9"/><c r="A39" i="9" s="1"/><c r="J39" i="9"/><c r="K39" i="9" s="1"/><c r="L24" i="2"/><c r="M24" i="2"/><c r="L48" i="2"/><c r="M48" i="2"/><c r="J24" i="2"/><c r="K24" i="2"/><c r="J48" i="2"/><c r="K48" i="2"/><c r="G24" i="2"/><c r="I24" i="2"/><c r="G48" i="2"/><c r="I48" i="2"/><c r="E48" i="2"/><c r="F48" i="2"/><c r="E24" i="2"/><c r="F24" i="2"/><c r="C48" i="2"/><c r="D48" i="2"/><c r="C24" i="2"/><c r="D24" i="2"/><c r="B24" i="2"/><c r="B48" i="2"/><c r="C82" i="2"/><c r="I82" i="2" s="1"/><c r="N23" i="2"/><c r="C106" i="2"/><c r="I106" i="2" s="1"/><c r="N49" i="2"/><c r="B23" i="7"/><c r="P23" i="7"/><c r="B23" i="5"/><c r="B23" i="6"/><c r="B44" i="9" l="1"/><c r="A44" i="9" s="1"/><c r="J44" i="9"/><c r="K44" i="9" s="1"/><c r="G45" i="9"/><c r="I45" i="9"/><c r="D45" i="9"/><c r="C45" i="9"/><c r="B38" i="9"/><c r="A38" i="9" s="1"/><c r="J38" i="9"/><c r="K38" i="9" s="1"/><c r="G37" i="9"/><c r="I37" i="9"/><c r="D37" i="9"/><c r="C37" i="9"/><c r="L23" i="2"/><c r="M23" i="2"/><c r="L49" i="2"/><c r="M49" i="2"/><c r="J49" i="2"/><c r="K49" i="2"/><c r="J23" i="2"/><c r="K23" i="2"/><c r="G23" i="2"/><c r="I23" i="2"/><c r="G49" i="2"/><c r="I49" i="2"/><c r="E23" i="2"/><c r="F23" i="2"/><c r="E49" i="2"/><c r="F49" i="2"/><c r="C23" i="2"/><c r="D23" i="2"/><c r="C49" i="2"/><c r="D49" i="2"/><c r="B49" i="2"/><c r="B23" i="2"/><c r="C107" i="2"/><c r="I107" i="2" s="1"/><c r="N50" i="2"/><c r="C81" i="2"/><c r="I81" i="2" s="1"/><c r="N22" i="2"/><c r="B45" i="9" l="1"/><c r="A45" i="9" s="1"/><c r="J45" i="9"/><c r="K45" i="9" s="1"/><c r="I46" i="9"/><c r="G46" i="9"/><c r="C46" i="9"/><c r="D46" i="9"/><c r="B37" i="9"/><c r="A37" i="9" s="1"/><c r="J37" i="9"/><c r="K37" i="9" s="1"/><c r="L50" i="2"/><c r="M50" i="2"/><c r="L22" i="2"/><c r="M22" i="2"/><c r="J22" i="2"/><c r="K22" i="2"/><c r="J50" i="2"/><c r="K50" i="2"/><c r="G50" i="2"/><c r="I50" i="2"/><c r="G22" i="2"/><c r="I22" i="2"/><c r="E50" i="2"/><c r="F50" i="2"/><c r="E22" i="2"/><c r="F22" i="2"/><c r="C50" i="2"/><c r="D50" i="2"/><c r="C22" i="2"/><c r="D22" i="2"/><c r="B22" i="2"/><c r="B50" i="2"/><c r="C80" i="2"/><c r="I80" i="2" s="1"/><c r="N21" i="2"/><c r="C108" i="2"/><c r="I108" i="2" s="1"/><c r="N51" i="2"/><c r="B46" i="9" l="1"/><c r="A46" i="9" s="1"/><c r="J46" i="9"/><c r="K46" i="9" s="1"/><c r="G47" i="9"/><c r="I47" i="9"/><c r="D47" i="9"/><c r="C47" i="9"/><c r="L21" i="2"/><c r="M21" i="2"/><c r="L51" i="2"/><c r="M51" i="2"/><c r="J51" i="2"/><c r="K51" i="2"/><c r="J21" i="2"/><c r="K21" i="2"/><c r="G21" i="2"/><c r="I21" i="2"/><c r="G51" i="2"/><c r="I51" i="2"/><c r="E21" i="2"/><c r="F21" i="2"/><c r="E51" i="2"/><c r="F51" i="2"/><c r="C51" i="2"/><c r="D51" i="2"/><c r="C21" i="2"/><c r="D21" i="2"/><c r="B51" i="2"/><c r="B21" i="2"/><c r="C109" i="2"/><c r="I109" i="2" s="1"/><c r="N52" i="2"/><c r="C79" i="2"/><c r="I79" i="2" s="1"/><c r="N20" i="2"/><c r="B47" i="9" l="1"/><c r="A47" i="9" s="1"/><c r="J47" i="9"/><c r="K47" i="9" s="1"/><c r="I48" i="9"/><c r="G48" i="9"/><c r="C48" i="9"/><c r="D48" i="9"/><c r="I34" i="9"/><c r="G34" i="9"/><c r="C34" i="9"/><c r="D34" i="9"/><c r="L52" i="2"/><c r="M52" i="2"/><c r="L20" i="2"/><c r="M20" i="2"/><c r="J52" i="2"/><c r="K52" i="2"/><c r="J20" i="2"/><c r="K20" i="2"/><c r="G52" i="2"/><c r="I52" i="2"/><c r="G20" i="2"/><c r="I20" i="2"/><c r="E20" i="2"/><c r="F20" i="2"/><c r="E52" i="2"/><c r="F52" i="2"/><c r="C20" i="2"/><c r="D20" i="2"/><c r="C52" i="2"/><c r="D52" i="2"/><c r="B20" i="2"/><c r="B52" i="2"/><c r="C78" i="2"/><c r="I78" i="2" s="1"/><c r="N19" i="2"/><c r="C110" i="2"/><c r="I110" i="2" s="1"/><c r="N53" i="2"/><c r="B48" i="9" l="1"/><c r="A48" i="9" s="1"/><c r="J48" i="9"/><c r="K48" i="9" s="1"/><c r="G49" i="9"/><c r="I49" i="9"/><c r="D49" i="9"/><c r="C49" i="9"/><c r="B34" i="9"/><c r="A34" i="9" s="1"/><c r="J34" i="9"/><c r="K34" i="9" s="1"/><c r="G33" i="9"/><c r="I33" i="9"/><c r="D33" i="9"/><c r="C33" i="9"/><c r="L19" i="2"/><c r="M19" i="2"/><c r="L53" i="2"/><c r="M53" i="2"/><c r="J19" i="2"/><c r="K19" i="2"/><c r="J53" i="2"/><c r="K53" i="2"/><c r="G19" i="2"/><c r="I19" i="2"/><c r="G53" i="2"/><c r="I53" i="2"/><c r="E19" i="2"/><c r="F19" i="2"/><c r="E53" i="2"/><c r="F53" i="2"/><c r="C53" i="2"/><c r="D53" i="2"/><c r="C19" i="2"/><c r="D19" i="2"/><c r="B53" i="2"/><c r="B19" i="2"/><c r="C111" i="2"/><c r="I111" i="2" s="1"/><c r="N54" i="2"/><c r="C77" i="2"/><c r="I77" i="2" s="1"/><c r="N18" i="2"/><c r="B49" i="9" l="1"/><c r="A49" i="9" s="1"/><c r="J49" i="9"/><c r="K49" i="9" s="1"/><c r="I50" i="9"/><c r="G50" i="9"/><c r="C50" i="9"/><c r="D50" i="9"/><c r="I32" i="9"/><c r="G32" i="9"/><c r="C32" i="9"/><c r="D32" i="9"/><c r="B33" i="9"/><c r="A33" i="9" s="1"/><c r="J33" i="9"/><c r="K33" i="9" s="1"/><c r="L54" i="2"/><c r="M54" i="2"/><c r="L18" i="2"/><c r="M18" i="2"/><c r="J54" i="2"/><c r="K54" i="2"/><c r="J18" i="2"/><c r="K18" i="2"/><c r="G18" i="2"/><c r="I18" i="2"/><c r="G54" i="2"/><c r="I54" i="2"/><c r="E18" i="2"/><c r="F18" i="2"/><c r="E54" i="2"/><c r="F54" i="2"/><c r="C18" i="2"/><c r="D18" i="2"/><c r="C54" i="2"/><c r="D54" i="2"/><c r="B18" i="2"/><c r="B54" i="2"/><c r="C112" i="2"/><c r="I112" i="2" s="1"/><c r="N55" i="2"/><c r="C76" i="2"/><c r="I76" i="2" s="1"/><c r="N17" i="2"/><c r="B32" i="9" l="1"/><c r="A32" i="9" s="1"/><c r="J32" i="9"/><c r="K32" i="9" s="1"/><c r="G51" i="9"/><c r="I51" i="9"/><c r="D51" i="9"/><c r="C51" i="9"/><c r="G31" i="9"/><c r="I31" i="9"/><c r="D31" i="9"/><c r="C31" i="9"/><c r="B50" i="9"/><c r="A50" i="9" s="1"/><c r="J50" i="9"/><c r="K50" i="9" s="1"/><c r="L55" i="2"/><c r="M55" i="2"/><c r="L17" i="2"/><c r="M17" i="2"/><c r="J17" i="2"/><c r="K17" i="2"/><c r="J55" i="2"/><c r="K55" i="2"/><c r="G55" i="2"/><c r="I55" i="2"/><c r="G17" i="2"/><c r="I17" i="2"/><c r="E17" i="2"/><c r="F17" i="2"/><c r="E55" i="2"/><c r="F55" i="2"/><c r="C17" i="2"/><c r="D17" i="2"/><c r="C55" i="2"/><c r="D55" i="2"/><c r="B55" i="2"/><c r="B17" i="2"/><c r="C75" i="2"/><c r="N16" i="2"/><c r="C113" i="2"/><c r="N56" i="2"/><c r="B31" i="9" l="1"/><c r="A31" i="9" s="1"/><c r="J31" i="9"/><c r="K31" i="9" s="1"/><c r="B51" i="9"/><c r="A51" i="9" s="1"/><c r="J51" i="9"/><c r="K51" i="9" s="1"/><c r="L16" i="2"/><c r="M16" i="2"/><c r="L56" i="2"/><c r="M56" i="2"/><c r="J16" i="2"/><c r="K16" i="2"/><c r="J56" i="2"/><c r="K56" i="2"/><c r="G16" i="2"/><c r="I16" i="2"/><c r="G56" i="2"/><c r="I56" i="2"/><c r="E94" i="2" s="1"/><c r="E16" i="2"/><c r="F16" i="2"/><c r="E56" i="2"/><c r="F56" i="2"/><c r="C16" i="2"/><c r="D16" i="2"/><c r="C56" i="2"/><c r="D56" i="2"/><c r="B56" i="2"/><c r="B16" i="2"/><c r="I113" i="2"/><c r="I75" i="2"/><c r="C114" i="2"/><c r="N57" i="2"/><c r="N15" i="2"/><c r="C74" i="2"/><c r="D113" i="2" l="1"/><c r="D86" i="2"/><c r="E86" i="2"/><c r="D99" i="2"/><c r="D112" i="2"/><c r="D93" i="2"/><c r="D92" i="2"/><c r="D84" i="2"/><c r="D109" i="2"/><c r="D83" i="2"/><c r="D78" i="2"/><c r="E96" i="2"/><c r="D77" i="2"/><c r="E112" i="2"/><c r="D104" i="2"/><c r="D87" i="2"/><c r="D103" i="2"/><c r="D102" i="2"/><c r="D82" i="2"/><c r="D100" i="2"/><c r="E97" i="2"/><c r="D96" i="2"/><c r="D79" i="2"/><c r="D101" i="2"/><c r="D111" i="2"/><c r="D94" i="2"/><c r="E78" i="2"/><c r="E79" i="2"/><c r="E92" i="2"/><c r="D90" i="2"/><c r="D76" i="2"/><c r="D108" i="2"/><c r="E77" i="2"/><c r="D85" i="2"/><c r="D91" i="2"/><c r="D107" i="2"/><c r="E104" i="2"/><c r="D95" i="2"/><c r="D110" i="2"/><c r="E101" i="2"/><c r="E87" i="2"/><c r="E98" i="2"/><c r="E106" i="2"/><c r="E95" i="2"/><c r="E84" i="2"/><c r="E76" i="2"/><c r="D80" i="2"/><c r="D106" i="2"/><c r="E103" i="2"/><c r="E89" i="2"/><c r="D75" i="2"/><c r="E99" i="2"/><c r="E75" i="2"/><c r="E83" i="2"/><c r="E100" i="2"/><c r="E90" i="2"/><c r="E107" i="2"/><c r="E85" i="2"/><c r="E93" i="2"/><c r="E113" i="2"/><c r="E105" i="2"/><c r="E108" i="2"/><c r="E82" i="2"/><c r="E109" i="2"/><c r="E81" i="2"/><c r="D89" i="2"/><c r="D81" i="2"/><c r="D97" i="2"/><c r="D105" i="2"/><c r="E102" i="2"/><c r="E110" i="2"/><c r="E88" i="2"/><c r="E80" i="2"/><c r="D88" i="2"/><c r="D98" i="2"/><c r="E91" i="2"/><c r="E111" i="2"/><c r="L57" i="2"/><c r="M57" i="2"/><c r="L15" i="2"/><c r="M15" i="2"/><c r="J15" i="2"/><c r="K15" i="2"/><c r="J57" i="2"/><c r="K57" i="2"/><c r="G15" i="2"/><c r="I15" i="2"/><c r="G57" i="2"/><c r="I57" i="2"/><c r="E57" i="2"/><c r="F57" i="2"/><c r="E15" i="2"/><c r="F15" i="2"/><c r="C15" i="2"/><c r="D15" i="2"/><c r="C57" i="2"/><c r="D57" i="2"/><c r="B15" i="2"/><c r="B57" i="2"/><c r="D114" i="2"/><c r="E114" i="2"/><c r="G114" i="2" s="1"/><c r="N14" i="2"/><c r="I114" i="2"/><c r="I74" i="2"/><c r="D74" i="2"/><c r="F74" i="2" s="1"/><c r="E74" i="2"/><c r="N58" i="2"/><c r="G84" i="2" l="1"/><c r="L14" i="2"/><c r="M14" i="2"/><c r="G77" i="2"/><c r="L58" i="2"/><c r="M58" i="2"/><c r="G78" i="2"/><c r="G81" i="2"/><c r="J58" i="2"/><c r="K58" i="2"/><c r="J14" i="2"/><c r="K14" i="2"/><c r="G85" i="2"/><c r="G108" i="2"/><c r="G103" i="2"/><c r="G106" i="2"/><c r="G113" i="2"/><c r="G107" i="2"/><c r="G86" i="2"/><c r="G100" i="2"/><c r="G96" i="2"/><c r="G89" i="2"/><c r="G76" i="2"/><c r="G95" i="2"/><c r="G98" i="2"/><c r="G101" i="2"/><c r="G58" i="2"/><c r="I58" i="2"/><c r="G75" i="2"/><c r="G93" i="2"/><c r="G99" i="2"/><c r="G82" i="2"/><c r="G90" i="2"/><c r="G104" i="2"/><c r="G92" i="2"/><c r="G83" i="2"/><c r="G79" i="2"/><c r="G111" i="2"/><c r="G91" i="2"/><c r="G80" i="2"/><c r="G88" i="2"/><c r="G110" i="2"/><c r="G102" i="2"/><c r="G94" i="2"/><c r="G87" i="2"/><c r="G14" i="2"/><c r="I14" i="2"/><c r="E58" i="2"/><c r="F58" i="2"/><c r="E14" i="2"/><c r="F14" i="2"/><c r="C58" i="2"/><c r="D58" i="2"/><c r="C14" i="2"/><c r="D14" i="2"/><c r="B58" i="2"/><c r="B14" i="2"/><c r="G105" i="2"/><c r="G109" i="2"/><c r="G97" i="2"/><c r="G112" i="2"/><c r="F94" i="2"/><c r="F91" i="2"/><c r="F92" i="2"/><c r="F97" i="2"/><c r="F98" i="2"/><c r="F99" i="2"/><c r="F100" i="2"/><c r="H100" i="2" s="1"/><c r="F101" i="2"/><c r="F102" i="2"/><c r="F103" i="2"/><c r="H103" i="2" s="1"/><c r="F104" i="2"/><c r="F105" i="2"/><c r="F106" i="2"/><c r="F107" i="2"/><c r="F108" i="2"/><c r="F109" i="2"/><c r="F110" i="2"/><c r="F111" i="2"/><c r="F112" i="2"/><c r="F93" i="2"/><c r="F95" i="2"/><c r="F96" i="2"/><c r="F90" i="2"/><c r="F89" i="2"/><c r="F88" i="2"/><c r="F87" i="2"/><c r="F86" i="2"/><c r="F85" i="2"/><c r="H85" i="2" s="1"/><c r="F84" i="2"/><c r="F83" i="2"/><c r="F82" i="2"/><c r="H82" i="2" s="1"/><c r="F81" i="2"/><c r="F80" i="2"/><c r="F79" i="2"/><c r="F78" i="2"/><c r="F77" i="2"/><c r="F76" i="2"/><c r="F75" i="2"/><c r="F113" i="2"/><c r="N13" i="2"/><c r="F114" i="2"/><c r="H114" i="2" s="1"/><c r="N59" i="2"/><c r="H108" i="2" l="1"/><c r="H75" i="2"/><c r="H87" i="2"/><c r="H96" i="2"/><c r="H99" i="2"/><c r="H91" i="2"/><c r="H95" i="2"/><c r="H106" i="2"/><c r="H109" i="2"/><c r="H79" i="2"/><c r="H110" i="2"/><c r="H80" i="2"/><c r="H94" i="2"/><c r="H104" i="2"/><c r="H77" i="2"/><c r="H81" i="2"/><c r="H89" i="2"/><c r="H107" i="2"/><c r="H101" i="2"/><c r="H83" i="2"/><c r="H93" i="2"/><c r="H111" i="2"/><c r="H113" i="2"/><c r="H76" i="2"/><c r="H78" i="2"/><c r="H84" i="2"/><c r="H86" i="2"/><c r="H88" i="2"/><c r="H90" i="2"/><c r="H102" i="2"/><c r="H98" i="2"/><c r="H92" i="2"/><c r="L59" i="2"/><c r="M59" i="2"/><c r="L13" i="2"/><c r="M13" i="2"/><c r="J59" i="2"/><c r="K59" i="2"/><c r="J13" i="2"/><c r="K13" i="2"/><c r="G59" i="2"/><c r="I59" i="2"/><c r="G13" i="2"/><c r="I13" i="2"/><c r="E13" i="2"/><c r="F13" i="2"/><c r="E59" i="2"/><c r="F59" i="2"/><c r="C59" i="2"/><c r="D59" i="2"/><c r="C13" i="2"/><c r="D13" i="2"/><c r="B59" i="2"/><c r="B13" i="2"/><c r="H105" i="2"/><c r="H97" i="2"/><c r="H112" i="2"/><c r="N60" i="2"/><c r="N12" i="2"/><c r="L12" i="2" l="1"/><c r="M12" i="2"/><c r="L60" i="2"/><c r="M60" i="2"/><c r="J12" i="2"/><c r="K12" i="2"/><c r="J60" i="2"/><c r="K60" i="2"/><c r="G12" i="2"/><c r="I12" i="2"/><c r="G60" i="2"/><c r="I60" i="2"/><c r="E12" i="2"/><c r="F12" i="2"/><c r="E60" i="2"/><c r="F60" i="2"/><c r="C60" i="2"/><c r="D60" i="2"/><c r="C12" i="2"/><c r="D12" i="2"/><c r="B60" i="2"/><c r="B12" i="2"/><c r="N11" i="2"/><c r="N61" i="2"/><c r="L61" i="2" l="1"/><c r="M61" i="2"/><c r="L11" i="2"/><c r="M11" i="2"/><c r="J11" i="2"/><c r="K11" i="2"/><c r="J61" i="2"/><c r="K61" i="2"/><c r="G61" i="2"/><c r="I61" i="2"/><c r="G11" i="2"/><c r="I11" i="2"/><c r="E11" i="2"/><c r="F11" i="2"/><c r="E61" i="2"/><c r="F61" i="2"/><c r="C61" i="2"/><c r="D61" i="2"/><c r="C11" i="2"/><c r="D11" i="2"/><c r="B11" i="2"/><c r="B61" i="2"/><c r="N10" i="2"/><c r="N62" i="2"/><c r="L62" i="2" l="1"/><c r="M62" i="2"/><c r="L10" i="2"/><c r="M10" i="2"/><c r="J62" i="2"/><c r="K62" i="2"/><c r="J10" i="2"/><c r="K10" i="2"/><c r="G10" i="2"/><c r="I10" i="2"/><c r="G62" i="2"/><c r="I62" i="2"/><c r="E62" i="2"/><c r="F62" i="2"/><c r="E10" i="2"/><c r="F10" i="2"/><c r="C62" i="2"/><c r="D62" i="2"/><c r="C10" i="2"/><c r="D10" i="2"/><c r="B10" i="2"/><c r="B62" i="2"/><c r="N9" i="2"/><c r="N63" i="2"/><c r="P12" i="7" l="1"/><c r="B12" i="7"/><c r="B12" i="6"/><c r="B12" i="5"/><c r="L63" i="2"/><c r="M63" i="2"/><c r="L9" i="2"/><c r="M9" i="2"/><c r="J63" i="2"/><c r="K63" i="2"/><c r="J9" i="2"/><c r="K9" i="2"/><c r="G63" i="2"/><c r="I63" i="2"/><c r="G9" i="2"/><c r="I9" i="2"/><c r="E63" i="2"/><c r="F63" i="2"/><c r="E9" i="2"/><c r="F9" i="2"/><c r="C63" i="2"/><c r="D63" i="2"/><c r="C9" i="2"/><c r="D9" i="2"/><c r="B9" i="2"/><c r="B63" i="2"/><c r="N64" i="2"/><c r="N8" i="2"/><c r="P11" i="7" l="1"/><c r="B11" i="5"/><c r="B11" i="7"/><c r="B11" i="6"/><c r="L8" i="2"/><c r="M8" i="2"/><c r="L64" i="2"/><c r="M64" i="2"/><c r="J8" i="2"/><c r="K8" i="2"/><c r="J64" i="2"/><c r="K64" i="2"/><c r="G8" i="2"/><c r="I8" i="2"/><c r="G64" i="2"/><c r="I64" i="2"/><c r="E8" i="2"/><c r="F8" i="2"/><c r="E64" i="2"/><c r="F64" i="2"/><c r="C8" i="2"/><c r="D8" i="2"/><c r="C64" i="2"/><c r="D64" i="2"/><c r="B64" i="2"/><c r="B8" i="2"/><c r="N65" i="2"/><c r="N7" i="2"/><c r="P10" i="7" l="1"/><c r="B10" i="5"/><c r="B10" i="7"/><c r="B10" i="6"/><c r="L65" i="2"/><c r="M65" i="2"/><c r="L7" i="2"/><c r="M7" i="2"/><c r="J7" i="2"/><c r="K7" i="2"/><c r="J65" i="2"/><c r="K65" i="2"/><c r="G7" i="2"/><c r="I7" i="2"/><c r="G65" i="2"/><c r="I65" i="2"/><c r="E7" i="2"/><c r="F7" i="2"/><c r="E65" i="2"/><c r="F65" i="2"/><c r="C7" i="2"/><c r="D7" i="2"/><c r="C65" i="2"/><c r="D65" i="2"/><c r="B65" i="2"/><c r="B7" i="2"/><c r="N66" i="2"/><c r="P9" i="7" l="1"/><c r="B9" i="5"/><c r="B9" i="7"/><c r="B9" i="6"/><c r="L66" i="2"/><c r="M66" i="2"/><c r="J66" i="2"/><c r="K66" i="2"/><c r="G66" i="2"/><c r="I66" i="2"/><c r="E66" i="2"/><c r="F66" i="2"/><c r="C66" i="2"/><c r="D66" i="2"/><c r="B66" i="2"/><c r="M6" i="2"/><c r="N6" i="2"/><c r="K6" i="2"/><c r="L6" i="2"/><c r="I6" i="2"/><c r="J6" i="2"/><c r="F6" i="2"/><c r="D6" i="2"/><c r="E6" i="2"/><c r="N67" i="2"/><c r="D179" i="2"/><c r="D181" i="2"/><c r="D183" i="2"/><c r="D178" i="2"/><c r="D180" i="2"/><c r="D182" i="2"/><c r="C183" i="2"/><c r="D177" i="2"/><c r="C181" i="2"/><c r="C182" i="2"/><c r="C179" i="2"/><c r="C180" i="2"/><c r="C177" i="2"/><c r="C178" i="2"/><c r="C174" i="2"/><c r="G74" i="2"/><c r="H74" i="2" s="1"/><c r="G71" i="2" s="1"/><c r="M77" i="2"/><c r="L76" i="2"/><c r="M76" i="2"/><c r="M75" i="2"/><c r="L79" i="2"/><c r="M74" i="2"/><c r="M80" i="2"/><c r="L77" i="2"/><c r="M78" i="2"/><c r="L78" i="2"/><c r="L75" i="2"/><c r="M79" i="2"/><c r="L74" i="2"/><c r="L80" i="2"/><c r="P8" i="7" l="1"/><c r="B8" i="7"/><c r="B8" i="6"/><c r="B8" i="5"/><c r="L67" i="2"/><c r="M67" i="2"/><c r="I129" i="2" s="1"/><c r="J67" i="2"/><c r="K67" i="2"/><c r="H170" i="2" s="1"/><c r="G67" i="2"/><c r="I67" i="2"/><c r="L6" i="1" s="1"/><c r="M6" i="1" s="1"/><c r="E67" i="2"/><c r="F67" i="2"/><c r="C67" i="2"/><c r="D67" i="2"/><c r="D168" i="2" s="1"/><c r="B67" i="2"/><c r="L5" i="1" s="1"/><c r="M5" i="1" s="1"/><c r="K96" i="2"/><c r="H155" i="2"/><c r="H156" i="2"/><c r="G162" i="2"/><c r="G157" i="2"/><c r="G168" i="2"/><c r="G163" i="2"/><c r="G158" i="2"/><c r="G169" i="2"/><c r="G164" i="2"/><c r="G159" i="2"/><c r="F170" i="2"/><c r="C23" i="6" s="1"/><c r="F154" i="2"/><c r="C7" i="6" s="1"/><c r="C170" i="2"/><c r="C165" i="2"/><c r="C160" i="2"/><c r="C155" i="2"/><c r="C154" i="2"/><c r="C166" i="2"/><c r="C161" i="2"/><c r="C156" i="2"/><c r="C167" i="2"/><c r="B162" i="2"/><c r="A15" i="6" s="1"/><c r="B157" i="2"/><c r="A10" i="6" s="1"/><c r="B168" i="2"/><c r="A21" i="6" s="1"/><c r="B163" i="2"/><c r="A16" i="6" s="1"/><c r="B158" i="2"/><c r="A11" i="6" s="1"/><c r="B169" i="2"/><c r="A22" i="6" s="1"/><c r="B164" i="2"/><c r="A17" i="6" s="1"/><c r="B159" i="2"/><c r="A12" i="6" s="1"/><c r="I128" i="2"/><c r="G132" i="2"/><c r="M101" i="2"/><c r="M100" i="2"/><c r="M98" i="2"/><c r="K100" i="2"/><c r="M96" i="2"/><c r="H162" i="2"/><c r="H163" i="2"/><c r="H164" i="2"/><c r="G170" i="2"/><c r="G165" i="2"/><c r="G160" i="2"/><c r="G155" i="2"/><c r="G154" i="2"/><c r="G166" i="2"/><c r="G161" i="2"/><c r="G156" i="2"/><c r="G167" i="2"/><c r="F157" i="2"/><c r="C10" i="6" s="1"/><c r="F158" i="2"/><c r="C11" i="6" s="1"/><c r="F159" i="2"/><c r="C12" i="6" s="1"/><c r="D160" i="2"/><c r="D161" i="2"/><c r="C162" i="2"/><c r="C157" i="2"/><c r="C168" i="2"/><c r="C163" i="2"/><c r="C158" i="2"/><c r="C169" i="2"/><c r="C164" i="2"/><c r="C159" i="2"/><c r="B170" i="2"/><c r="A23" i="6" s="1"/><c r="B165" i="2"/><c r="A18" i="6" s="1"/><c r="B160" i="2"/><c r="A13" i="6" s="1"/><c r="B155" i="2"/><c r="A8" i="6" s="1"/><c r="B154" i="2"/><c r="A7" i="6" s="1"/><c r="B166" i="2"/><c r="A19" i="6" s="1"/><c r="B161" i="2"/><c r="A14" i="6" s="1"/><c r="B156" i="2"/><c r="A9" i="6" s="1"/><c r="B167" i="2"/><c r="A20" i="6" s="1"/><c r="I126" i="2"/><c r="G125" i="2"/><c r="G134" i="2"/><c r="M102" i="2"/><c r="M97" i="2"/><c r="M99" i="2"/><c r="K102" i="2"/><c r="K97" i="2"/><c r="K99" i="2"/><c r="K101" i="2"/><c r="K98" i="2"/><c r="E182" i="2"/><c r="E179" i="2"/><c r="E178" i="2"/><c r="E183" i="2"/><c r="E177" i="2"/><c r="E181" i="2"/><c r="E180" i="2"/><c r="D174" i="2"/><c r="L81" i="2"/><c r="L71" i="2" s="1"/><c r="J5" i="1" s="1"/><c r="M81" i="2"/><c r="M71" i="2" s="1"/><c r="J6" i="1" s="1"/><c r="O8" i="7" l="1"/><c r="P7" i="7"/><c r="O7" i="7" s="1"/><c r="B7" i="7"/><c r="B7" i="6"/><c r="B7" i="5"/><c r="G129" i="2"/><c r="C129" i="2" s="1"/><c r="H169" i="2"/><c r="H168" i="2"/><c r="G127" i="2"/><c r="C127" i="2" s="1"/><c r="H161" i="2"/><c r="H160" i="2"/><c r="G128" i="2"/><c r="C128" i="2" s="1"/><c r="H153" i="2"/><c r="G131" i="2"/><c r="L132" i="2" s="1"/><c r="G133" i="2"/><c r="C133" i="2" s="1"/><c r="H167" i="2"/><c r="H166" i="2"/><c r="H165" i="2"/><c r="G124" i="2"/><c r="L125" i="2" s="1"/><c r="G130" i="2"/><c r="C130" i="2" s="1"/><c r="H159" i="2"/><c r="H158" i="2"/><c r="H157" i="2"/><c r="G126" i="2"/><c r="C126" i="2" s="1"/><c r="H154" i="2"/><c r="O11" i="7"/><c r="O22" i="7"/><c r="O17" i="7"/><c r="O12" i="7"/><c r="Q7" i="7"/><c r="Q23" i="7"/><c r="Q18" i="7"/><c r="Q13" i="7"/><c r="Q8" i="7"/><c r="O15" i="7"/><c r="O10" i="7"/><c r="O21" i="7"/><c r="O16" i="7"/><c r="Q11" i="7"/><c r="Q22" i="7"/><c r="Q17" i="7"/><c r="Q12" i="7"/><c r="O19" i="7"/><c r="O14" i="7"/><c r="O9" i="7"/><c r="O20" i="7"/><c r="Q15" i="7"/><c r="Q10" i="7"/><c r="Q21" i="7"/><c r="Q16" i="7"/><c r="O23" i="7"/><c r="O18" i="7"/><c r="O13" i="7"/><c r="Q19" i="7"/><c r="Q14" i="7"/><c r="Q9" i="7"/><c r="Q20" i="7"/><c r="D167" i="2"/><c r="D166" i="2"/><c r="D165" i="2"/><c r="F164" i="2"/><c r="C17" i="6" s="1"/><c r="F163" i="2"/><c r="C16" i="6" s="1"/><c r="F162" i="2"/><c r="C15" i="6" s="1"/><c r="I124" i="2"/><c r="E124" i="2" s="1"/><c r="I130" i="2"/><c r="N131" i="2" s="1"/><c r="D159" i="2"/><c r="D158" i="2"/><c r="D157" i="2"/><c r="F156" i="2"/><c r="C9" i="6" s="1"/><c r="F155" i="2"/><c r="C8" i="6" s="1"/><c r="I132" i="2"/><c r="N133" i="2" s="1"/><c r="I127" i="2"/><c r="E127" i="2" s="1"/><c r="D154" i="2"/><c r="D170" i="2"/><c r="F169" i="2"/><c r="C22" i="6" s="1"/><c r="F168" i="2"/><c r="C21" i="6" s="1"/><c r="I134" i="2"/><c r="E134" i="2" s="1"/><c r="I125" i="2"/><c r="E125" i="2" s="1"/><c r="D164" i="2"/><c r="D163" i="2"/><c r="D162" i="2"/><c r="F161" i="2"/><c r="C14" i="6" s="1"/><c r="F160" i="2"/><c r="C13" i="6" s="1"/><c r="I131" i="2"/><c r="N132" i="2" s="1"/><c r="I133" i="2"/><c r="E133" i="2" s="1"/><c r="D156" i="2"/><c r="D155" i="2"/><c r="F153" i="2"/><c r="C6" i="6" s="1"/><c r="D169" i="2"/><c r="F167" i="2"/><c r="C20" i="6" s="1"/><c r="F166" i="2"/><c r="C19" i="6" s="1"/><c r="F165" i="2"/><c r="C18" i="6" s="1"/><c r="M7" i="1"/><c r="C134" i="2"/><c r="L126" i="2"/><c r="C125" i="2"/><c r="N127" i="2"/><c r="E126" i="2"/><c r="A17" i="5"/><c r="A17" i="7"/><c r="A16" i="5"/><c r="A16" i="7"/><c r="A15" i="5"/><c r="A15" i="7"/><c r="C20" i="5"/><c r="C20" i="7"/><c r="C9" i="5"/><c r="C9" i="7"/><c r="C19" i="5"/><c r="C19" i="7"/><c r="C8" i="5"/><c r="C8" i="7"/><c r="C18" i="5"/><c r="C18" i="7"/><c r="L133" i="2"/><c r="C132" i="2"/><c r="N129" i="2"/><c r="E128" i="2"/><c r="A20" i="5"/><c r="A20" i="7"/><c r="A9" i="5"/><c r="A9" i="7"/><c r="A19" i="5"/><c r="A19" i="7"/><c r="A8" i="5"/><c r="A8" i="7"/><c r="A18" i="5"/><c r="A18" i="7"/><c r="C12" i="7"/><c r="C12" i="5"/><c r="C22" i="7"/><c r="C22" i="5"/><c r="C11" i="7"/><c r="C11" i="5"/><c r="C21" i="7"/><c r="C21" i="5"/><c r="C10" i="7"/><c r="C10" i="5"/><c r="A12" i="5"/><c r="A12" i="7"/><c r="A22" i="5"/><c r="A22" i="7"/><c r="A11" i="5"/><c r="A11" i="7"/><c r="A21" i="5"/><c r="A21" i="7"/><c r="A10" i="5"/><c r="A10" i="7"/><c r="C14" i="5"/><c r="C14" i="7"/><c r="C7" i="5"/><c r="C7" i="7"/><c r="C13" i="5"/><c r="C13" i="7"/><c r="C23" i="5"/><c r="C23" i="7"/><c r="N130" i="2"/><c r="E129" i="2"/><c r="A14" i="5"/><c r="A14" i="7"/><c r="A7" i="5"/><c r="A7" i="7"/><c r="A13" i="5"/><c r="A13" i="7"/><c r="A23" i="5"/><c r="A23" i="7"/><c r="C17" i="7"/><c r="C17" i="5"/><c r="C16" i="7"/><c r="C16" i="5"/><c r="C15" i="7"/><c r="C15" i="5"/><c r="M104" i="2"/><c r="R6" i="1" s="1"/><c r="F182" i="2"/><c r="F181" i="2"/><c r="L127" i="2" l="1"/><c r="L129" i="2"/><c r="L134" i="2"/><c r="P6" i="7"/><c r="B6" i="5"/><c r="B6" i="7"/><c r="B6" i="6"/><c r="G153" i="2"/><c r="D153" i="2"/><c r="B153" i="2"/><c r="A6" i="6" s="1"/><c r="C153" i="2"/><c r="L128" i="2"/><c r="C124" i="2"/><c r="L130" i="2"/><c r="L131" i="2"/><c r="C131" i="2"/><c r="N125" i="2"/><c r="N128" i="2"/><c r="N126" i="2"/><c r="E130" i="2"/><c r="E132" i="2"/><c r="N134" i="2"/><c r="E131" i="2"/><c r="F183" i="2"/><c r="F2" i="7" s="1"/><c r="F184" i="2"/><c r="M2" i="7" s="1"/><c r="A6" i="5" l="1"/><c r="A6" i="7"/><c r="Q6" i="7"/><c r="O6" i="7"/><c r="C6" i="7"/><c r="C6" i="5"/><c r="P5" i="7"/><c r="B5" i="5"/><c r="B5" i="7"/><c r="B5" i="6"/><c r="G152" i="2"/><c r="B152" i="2"/><c r="A5" i="6" s="1"/><c r="C152" i="2"/><c r="D152" i="2"/><c r="H152" i="2"/><c r="F152" i="2"/><c r="C5" i="6" s="1"/><c r="C136" i="2"/><c r="B136" i="2" s="1"/><c r="C139" i="2" s="1"/><c r="L136" i="2"/><c r="K136" i="2" s="1"/><c r="L139" i="2" s="1"/><c r="N136" i="2"/><c r="M136" i="2" s="1"/><c r="L140" i="2" s="1"/><c r="E136" i="2"/><c r="D136" i="2" s="1"/><c r="S2" i="1"/><c r="Q2" i="5" s="1"/><c r="Q27" i="5" s="1"/><c r="K2" i="4"/><c r="N139" i="2" l="1"/><c r="O5" i="7"/><c r="Q5" i="7"/><c r="A5" i="5"/><c r="A5" i="7"/><c r="C5" i="7"/><c r="C5" i="5"/><c r="P4" i="7"/><c r="B4" i="5"/><c r="B4" i="7"/><c r="B4" i="6"/><c r="C151" i="2"/><c r="B151" i="2"/><c r="A4" i="6" s="1"/><c r="F151" i="2"/><c r="C4" i="6" s="1"/><c r="G151" i="2"/><c r="H151" i="2"/><c r="D151" i="2"/><c r="N137" i="2"/><c r="E139" i="2"/><c r="N140" i="2"/><c r="E140" i="2"/><c r="E137" i="2"/><c r="C140" i="2"/><c r="C142" i="2" s="1"/><c r="C144" i="2" s="1"/><c r="E144" i="2" s="1"/><c r="L142" i="2"/><c r="L143" i="2" s="1"/><c r="N143" i="2" s="1"/><c r="Q2" i="6"/><c r="N3" i="7"/><c r="N141" i="2" l="1"/><c r="C4" i="7"/><c r="C4" i="5"/><c r="O4" i="7"/><c r="Q4" i="7"/><c r="A4" i="5"/><c r="A4" i="7"/><c r="P3" i="7"/><c r="B3" i="7"/><c r="B3" i="6"/><c r="B3" i="5"/><c r="G150" i="2"/><c r="B150" i="2"/><c r="A3" i="6" s="1"/><c r="C150" i="2"/><c r="D150" i="2"/><c r="H150" i="2"/><c r="F150" i="2"/><c r="C3" i="6" s="1"/><c r="E141" i="2"/><c r="L144" i="2"/><c r="N144" i="2" s="1"/><c r="C143" i="2"/><c r="E143" i="2" l="1"/><c r="E145" i="2" s="1"/><c r="A3" i="5"/><c r="A3" i="7"/><c r="C3" i="5"/><c r="C3" i="7"/><c r="O3" i="7"/><c r="Q3" i="7"/><c r="N145" i="2"/><c r="I5" i="4"/><c r="O1" i="6"/><c r="M125" i="2"/><c r="M133" i="2"/><c r="M128" i="2"/><c r="M132" i="2"/><c r="M131" i="2"/><c r="M130" i="2"/><c r="M134" i="2"/><c r="M127" i="2"/><c r="M126" i="2"/><c r="M129" i="2"/><c r="D124" i="2"/><c r="D129" i="2"/><c r="D127" i="2"/><c r="D126" i="2"/><c r="D128" i="2"/><c r="D132" i="2"/><c r="D130" i="2"/><c r="D133" i="2"/><c r="D125" i="2"/><c r="D131" i="2"/><c r="D134" i="2"/><c r="M86" i="2"/><c r="E6" i="1" s="1"/><c r="I1" i="9" l="1"/><c r="I28" i="9"/><c r="C6" i="1"/><c r="F6" i="1"/><c r="I4" i="4"/><c r="H1" i="6"/><c r="K125" i="2"/><c r="K128" i="2"/><c r="K127" i="2"/><c r="K126" i="2"/><c r="K129" i="2"/><c r="K134" i="2"/><c r="K133" i="2"/><c r="K132" i="2"/><c r="K131" i="2"/><c r="K130" i="2"/><c r="B124" i="2"/><c r="B126" i="2"/><c r="B128" i="2"/><c r="B129" i="2"/><c r="B131" i="2"/><c r="B132" i="2"/><c r="B125" i="2"/><c r="B127" i="2"/><c r="B130" i="2"/><c r="B133" i="2"/><c r="B134" i="2"/><c r="M85" i="2"/><c r="K104" i="2"/><c r="R5" i="1" s="1"/><c r="P1" i="5"/><c r="N26" i="5" s="1"/><c r="C5" i="4"/><c r="H1" i="9" l="1"/><c r="H28" i="9"/><c r="M1" i="7"/><c r="D6" i="1"/><c r="H6" i="1"/><c r="E184" i="2"/><c r="F180" i="2" s="1"/><c r="H3" i="1" s="1"/><c r="E4" i="4" s="1"/><c r="E5" i="1"/><c r="B5" i="4"/><c r="L1" i="7"/><c r="O1" i="5"/><c r="M26" i="5" s="1"/><c r="E28" i="9" l="1"/><c r="E7" i="1"/><c r="E1" i="9"/><c r="C5" i="1"/><c r="F5" i="1"/><c r="F1" i="7"/><c r="C4" i="4"/><c r="I1" i="5"/><c r="F26" i="5" s="1"/><c r="D1" i="9" l="1"/><c r="D28" i="9"/><c r="F7" i="1"/><c r="D5" i="1"/><c r="D7" i="1" s="1"/><c r="H5" i="1"/><c r="D5" i="4"/><c r="R1" i="5"/><c r="Q26" i="5" s="1"/><c r="H2" i="7"/><c r="E1" i="7"/><c r="H1" i="5"/><c r="E26" i="5" s="1"/><c r="B4" i="4"/><c r="G36" i="9" l="1"/><c r="D36" i="9"/><c r="I36" i="9"/><c r="C36" i="9"/><c r="I35" i="9"/><c r="C35" i="9"/><c r="G35" i="9"/><c r="D35" i="9"/><c r="O160" i="2"/><c r="J44" i="5" s="1"/><c r="P160" i="2"/><c r="J161" i="2"/><c r="K161" i="2"/><c r="H45" i="5" s="1"/><c r="L161" i="2"/><c r="N161" i="2"/><c r="O161" i="2"/><c r="J45" i="5" s="1"/><c r="P161" i="2"/><c r="K162" i="2"/><c r="H46" i="5" s="1"/><c r="O162" i="2"/><c r="J46" i="5" s="1"/><c r="K163" i="2"/><c r="H47" i="5" s="1"/><c r="N163" i="2"/><c r="O163" i="2"/><c r="J47" i="5" s="1"/><c r="P163" i="2"/><c r="K164" i="2"/><c r="H48" i="5" s="1"/><c r="J36" i="9" l="1"/><c r="K36" i="9" s="1"/><c r="B36" i="9"/><c r="A36" i="9" s="1"/><c r="J35" i="9"/><c r="K35" i="9" s="1"/><c r="B35" i="9"/><c r="A35" i="9" s="1"/><c r="J163" i="2"/><c r="O164" i="2"/><c r="J48" i="5" s="1"/><c r="L163" i="2"/><c r="K159" i="2"/><c r="H43" i="5" s="1"/><c r="O159" i="2"/><c r="J43" i="5" s="1"/><c r="J159" i="2"/><c r="L159" i="2"/><c r="N159" i="2"/><c r="P159" i="2"/><c r="P164" i="2"/><c r="N164" i="2"/><c r="L164" i="2"/><c r="J164" i="2"/><c r="P162" i="2"/><c r="N162" i="2"/><c r="L162" i="2"/><c r="J162" i="2"/><c r="K160" i="2"/><c r="H44" i="5" s="1"/><c r="N160" i="2"/><c r="L160" i="2"/><c r="J160" i="2"/><c r="J158" i="2" l="1"/><c r="L158" i="2"/><c r="N158" i="2"/><c r="P158" i="2"/><c r="K158" i="2"/><c r="H42" i="5" s="1"/><c r="O158" i="2"/><c r="J42" i="5" s="1"/><c r="K165" i="2"/><c r="H49" i="5" s="1"/><c r="O165" i="2"/><c r="J49" i="5" s="1"/><c r="J165" i="2"/><c r="L165" i="2"/><c r="N165" i="2"/><c r="P165" i="2"/><c r="K157" i="2" l="1"/><c r="H41" i="5" s="1"/><c r="O157" i="2"/><c r="J41" i="5" s="1"/><c r="J157" i="2"/><c r="L157" i="2"/><c r="N157" i="2"/><c r="P157" i="2"/><c r="J166" i="2"/><c r="L166" i="2"/><c r="N166" i="2"/><c r="P166" i="2"/><c r="K166" i="2"/><c r="H50" i="5" s="1"/><c r="O166" i="2"/><c r="J50" i="5" s="1"/><c r="J156" i="2" l="1"/><c r="L156" i="2"/><c r="N156" i="2"/><c r="P156" i="2"/><c r="K156" i="2"/><c r="H40" i="5" s="1"/><c r="O156" i="2"/><c r="J40" i="5" s="1"/><c r="P167" i="2"/><c r="K167" i="2"/><c r="H51" i="5" s="1"/><c r="O167" i="2"/><c r="J51" i="5" s="1"/><c r="J167" i="2"/><c r="L167" i="2"/><c r="N167" i="2"/><c r="K155" i="2" l="1"/><c r="H39" i="5" s="1"/><c r="O155" i="2"/><c r="J39" i="5" s="1"/><c r="J155" i="2"/><c r="L155" i="2"/><c r="N155" i="2"/><c r="P155" i="2"/><c r="O168" i="2"/><c r="J52" i="5" s="1"/><c r="J168" i="2"/><c r="L168" i="2"/><c r="N168" i="2"/><c r="P168" i="2"/><c r="K168" i="2"/><c r="H52" i="5" s="1"/><c r="J169" i="2" l="1"/><c r="N169" i="2"/><c r="K169" i="2"/><c r="H53" i="5" s="1"/><c r="O169" i="2"/><c r="J53" i="5" s="1"/><c r="L169" i="2"/><c r="P169" i="2"/><c r="J154" i="2"/><c r="L154" i="2"/><c r="N154" i="2"/><c r="P154" i="2"/><c r="K154" i="2"/><c r="H38" i="5" s="1"/><c r="O154" i="2"/><c r="J38" i="5" s="1"/><c r="K170" i="2" l="1"/><c r="H54" i="5" s="1"/><c r="O170" i="2"/><c r="J54" i="5" s="1"/><c r="J170" i="2"/><c r="L170" i="2"/><c r="N170" i="2"/><c r="P170" i="2"/><c r="K153" i="2"/><c r="H37" i="5" s="1"/><c r="O153" i="2"/><c r="J37" i="5" s="1"/><c r="J153" i="2"/><c r="L153" i="2"/><c r="N153" i="2"/><c r="P153" i="2"/><c r="J152" i="2" l="1"/><c r="L152" i="2"/><c r="N152" i="2"/><c r="P152" i="2"/><c r="K152" i="2"/><c r="H36" i="5" s="1"/><c r="O152" i="2"/><c r="J36" i="5" s="1"/><c r="K151" i="2" l="1"/><c r="H35" i="5" s="1"/><c r="O151" i="2"/><c r="J35" i="5" s="1"/><c r="J151" i="2"/><c r="L151" i="2"/><c r="N151" i="2"/><c r="P151" i="2"/><c r="J150" i="2" l="1"/><c r="L150" i="2"/><c r="N150" i="2"/><c r="P150" i="2"/><c r="K150" i="2"/><c r="H34" i="5" s="1"/><c r="O150" i="2"/><c r="J34" i="5" s="1"/><c r="V6" i="3"/><c r="M92" i="2" s="1"/><c r="P6" i="1" s="1"/><c r="P7" i="1" s="1"/><c r="H11" i="8"/><c r="L11" i="8"/><c r="R12" i="8"/><c r="C11" i="8"/><c r="G12" i="8"/><c r="D12" i="8"/><c r="S12" i="8"/><c r="E11" i="8"/><c r="F11" i="8"/><c r="I12" i="8"/><c r="C12" i="8"/><c r="S11" i="8"/><c r="M11" i="8"/><c r="O11" i="8"/><c r="I11" i="8"/><c r="P11" i="8"/><c r="U11" i="8"/><c r="Q11" i="8"/><c r="T12" i="8"/><c r="G11" i="8"/><c r="R11" i="8"/><c r="L12" i="8"/><c r="D11" i="8"/><c r="F12" i="8"/><c r="J12" i="8"/><c r="K11" i="8"/><c r="N11" i="8"/><c r="J11" i="8"/><c r="T11" i="8"/><c r="B11" i="8"/><c r="E12" i="8"/><c r="K12" i="8"/><c r="A11" i="8"/><c r="L9" i="8"/><c r="D10" i="8"/><c r="T10" i="8"/><c r="U9" i="8"/><c r="G10" i="8"/><c r="T9" i="8"/><c r="E9" i="8"/><c r="J9" i="8"/><c r="I10" i="8"/><c r="H9" i="8"/><c r="P9" i="8"/><c r="G9" i="8"/><c r="F10" i="8"/><c r="K10" i="8"/><c r="R10" i="8"/><c r="L10" i="8"/><c r="E10" i="8"/><c r="J10" i="8"/><c r="R9" i="8"/><c r="I9" i="8"/><c r="C10" i="8"/><c r="S9" i="8"/><c r="C9" i="8"/><c r="M9" i="8"/><c r="N9" i="8"/><c r="F9" i="8"/><c r="B9" i="8"/><c r="S10" i="8"/><c r="K9" i="8"/><c r="O9" i="8"/><c r="Q9" i="8"/><c r="A9" i="8"/><c r="D9" i="8"/><c r="I36" i="8"/><c r="B35" i="8"/><c r="L35" i="8"/><c r="T36" i="8"/><c r="M35" i="8"/><c r="Q35" i="8"/><c r="L36" i="8"/><c r="E36" i="8"/><c r="H35" i="8"/><c r="F35" i="8"/><c r="I35" i="8"/><c r="K36" i="8"/><c r="J36" i="8"/><c r="J35" i="8"/><c r="U35" i="8"/><c r="T35" i="8"/><c r="G36" i="8"/><c r="C35" i="8"/><c r="C36" i="8"/><c r="K35" i="8"/><c r="S35" i="8"/><c r="G35" i="8"/><c r="F36" i="8"/><c r="D35" i="8"/><c r="R35" i="8"/><c r="E35" i="8"/><c r="O35" i="8"/><c r="P35" i="8"/><c r="D36" i="8"/><c r="R36" i="8"/><c r="N35" i="8"/><c r="A35" i="8"/><c r="S36" i="8"/><c r="U33" i="8"/><c r="Q33" i="8"/><c r="D34" i="8"/><c r="E34" i="8"/><c r="R33" i="8"/><c r="H33" i="8"/><c r="S34" i="8"/><c r="L34" i="8"/><c r="S33" i="8"/><c r="F34" i="8"/><c r="N33" i="8"/><c r="C34" i="8"/><c r="I34" i="8"/><c r="T33" i="8"/><c r="L33" i="8"/><c r="T34" i="8"/><c r="K34" i="8"/><c r="M33" i="8"/><c r="P33" i="8"/><c r="E33" i="8"/><c r="K33" i="8"/><c r="R34" i="8"/><c r="G33" i="8"/><c r="G34" i="8"/><c r="B33" i="8"/><c r="J33" i="8"/><c r="I33" i="8"/><c r="C33" i="8"/><c r="D33" i="8"/><c r="J34" i="8"/><c r="F33" i="8"/><c r="A33" i="8"/><c r="O33" i="8"/><c r="Q17" i="8"/><c r="E18" i="8"/><c r="N17" i="8"/><c r="D18" i="8"/><c r="D17" i="8"/><c r="T18" i="8"/><c r="G17" i="8"/><c r="L18" i="8"/><c r="S18" i="8"/><c r="S17" i="8"/><c r="R17" i="8"/><c r="O17" i="8"/><c r="E17" i="8"/><c r="H17" i="8"/><c r="K18" i="8"/><c r="F18" i="8"/><c r="K17" i="8"/><c r="C17" i="8"/><c r="B17" i="8"/><c r="J17" i="8"/><c r="I18" i="8"/><c r="I17" i="8"/><c r="C18" i="8"/><c r="J18" i="8"/><c r="M17" i="8"/><c r="R18" i="8"/><c r="G18" i="8"/><c r="L17" i="8"/><c r="T17" i="8"/><c r="P17" i="8"/><c r="F17" i="8"/><c r="A17" i="8"/><c r="U17" i="8"/><c r="H3" i="8"/><c r="L3" i="8"/><c r="T4" i="8"/><c r="E3" i="8"/><c r="C4" i="8"/><c r="G4" i="8"/><c r="C3" i="8"/><c r="O3" i="8"/><c r="R3" i="8"/><c r="S4" i="8"/><c r="I4" i="8"/><c r="F3" i="8"/><c r="I3" i="8"/><c r="K4" i="8"/><c r="D4" i="8"/><c r="B3" i="8"/><c r="R4" i="8"/><c r="E4" i="8"/><c r="U3" i="8"/><c r="M3" i="8"/><c r="Q3" i="8"/><c r="J4" i="8"/><c r="N3" i="8"/><c r="G3" i="8"/><c r="T3" i="8"/><c r="D3" i="8"/><c r="F4" i="8"/><c r="P3" i="8"/><c r="S3" i="8"/><c r="J3" i="8"/><c r="L4" i="8"/><c r="A3" i="8"/><c r="K3" i="8"/><c r="G5" i="8"/><c r="S5" i="8"/><c r="P5" i="8"/><c r="I6" i="8"/><c r="N5" i="8"/><c r="K6" i="8"/><c r="J5" i="8"/><c r="E6" i="8"/><c r="R5" i="8"/><c r="F6" i="8"/><c r="K5" i="8"/><c r="L6" i="8"/><c r="E5" i="8"/><c r="S6" i="8"/><c r="O5" i="8"/><c r="Q5" i="8"/><c r="G6" i="8"/><c r="L5" i="8"/><c r="B5" i="8"/><c r="T5" i="8"/><c r="C5" i="8"/><c r="U5" i="8"/><c r="J6" i="8"/><c r="I5" i="8"/><c r="R6" i="8"/><c r="D5" i="8"/><c r="M5" i="8"/><c r="F5" i="8"/><c r="C6" i="8"/><c r="D6" i="8"/><c r="H5" i="8"/><c r="A5" i="8"/><c r="T6" i="8"/><c r="F7" i="8"/><c r="T7" i="8"/><c r="K7" i="8"/><c r="D8" i="8"/><c r="Q7" i="8"/><c r="L8" i="8"/><c r="I8" i="8"/><c r="R8" i="8"/><c r="F8" i="8"/><c r="C8" i="8"/><c r="S7" i="8"/><c r="L7" i="8"/><c r="C7" i="8"/><c r="K8" i="8"/><c r="O7" i="8"/><c r="R7" i="8"/><c r="U7" i="8"/><c r="M7" i="8"/><c r="T8" i="8"/><c r="D7" i="8"/><c r="B7" i="8"/><c r="J7" i="8"/><c r="J8" i="8"/><c r="N7" i="8"/><c r="G8" i="8"/><c r="E7" i="8"/><c r="E8" i="8"/><c r="H7" i="8"/><c r="P7" i="8"/><c r="S8" i="8"/><c r="I7" i="8"/><c r="A7" i="8"/><c r="G7" i="8"/><c r="C14" i="8"/><c r="G13" i="8"/><c r="T14" i="8"/><c r="K13" i="8"/><c r="P13" i="8"/><c r="T13" i="8"/><c r="L13" i="8"/><c r="S14" i="8"/><c r="L14" i="8"/><c r="D13" i="8"/><c r="H13" i="8"/><c r="C13" i="8"/><c r="R13" i="8"/><c r="F13" i="8"/><c r="J14" i="8"/><c r="E14" i="8"/><c r="S13" i="8"/><c r="J13" i="8"/><c r="M13" i="8"/><c r="K14" i="8"/><c r="B13" i="8"/><c r="O13" i="8"/><c r="I14" i="8"/><c r="D14" i="8"/><c r="R14" i="8"/><c r="I13" i="8"/><c r="E13" i="8"/><c r="U13" i="8"/><c r="Q13" i="8"/><c r="G14" i="8"/><c r="F14" i="8"/><c r="A13" i="8"/><c r="N13" i="8"/><c r="R15" i="8"/><c r="I15" i="8"/><c r="L16" i="8"/><c r="D16" i="8"/><c r="K15" i="8"/><c r="S16" i="8"/><c r="B15" i="8"/><c r="R16" i="8"/><c r="N15" i="8"/><c r="F15" i="8"/><c r="H15" i="8"/><c r="G15" i="8"/><c r="T16" i="8"/><c r="E15" i="8"/><c r="D15" i="8"/><c r="Q15" i="8"/><c r="L15" i="8"/><c r="T15" i="8"/><c r="P15" i="8"/><c r="J15" i="8"/><c r="O15" i="8"/><c r="F16" i="8"/><c r="E16" i="8"/><c r="U15" i="8"/><c r="J16" i="8"/><c r="G16" i="8"/><c r="C16" i="8"/><c r="S15" i="8"/><c r="I16" i="8"/><c r="M15" i="8"/><c r="K16" i="8"/><c r="A15" i="8"/><c r="C15" i="8"/><c r="B19" i="8"/><c r="E19" i="8"/><c r="I19" i="8"/><c r="R20" i="8"/><c r="T19" i="8"/><c r="K20" i="8"/><c r="F20" i="8"/><c r="T20" i="8"/><c r="M19" i="8"/><c r="L19" i="8"/><c r="N19" i="8"/><c r="P19" i="8"/><c r="J19" i="8"/><c r="Q19" i="8"/><c r="C19" i="8"/><c r="G19" i="8"/><c r="S19" i="8"/><c r="E20" i="8"/><c r="L20" i="8"/><c r="S20" i="8"/><c r="H19" i="8"/><c r="J20" i="8"/><c r="D19" i="8"/><c r="R19" i="8"/><c r="U19" i="8"/><c r="D20" i="8"/><c r="C20" i="8"/><c r="G20" i="8"/><c r="F19" i="8"/><c r="I20" i="8"/><c r="K19" i="8"/><c r="A19" i="8"/><c r="O19" i="8"/><c r="E22" i="8"/><c r="I22" i="8"/><c r="D21" i="8"/><c r="J22" i="8"/><c r="C22" i="8"/><c r="I21" i="8"/><c r="D22" i="8"/><c r="G22" i="8"/><c r="O21" i="8"/><c r="G21" i="8"/><c r="S22" i="8"/><c r="U21" i="8"/><c r="E21" i="8"/><c r="H21" i="8"/><c r="R21" i="8"/><c r="C21" i="8"/><c r="M21" i="8"/><c r="F21" i="8"/><c r="L22" i="8"/><c r="S21" i="8"/><c r="N21" i="8"/><c r="T22" i="8"/><c r="P21" i="8"/><c r="T21" i="8"/><c r="K22" i="8"/><c r="L21" i="8"/><c r="R22" i="8"/><c r="Q21" i="8"/><c r="K21" i="8"/><c r="B21" i="8"/><c r="F22" i="8"/><c r="A21" i="8"/><c r="J21" i="8"/><c r="G24" i="8"/><c r="C23" i="8"/><c r="F24" i="8"/><c r="D24" i="8"/><c r="L24" i="8"/><c r="K23" i="8"/><c r="J23" i="8"/><c r="U23" i="8"/><c r="I24" i="8"/><c r="Q23" i="8"/><c r="O23" i="8"/><c r="J24" i="8"/><c r="S23" i="8"/><c r="P23" i="8"/><c r="E23" i="8"/><c r="H23" i="8"/><c r="M23" i="8"/><c r="R24" i="8"/><c r="I23" i="8"/><c r="N23" i="8"/><c r="T23" i="8"/><c r="E24" i="8"/><c r="G23" i="8"/><c r="D23" i="8"/><c r="B23" i="8"/><c r="K24" i="8"/><c r="C24" i="8"/><c r="R23" i="8"/><c r="S24" i="8"/><c r="F23" i="8"/><c r="L23" i="8"/><c r="A23" i="8"/><c r="T24" i="8"/><c r="I25" i="8"/><c r="I26" i="8"/><c r="F25" i="8"/><c r="K25" i="8"/><c r="S25" i="8"/><c r="L25" i="8"/><c r="S26" i="8"/><c r="H25" i="8"/><c r="R26" i="8"/><c r="N25" i="8"/><c r="L26" i="8"/><c r="T26" i="8"/><c r="J25" i="8"/><c r="B25" i="8"/><c r="G25" i="8"/><c r="C25" i="8"/><c r="C26" i="8"/><c r="E25" i="8"/><c r="R25" i="8"/><c r="Q25" i="8"/><c r="D26" i="8"/><c r="M25" i="8"/><c r="K26" i="8"/><c r="P25" i="8"/><c r="O25" i="8"/><c r="F26" i="8"/><c r="G26" i="8"/><c r="E26" i="8"/><c r="D25" i="8"/><c r="J26" i="8"/><c r="U25" i="8"/><c r="A25" i="8"/><c r="T25" i="8"/><c r="O27" i="8"/><c r="S27" i="8"/><c r="C28" i="8"/><c r="I27" i="8"/><c r="M27" i="8"/><c r="K28" i="8"/><c r="J28" i="8"/><c r="N27" i="8"/><c r="R27" i="8"/><c r="G28" i="8"/><c r="S28" i="8"/><c r="C27" i="8"/><c r="R28" i="8"/><c r="F28" i="8"/><c r="U27" i="8"/><c r="G27" i="8"/><c r="E27" i="8"/><c r="P27" i="8"/><c r="B27" i="8"/><c r="T28" i="8"/><c r="K27" i="8"/><c r="L28" i="8"/><c r="I28" i="8"/><c r="Q27" i="8"/><c r="F27" i="8"/><c r="D27" i="8"/><c r="D28" i="8"/><c r="L27" i="8"/><c r="E28" i="8"/><c r="H27" i="8"/><c r="T27" i="8"/><c r="A27" i="8"/><c r="J27" i="8"/><c r="G29" i="8"/><c r="K29" i="8"/><c r="E29" i="8"/><c r="K30" i="8"/><c r="D30" i="8"/><c r="I30" i="8"/><c r="B29" i="8"/><c r="T30" i="8"/><c r="J29" i="8"/><c r="D29" i="8"/><c r="C29" i="8"/><c r="P29" i="8"/><c r="T29" i="8"/><c r="F30" i="8"/><c r="G30" i="8"/><c r="N29" i="8"/><c r="R29" i="8"/><c r="R30" i="8"/><c r="L29" i="8"/><c r="Q29" i="8"/><c r="S30" i="8"/><c r="J30" i="8"/><c r="E30" i="8"/><c r="M29" i="8"/><c r="F29" i="8"/><c r="U29" i="8"/><c r="S29" i="8"/><c r="C30" i="8"/><c r="O29" i="8"/><c r="H29" i="8"/><c r="I29" i="8"/><c r="L30" i="8"/><c r="A29" i="8"/><c r="G32" i="8"/><c r="K32" i="8"/><c r="F32" i="8"/><c r="R32" i="8"/><c r="K31" i="8"/><c r="E31" i="8"/><c r="I31" i="8"/><c r="L31" i="8"/><c r="T32" i="8"/><c r="B31" i="8"/><c r="G31" i="8"/><c r="Q31" i="8"/><c r="D32" i="8"/><c r="C32" i="8"/><c r="O31" i="8"/><c r="D31" i="8"/><c r="T31" i="8"/><c r="F31" i="8"/><c r="M31" i="8"/><c r="C31" i="8"/><c r="U31" i="8"/><c r="E32" i="8"/><c r="J31" i="8"/><c r="R31" i="8"/><c r="H31" i="8"/><c r="P31" i="8"/><c r="N31" i="8"/><c r="J32" i="8"/><c r="S32" i="8"/><c r="L32" i="8"/><c r="S31" i="8"/><c r="A31" i="8"/><c r="I32" i="8"/><c r="L37" i="8"/><c r="K38" i="8"/><c r="T37" i="8"/><c r="J37" i="8"/><c r="I38" i="8"/><c r="S37" i="8"/><c r="R38" i="8"/><c r="E38" i="8"/><c r="R37" i="8"/><c r="G37" i="8"/><c r="Q37" i="8"/><c r="S38" i="8"/><c r="C38" i="8"/><c r="L38" i="8"/><c r="J38" i="8"/><c r="N37" i="8"/><c r="B37" i="8"/><c r="C37" i="8"/><c r="K37" i="8"/><c r="D38" i="8"/><c r="P37" i="8"/><c r="U37" i="8"/><c r="G38" i="8"/><c r="D37" i="8"/><c r="I37" i="8"/><c r="F37" i="8"/><c r="E37" i="8"/><c r="M37" i="8"/><c r="H37" i="8"/><c r="O37" i="8"/><c r="F38" i="8"/><c r="A37" i="8"/><c r="T38" i="8"/><c r="F40" i="8"/><c r="I39" i="8"/><c r="G40" i="8"/><c r="C39" i="8"/><c r="Q39" i="8"/><c r="L39" i="8"/><c r="C40" i="8"/><c r="S39" i="8"/><c r="T40" i="8"/><c r="U39" i="8"/><c r="F39" i="8"/><c r="I40" i="8"/><c r="O39" i="8"/><c r="K40" i="8"/><c r="E40" i="8"/><c r="M39" i="8"/><c r="T39" i="8"/><c r="K39" i="8"/><c r="D39" i="8"/><c r="L40" i="8"/><c r="J39" i="8"/><c r="B39" i="8"/><c r="P39" i="8"/><c r="D40" i="8"/><c r="R39" i="8"/><c r="R40" i="8"/><c r="G39" i="8"/><c r="S40" i="8"/><c r="N39" i="8"/><c r="E39" i="8"/><c r="H39" i="8"/><c r="J40" i="8"/><c r="A39" i="8"/><c r="B41" i="8"/><c r="P41" i="8"/><c r="I41" i="8"/><c r="K42" i="8"/><c r="R42" i="8"/><c r="E41" i="8"/><c r="S41" i="8"/><c r="T42" i="8"/><c r="F42" i="8"/><c r="H41" i="8"/><c r="M41" i="8"/><c r="J41" i="8"/><c r="K41" i="8"/><c r="S42" i="8"/><c r="D42" i="8"/><c r="L41" i="8"/><c r="N41" i="8"/><c r="Q41" i="8"/><c r="D41" i="8"/><c r="J42" i="8"/><c r="U41" i="8"/><c r="I42" i="8"/><c r="C41" i="8"/><c r="T41" i="8"/><c r="O41" i="8"/><c r="E42" i="8"/><c r="F41" i="8"/><c r="C42" i="8"/><c r="L42" i="8"/><c r="G42" i="8"/><c r="R41" i="8"/><c r="A41" i="8"/><c r="G41" i="8"/><c r="Q43" i="8"/><c r="K43" i="8"/><c r="P43" i="8"/><c r="R43" i="8"/><c r="T44" i="8"/><c r="L44" i="8"/><c r="B43" i="8"/><c r="S44" i="8"/><c r="F44" i="8"/><c r="I44" i="8"/><c r="D44" i="8"/><c r="T43" i="8"/><c r="E43" i="8"/><c r="C43" i="8"/><c r="D43" i="8"/><c r="G43" i="8"/><c r="I43" i="8"/><c r="U43" i="8"/><c r="J43" i="8"/><c r="R44" i="8"/><c r="G44" i="8"/><c r="O43" i="8"/><c r="M43" i="8"/><c r="S43" i="8"/><c r="C44" i="8"/><c r="L43" i="8"/><c r="E44" i="8"/><c r="K44" i="8"/><c r="H43" i="8"/><c r="F43" i="8"/><c r="N43" i="8"/><c r="A43" i="8"/><c r="J44" i="8"/><c r="I45" i="8"/><c r="M45" i="8"/><c r="J45" i="8"/><c r="F45" i="8"/><c r="G45" i="8"/><c r="N45" i="8"/><c r="S45" i="8"/><c r="R46" i="8"/><c r="F46" i="8"/><c r="C46" i="8"/><c r="D46" i="8"/><c r="P45" i="8"/><c r="K45" i="8"/><c r="J46" i="8"/><c r="E45" i="8"/><c r="S46" i="8"/><c r="L45" i="8"/><c r="Q45" i="8"/><c r="R45" i="8"/><c r="C45" i="8"/><c r="K46" i="8"/><c r="L46" i="8"/><c r="I46" i="8"/><c r="B45" i="8"/><c r="G46" i="8"/><c r="U45" i="8"/><c r="T46" i="8"/><c r="D45" i="8"/><c r="T45" i="8"/><c r="O45" i="8"/><c r="H45" i="8"/><c r="A45" i="8"/><c r="E46" i="8"/><c r="T48" i="8"/><c r="J47" i="8"/><c r="N47" i="8"/><c r="F48" i="8"/><c r="S48" i="8"/><c r="Q47" i="8"/><c r="J48" i="8"/><c r="R47" i="8"/><c r="H47" i="8"/><c r="G48" i="8"/><c r="I48" i="8"/><c r="O47" i="8"/><c r="C47" i="8"/><c r="L48" i="8"/><c r="B47" i="8"/><c r="G47" i="8"/><c r="D47" i="8"/><c r="L47" i="8"/><c r="F47" i="8"/><c r="R48" i="8"/><c r="D48" i="8"/><c r="K47" i="8"/><c r="E48" i="8"/><c r="I47" i="8"/><c r="T47" i="8"/><c r="M47" i="8"/><c r="K48" i="8"/><c r="E47" i="8"/><c r="C48" i="8"/><c r="U47" i="8"/><c r="S47" i="8"/><c r="P47" i="8"/><c r="A47" i="8"/><c r="C49" i="8"/><c r="T49" i="8"/><c r="I50" i="8"/><c r="L50" i="8"/><c r="I49" i="8"/><c r="D49" i="8"/><c r="Q49" i="8"/><c r="E50" i="8"/><c r="G49" i="8"/><c r="N49" i="8"/><c r="G50" i="8"/><c r="K49" i="8"/><c r="H49" i="8"/><c r="M49" i="8"/><c r="S49" i="8"/><c r="J50" i="8"/><c r="F50" i="8"/><c r="K50" i="8"/><c r="P49" i="8"/><c r="J49" i="8"/><c r="C50" i="8"/><c r="T50" i="8"/><c r="D50" i="8"/><c r="B49" i="8"/><c r="R49" i="8"/><c r="S50" i="8"/><c r="L49" i="8"/><c r="O49" i="8"/><c r="U49" i="8"/><c r="E49" i="8"/><c r="F49" i="8"/><c r="A49" i="8"/><c r="R50" i="8"/><c r="K51" i="8"/><c r="J52" i="8"/><c r="R52" i="8"/><c r="E51" i="8"/><c r="F51" i="8"/><c r="G51" i="8"/><c r="M51" i="8"/><c r="N51" i="8"/><c r="C52" i="8"/><c r="R51" i="8"/><c r="L51" i="8"/><c r="B51" i="8"/><c r="J51" i="8"/><c r="D51" i="8"/><c r="O51" i="8"/><c r="T51" i="8"/><c r="K52" i="8"/><c r="I51" i="8"/><c r="S52" i="8"/><c r="G52" i="8"/><c r="P51" i="8"/><c r="H51" i="8"/><c r="C51" i="8"/><c r="L52" i="8"/><c r="Q51" i="8"/><c r="U51" i="8"/><c r="F52" i="8"/><c r="D52" i="8"/><c r="T52" i="8"/><c r="S51" i="8"/><c r="I52" i="8"/><c r="A51" i="8"/><c r="E52" i="8"/></calcChain>