<?xml version="1.0" encoding="UTF-8" standalone="yes"?>
<workbook xmlns="http://schemas.openxmlformats.org/spreadsheetml/2006/main" xmlns:r="http://schemas.openxmlformats.org/officeDocument/2006/relationships" xmlns:mc="http://schemas.openxmlformats.org/markup-compatibility/2006" mc:Ignorable="x15" xmlns:x15="http://schemas.microsoft.com/office/spreadsheetml/2010/11/main"><fileVersion appName="xl" lastEdited="6" lowestEdited="4" rupBuild="14420" codeName="{51196F13-6AD0-C1B8-E2B4-A1F9AE17003E}"/><workbookPr codeName="ThisWorkbook" defaultThemeVersion="124226"/><mc:AlternateContent xmlns:mc="http://schemas.openxmlformats.org/markup-compatibility/2006"><mc:Choice Requires="x15"><x15ac:absPath url="D:\Sudipta Dalal\Option Chain\" xmlns:x15ac="http://schemas.microsoft.com/office/spreadsheetml/2010/11/ac"/></mc:Choice></mc:AlternateContent><bookViews><workbookView xWindow="0" yWindow="0" windowWidth="16815" windowHeight="7620"/></bookViews><sheets><sheet name="MAIN" sheetId="1" r:id="rId1"/><sheet name="Sheet51" sheetId="2" state="hidden" r:id="rId2"/><sheet name="Data" sheetId="3" state="hidden" r:id="rId3"/><sheet name="Pivot" sheetId="4" state="hidden" r:id="rId4"/><sheet name="CHGOI" sheetId="5" r:id="rId5"/><sheet name="OI" sheetId="6" r:id="rId6"/><sheet name="Price" sheetId="7" r:id="rId7"/><sheet name="Option Trend Table" sheetId="9" r:id="rId8"/><sheet name="Auto" sheetId="8" state="hidden" r:id="rId9"/></sheets><functionGroups builtInGroupCount="18"/><externalReferences><externalReference r:id="rId10"/><externalReference r:id="rId11"/></externalReferences><definedNames><definedName name="_Table1_Out" hidden="1">[1]mape!#REF!</definedName><definedName name="anscount" hidden="1">1</definedName><definedName name="CP">[2]OAT!$F$13</definedName><definedName name="EMAP1">[2]ANALYZESTOCK!$AH$2</definedName><definedName name="EMAP2">[2]ANALYZESTOCK!$AI$2</definedName><definedName name="EMAP3">[2]ANALYZESTOCK!$AJ$2</definedName><definedName name="Exchange">[2]OAT!$C$2</definedName><definedName name="Exchanges">[2]Indices!$B$3:$B$20</definedName><definedName name="Exchanges_ET">[2]Indices!$D$3:$D$20</definedName><definedName name="Exchanges_ST">[2]Indices!$C$3:$C$20</definedName><definedName name="EXPIRY_DATES">Data!$D$2:$D$4</definedName><definedName name="EXPIRYDATE">MAIN!$E$16</definedName><definedName name="fomwatchsymbol.jsp?key_NIFTY_Fut_Opt_Futures" localSheetId="2">Data!$AH$1:$AT$8</definedName><definedName name="IntervalInSeconds">[2]FData!$F$1</definedName><definedName name="IPP">[2]OAT!$E$19</definedName><definedName name="LAST_PIVOT">[2]ANALYZESTOCK!$AZ$17</definedName><definedName name="MAXPAIN">[2]SOData!$BI$24</definedName><definedName name="NEXT3MONTHSEXPIRY">[2]SOData!$AP$20:$AP$22</definedName><definedName name="OAT_CODE">[2]OAT!$C$4</definedName><definedName name="optionKeys.jsp?symbolCode__10007_symbol_NIFTY_symbol_NIFTY_instrument___date___segmentLink_17_symbolCount_2_segmentLink_17" localSheetId="2">Data!$A$11:$W$100</definedName><definedName name="PIVOTTF">[2]OAT!$M$80</definedName><definedName name="POS1_BuySell">[2]TradeAnalyser!$K$1</definedName><definedName name="POS1_Credit">[2]TradeAnalyser!$B$12</definedName><definedName name="POS1_QTY">[2]TradeAnalyser!$B$11</definedName><definedName name="POS1_Type">[2]TradeAnalyser!$K$2</definedName><definedName name="POS2_BuySell">[2]TradeAnalyser!$N$1</definedName><definedName name="POS2_Credit">[2]TradeAnalyser!$E$12</definedName><definedName name="POS2_QTY">[2]TradeAnalyser!$E$11</definedName><definedName name="POS2_Type">[2]TradeAnalyser!$N$2</definedName><definedName name="POSPERCENT">[2]SOData!$AF$67</definedName><definedName name="PPP">[2]OAT!$H$19</definedName><definedName name="REFRESH_STATUS">MAIN!$E$17</definedName><definedName name="REFRESH_TIME">MAIN!$E$15</definedName><definedName name="Stock">#REF!</definedName><definedName name="STOCK_OPT_RANGE">[2]SOData!$K$1</definedName><definedName name="STOCK_OPT_RANGE2">Sheet51!#REF!</definedName><definedName name="STOCK_SYMBOL">MAIN!$E$14</definedName><definedName name="StrikePrice">[2]SOData!$L$15:$L$100</definedName><definedName name="TA_Increment">[2]TradeAnalyser!$H$3</definedName><definedName name="TA_StartPrice">[2]TradeAnalyser!$H$2</definedName><definedName name="TIMEFRAME">[2]OAT!$M$79</definedName><definedName name="TIMEZONE_OFFSET">[2]FData!$B$1</definedName></definedNames><calcPr calcId="162913"/><customWorkbookViews><customWorkbookView name="Muthusathyasudhan - Personal View" guid="{D12DFD61-4B7F-43F1-B07E-A848E00A354C}" mergeInterval="0" personalView="1" maximized="1" xWindow="1" yWindow="1" windowWidth="1280" windowHeight="570" activeSheetId="5"/></customWorkbookViews></workbook>