<?xml version="1.0" encoding="UTF-8" standalone="yes"?>
<worksheet xmlns="http://schemas.openxmlformats.org/spreadsheetml/2006/main" xmlns:r="http://schemas.openxmlformats.org/officeDocument/2006/relationships" xmlns:mc="http://schemas.openxmlformats.org/markup-compatibility/2006" mc:Ignorable="x14ac" xmlns:x14ac="http://schemas.microsoft.com/office/spreadsheetml/2009/9/ac"><sheetPr codeName="Sheet5"/><dimension ref="A1:S26"/><sheetViews><sheetView workbookViewId="0"><selection activeCell="B13" sqref="B13"/></sheetView></sheetViews><sheetFormatPr defaultRowHeight="15" x14ac:dyDescent="0.25"/><cols><col min="1" max="1" width="12.140625" customWidth="1"/><col min="2" max="2" width="9.140625" customWidth="1"/><col min="3" max="3" width="12.140625" customWidth="1"/><col min="6" max="6" width="3.7109375" customWidth="1"/><col min="7" max="7" width="6.140625" customWidth="1"/><col min="9" max="9" width="14.85546875" customWidth="1"/><col min="12" max="12" width="15.7109375" customWidth="1"/><col min="14" max="14" width="7.28515625" customWidth="1"/><col min="15" max="15" width="10.28515625" customWidth="1"/><col min="16" max="16" width="14.42578125" customWidth="1"/><col min="17" max="17" width="7.85546875" customWidth="1"/></cols><sheetData><row r="1" spans="1:19" ht="24" thickBot="1" x14ac:dyDescent="0.4"><c r="A1" s="491" t="s"><v>8</v></c><c r="B1" s="491"/><c r="C1" s="491"/><c r="D1" s="229"/><c r="E1" s="229"/><c r="F1" s="229"/><c r="G1" s="80" t="s"><v>84</v></c><c r="H1" s="78"><f ca="1">MAIN!L5</f><v>800</v></c><c r="I1" s="251"><f ca="1">MAIN!N5</f><v>762000</v></c><c r="J1" s="495" t="s"><v>100</v></c><c r="K1" s="495"/><c r="L1" s="495"/><c r="M1" s="79"/><c r="N1" s="233" t="s"><v>86</v></c><c r="O1" s="233"><f ca="1">MAIN!L6</f><v>700</v></c><c r="P1" s="252"><f ca="1">MAIN!N6</f><v>486000</v></c><c r="Q1" s="228"/><c r="R1" s="488" t="str"><f ca="1">MAIN!N7</f><v>SELL</v></c><c r="S1" s="228"/></row><row r="2" spans="1:19" ht="16.5" customHeight="1" thickBot="1" x14ac:dyDescent="0.3"><c r="A2" s="85" t="s"><v>32</v></c><c r="B2" s="85" t="s"><v>49</v></c><c r="C2" s="85" t="s"><v>33</v></c><c r="D2" s="229" t="s"><v>23</v></c><c r="E2" s="236"><f>MAIN!B2</f><v>721</v></c><c r="F2" s="228"/><c r="G2" s="499" t="str"><f>MAIN!D1</f><v xml:space="preserve">Underlying Stock: INFY 721.00  As on Oct 09, 2018 15:30:30 IST </v></c><c r="H2" s="500"/><c r="I2" s="500"/><c r="J2" s="500"/><c r="K2" s="500"/><c r="L2" s="500"/><c r="M2" s="500"/><c r="N2" s="500"/><c r="O2" s="500"/><c r="P2" s="229" t="s"><v>98</v></c><c r="Q2" s="253"><f ca="1">MAIN!S2</f><v>720</v></c><c r="R2" s="488"/><c r="S2" s="228"/></row><row r="3" spans="1:19" ht="16.5" thickBot="1" x14ac:dyDescent="0.3"><c r="A3" s="237"><f ca="1">Sheet51!B150</f><v>578400</v></c><c r="B3" s="182"><f>Sheet51!E150</f><v>820</v></c><c r="C3" s="237"><f ca="1">Sheet51!F150</f><v>4800</v></c><c r="D3" s="228"/><c r="E3" s="228"/><c r="F3" s="228"/><c r="G3" s="228"/><c r="H3" s="228"/><c r="I3" s="228"/><c r="J3" s="228"/><c r="K3" s="228"/><c r="L3" s="228"/><c r="M3" s="228"/><c r="N3" s="228"/><c r="O3" s="228"/><c r="P3" s="228"/><c r="Q3" s="228"/><c r="R3" s="228"/><c r="S3" s="228"/></row><row r="4" spans="1:19" ht="16.5" thickBot="1" x14ac:dyDescent="0.3"><c r="A4" s="237"><f ca="1">Sheet51!B151</f><v>13200</v></c><c r="B4" s="182"><f>Sheet51!E151</f><v>810</v></c><c r="C4" s="237"><f ca="1">Sheet51!F151</f><v>0</v></c><c r="D4" s="228"/><c r="E4" s="228"/><c r="F4" s="228"/><c r="G4" s="228"/><c r="H4" s="228"/><c r="I4" s="228"/><c r="J4" s="228"/><c r="K4" s="228"/><c r="L4" s="228"/><c r="M4" s="228"/><c r="N4" s="228"/><c r="O4" s="228"/><c r="P4" s="228"/><c r="Q4" s="228"/><c r="R4" s="228"/><c r="S4" s="228"/></row><row r="5" spans="1:19" ht="16.5" thickBot="1" x14ac:dyDescent="0.3"><c r="A5" s="237"><f ca="1">Sheet51!B152</f><v>762000</v></c><c r="B5" s="182"><f>Sheet51!E152</f><v>800</v></c><c r="C5" s="237"><f ca="1">Sheet51!F152</f><v>8400</v></c><c r="D5" s="228"/><c r="E5" s="228"/><c r="F5" s="228"/><c r="G5" s="228"/><c r="H5" s="228"/><c r="I5" s="228"/><c r="J5" s="228"/><c r="K5" s="228"/><c r="L5" s="228"/><c r="M5" s="228"/><c r="N5" s="228"/><c r="O5" s="228"/><c r="P5" s="228"/><c r="Q5" s="228"/><c r="R5" s="228"/><c r="S5" s="228"/></row><row r="6" spans="1:19" ht="16.5" thickBot="1" x14ac:dyDescent="0.3"><c r="A6" s="237"><f ca="1">Sheet51!B153</f><v>43200</v></c><c r="B6" s="182"><f>Sheet51!E153</f><v>790</v></c><c r="C6" s="237"><f ca="1">Sheet51!F153</f><v>2400</v></c><c r="D6" s="228"/><c r="E6" s="228"/><c r="F6" s="228"/><c r="G6" s="228"/><c r="H6" s="228"/><c r="I6" s="228"/><c r="J6" s="228"/><c r="K6" s="228"/><c r="L6" s="228"/><c r="M6" s="228"/><c r="N6" s="228"/><c r="O6" s="228"/><c r="P6" s="228"/><c r="Q6" s="228"/><c r="R6" s="228"/><c r="S6" s="228"/></row><row r="7" spans="1:19" ht="16.5" thickBot="1" x14ac:dyDescent="0.3"><c r="A7" s="237"><f ca="1">Sheet51!B154</f><v>326400</v></c><c r="B7" s="182"><f>Sheet51!E154</f><v>780</v></c><c r="C7" s="237"><f ca="1">Sheet51!F154</f><v>2400</v></c><c r="D7" s="228"/><c r="E7" s="228"/><c r="F7" s="228"/><c r="G7" s="228"/><c r="H7" s="228"/><c r="I7" s="228"/><c r="J7" s="228"/><c r="K7" s="228"/><c r="L7" s="228"/><c r="M7" s="228"/><c r="N7" s="228"/><c r="O7" s="228"/><c r="P7" s="228"/><c r="Q7" s="228"/><c r="R7" s="228"/><c r="S7" s="228"/></row><row r="8" spans="1:19" ht="16.5" thickBot="1" x14ac:dyDescent="0.3"><c r="A8" s="237"><f ca="1">Sheet51!B155</f><v>273600</v></c><c r="B8" s="182"><f>Sheet51!E155</f><v>770</v></c><c r="C8" s="237"><f ca="1">Sheet51!F155</f><v>7200</v></c><c r="D8" s="228"/><c r="E8" s="228"/><c r="F8" s="228"/><c r="G8" s="228"/><c r="H8" s="228"/><c r="I8" s="228"/><c r="J8" s="228"/><c r="K8" s="228"/><c r="L8" s="228"/><c r="M8" s="228"/><c r="N8" s="228"/><c r="O8" s="228"/><c r="P8" s="228"/><c r="Q8" s="228"/><c r="R8" s="228"/><c r="S8" s="228"/></row><row r="9" spans="1:19" ht="16.5" thickBot="1" x14ac:dyDescent="0.3"><c r="A9" s="237"><f ca="1">Sheet51!B156</f><v>315600</v></c><c r="B9" s="182"><f>Sheet51!E156</f><v>760</v></c><c r="C9" s="237"><f ca="1">Sheet51!F156</f><v>19200</v></c><c r="D9" s="228"/><c r="E9" s="228"/><c r="F9" s="228"/><c r="G9" s="228"/><c r="H9" s="228"/><c r="I9" s="228"/><c r="J9" s="228"/><c r="K9" s="228"/><c r="L9" s="228"/><c r="M9" s="228"/><c r="N9" s="228"/><c r="O9" s="228"/><c r="P9" s="228"/><c r="Q9" s="228"/><c r="R9" s="228"/><c r="S9" s="228"/></row><row r="10" spans="1:19" ht="16.5" thickBot="1" x14ac:dyDescent="0.3"><c r="A10" s="239"><f ca="1">Sheet51!B157</f><v>583200</v></c><c r="B10" s="183"><f>Sheet51!E157</f><v>750</v></c><c r="C10" s="240"><f ca="1">Sheet51!F157</f><v>42000</v></c><c r="D10" s="228"/><c r="E10" s="228"/><c r="F10" s="228"/><c r="G10" s="228"/><c r="H10" s="228"/><c r="I10" s="228"/><c r="J10" s="228"/><c r="K10" s="228"/><c r="L10" s="228"/><c r="M10" s="228"/><c r="N10" s="228"/><c r="O10" s="228"/><c r="P10" s="228"/><c r="Q10" s="228"/><c r="R10" s="228"/><c r="S10" s="228"/></row><row r="11" spans="1:19" ht="16.5" thickBot="1" x14ac:dyDescent="0.3"><c r="A11" s="239"><f ca="1">Sheet51!B158</f><v>453600</v></c><c r="B11" s="183"><f>Sheet51!E158</f><v>740</v></c><c r="C11" s="240"><f ca="1">Sheet51!F158</f><v>238800</v></c><c r="D11" s="228"/><c r="E11" s="228"/><c r="F11" s="228"/><c r="G11" s="228"/><c r="H11" s="228"/><c r="I11" s="228"/><c r="J11" s="228"/><c r="K11" s="228"/><c r="L11" s="228"/><c r="M11" s="228"/><c r="N11" s="228"/><c r="O11" s="228"/><c r="P11" s="228"/><c r="Q11" s="228"/><c r="R11" s="228"/><c r="S11" s="228"/></row><row r="12" spans="1:19" ht="16.5" thickBot="1" x14ac:dyDescent="0.3"><c r="A12" s="239"><f ca="1">Sheet51!B159</f><v>250800</v></c><c r="B12" s="183"><f>Sheet51!E159</f><v>730</v></c><c r="C12" s="240"><f ca="1">Sheet51!F159</f><v>96000</v></c><c r="D12" s="228"/><c r="E12" s="228"/><c r="F12" s="228"/><c r="G12" s="228"/><c r="H12" s="228"/><c r="I12" s="228"/><c r="J12" s="228"/><c r="K12" s="228"/><c r="L12" s="228"/><c r="M12" s="228"/><c r="N12" s="228"/><c r="O12" s="228"/><c r="P12" s="228"/><c r="Q12" s="228"/><c r="R12" s="228"/><c r="S12" s="228"/></row><row r="13" spans="1:19" ht="16.5" thickBot="1" x14ac:dyDescent="0.3"><c r="A13" s="76"><f ca="1">Sheet51!B160</f><v>420000</v></c><c r="B13" s="77"><f>Sheet51!E160</f><v>720</v></c><c r="C13" s="76"><f ca="1">Sheet51!F160</f><v>166800</v></c><c r="D13" s="228"/><c r="E13" s="228"/><c r="F13" s="228"/><c r="G13" s="228"/><c r="H13" s="228"/><c r="I13" s="228"/><c r="J13" s="228"/><c r="K13" s="228"/><c r="L13" s="228"/><c r="M13" s="228"/><c r="N13" s="228"/><c r="O13" s="228"/><c r="P13" s="228"/><c r="Q13" s="228"/><c r="R13" s="228"/><c r="S13" s="228"/></row><row r="14" spans="1:19" ht="16.5" thickBot="1" x14ac:dyDescent="0.3"><c r="A14" s="240"><f ca="1">Sheet51!B161</f><v>279600</v></c><c r="B14" s="183"><f>Sheet51!E161</f><v>710</v></c><c r="C14" s="239"><f ca="1">Sheet51!F161</f><v>175200</v></c><c r="D14" s="228"/><c r="E14" s="228"/><c r="F14" s="228"/><c r="G14" s="228"/><c r="H14" s="228"/><c r="I14" s="228"/><c r="J14" s="228"/><c r="K14" s="228"/><c r="L14" s="228"/><c r="M14" s="228"/><c r="N14" s="228"/><c r="O14" s="228"/><c r="P14" s="228"/><c r="Q14" s="228"/><c r="R14" s="228"/><c r="S14" s="228"/></row><row r="15" spans="1:19" ht="16.5" thickBot="1" x14ac:dyDescent="0.3"><c r="A15" s="240"><f ca="1">Sheet51!B162</f><v>162000</v></c><c r="B15" s="183"><f>Sheet51!E162</f><v>700</v></c><c r="C15" s="239"><f ca="1">Sheet51!F162</f><v>486000</v></c><c r="D15" s="228"/><c r="E15" s="228"/><c r="F15" s="228"/><c r="G15" s="228"/><c r="H15" s="228"/><c r="I15" s="228"/><c r="J15" s="228"/><c r="K15" s="228"/><c r="L15" s="228"/><c r="M15" s="228"/><c r="N15" s="228"/><c r="O15" s="228"/><c r="P15" s="228"/><c r="Q15" s="228"/><c r="R15" s="228"/><c r="S15" s="228"/></row><row r="16" spans="1:19" ht="16.5" thickBot="1" x14ac:dyDescent="0.3"><c r="A16" s="240"><f ca="1">Sheet51!B163</f><v>2400</v></c><c r="B16" s="183"><f>Sheet51!E163</f><v>690</v></c><c r="C16" s="239"><f ca="1">Sheet51!F163</f><v>171600</v></c><c r="D16" s="228"/><c r="E16" s="228"/><c r="F16" s="228"/><c r="G16" s="228"/><c r="H16" s="228"/><c r="I16" s="228"/><c r="J16" s="228"/><c r="K16" s="228"/><c r="L16" s="228"/><c r="M16" s="228"/><c r="N16" s="228"/><c r="O16" s="228"/><c r="P16" s="228"/><c r="Q16" s="228"/><c r="R16" s="228"/><c r="S16" s="228"/></row><row r="17" spans="1:19" ht="16.5" thickBot="1" x14ac:dyDescent="0.3"><c r="A17" s="237"><f ca="1">Sheet51!B164</f><v>8400</v></c><c r="B17" s="182"><f>Sheet51!E164</f><v>680</v></c><c r="C17" s="237"><f ca="1">Sheet51!F164</f><v>309600</v></c><c r="D17" s="228"/><c r="E17" s="228"/><c r="F17" s="228"/><c r="G17" s="228"/><c r="H17" s="228"/><c r="I17" s="228"/><c r="J17" s="228"/><c r="K17" s="228"/><c r="L17" s="228"/><c r="M17" s="228"/><c r="N17" s="228"/><c r="O17" s="228"/><c r="P17" s="228"/><c r="Q17" s="228"/><c r="R17" s="228"/><c r="S17" s="228"/></row><row r="18" spans="1:19" ht="16.5" thickBot="1" x14ac:dyDescent="0.3"><c r="A18" s="237"><f ca="1">Sheet51!B165</f><v>2400</v></c><c r="B18" s="182"><f>Sheet51!E165</f><v>670</v></c><c r="C18" s="237"><f ca="1">Sheet51!F165</f><v>157200</v></c><c r="D18" s="228"/><c r="E18" s="228"/><c r="F18" s="228"/><c r="G18" s="228"/><c r="H18" s="228"/><c r="I18" s="228"/><c r="J18" s="228"/><c r="K18" s="228"/><c r="L18" s="228"/><c r="M18" s="228"/><c r="N18" s="228"/><c r="O18" s="228"/><c r="P18" s="228"/><c r="Q18" s="228"/><c r="R18" s="228"/><c r="S18" s="228"/></row><row r="19" spans="1:19" ht="16.5" thickBot="1" x14ac:dyDescent="0.3"><c r="A19" s="237"><f ca="1">Sheet51!B166</f><v>13200</v></c><c r="B19" s="182"><f>Sheet51!E166</f><v>660</v></c><c r="C19" s="237"><f ca="1">Sheet51!F166</f><v>163200</v></c><c r="D19" s="228"/><c r="E19" s="228"/><c r="F19" s="228"/><c r="G19" s="228"/><c r="H19" s="228"/><c r="I19" s="228"/><c r="J19" s="228"/><c r="K19" s="228"/><c r="L19" s="228"/><c r="M19" s="228"/><c r="N19" s="228"/><c r="O19" s="228"/><c r="P19" s="228"/><c r="Q19" s="228"/><c r="R19" s="228"/><c r="S19" s="228"/></row><row r="20" spans="1:19" ht="16.5" thickBot="1" x14ac:dyDescent="0.3"><c r="A20" s="237"><f ca="1">Sheet51!B167</f><v>19200</v></c><c r="B20" s="182"><f>Sheet51!E167</f><v>650</v></c><c r="C20" s="237"><f ca="1">Sheet51!F167</f><v>421200</v></c><c r="D20" s="228"/><c r="E20" s="228"/><c r="F20" s="228"/><c r="G20" s="228"/><c r="H20" s="228"/><c r="I20" s="228"/><c r="J20" s="228"/><c r="K20" s="228"/><c r="L20" s="228"/><c r="M20" s="228"/><c r="N20" s="228"/><c r="O20" s="228"/><c r="P20" s="228"/><c r="Q20" s="228"/><c r="R20" s="228"/><c r="S20" s="228"/></row><row r="21" spans="1:19" ht="16.5" thickBot="1" x14ac:dyDescent="0.3"><c r="A21" s="237"><f ca="1">Sheet51!B168</f><v>0</v></c><c r="B21" s="182"><f>Sheet51!E168</f><v>640</v></c><c r="C21" s="237"><f ca="1">Sheet51!F168</f><v>99600</v></c><c r="D21" s="228"/><c r="E21" s="228"/><c r="F21" s="228"/><c r="G21" s="228"/><c r="H21" s="228"/><c r="I21" s="228"/><c r="J21" s="228"/><c r="K21" s="228"/><c r="L21" s="228"/><c r="M21" s="228"/><c r="N21" s="228"/><c r="O21" s="228"/><c r="P21" s="228"/><c r="Q21" s="228"/><c r="R21" s="228"/><c r="S21" s="228"/></row><row r="22" spans="1:19" ht="16.5" thickBot="1" x14ac:dyDescent="0.3"><c r="A22" s="237"><f ca="1">Sheet51!B169</f><v>0</v></c><c r="B22" s="182"><f>Sheet51!E169</f><v>630</v></c><c r="C22" s="237"><f ca="1">Sheet51!F169</f><v>34800</v></c><c r="D22" s="228"/><c r="E22" s="228"/><c r="F22" s="228"/><c r="G22" s="228"/><c r="H22" s="228"/><c r="I22" s="228"/><c r="J22" s="228"/><c r="K22" s="228"/><c r="L22" s="228"/><c r="M22" s="228"/><c r="N22" s="228"/><c r="O22" s="228"/><c r="P22" s="228"/><c r="Q22" s="228"/><c r="R22" s="228"/><c r="S22" s="228"/></row><row r="23" spans="1:19" ht="16.5" thickBot="1" x14ac:dyDescent="0.3"><c r="A23" s="237"><f ca="1">Sheet51!B170</f><v>2400</v></c><c r="B23" s="182"><f>Sheet51!E170</f><v>620</v></c><c r="C23" s="237"><f ca="1">Sheet51!F170</f><v>28800</v></c><c r="D23" s="228"/><c r="E23" s="228"/><c r="F23" s="228"/><c r="G23" s="228"/><c r="H23" s="228"/><c r="I23" s="228"/><c r="J23" s="228"/><c r="K23" s="228"/><c r="L23" s="228"/><c r="M23" s="228"/><c r="N23" s="228"/><c r="O23" s="228"/><c r="P23" s="228"/><c r="Q23" s="228"/><c r="R23" s="228"/><c r="S23" s="228"/></row><row r="24" spans="1:19" ht="15.75" thickBot="1" x14ac:dyDescent="0.3"><c r="A24" s="242" t="s"><v>95</v></c><c r="B24" s="75" t="s"><v>96</v></c><c r="C24" s="243" t="s"><v>97</v></c><c r="D24" s="228"/><c r="E24" s="228"/><c r="F24" s="228"/><c r="G24" s="228"/><c r="H24" s="228"/><c r="I24" s="228"/><c r="J24" s="228"/><c r="K24" s="228"/><c r="L24" s="228"/><c r="M24" s="228"/><c r="N24" s="228"/><c r="O24" s="228"/><c r="P24" s="228"/><c r="Q24" s="228"/><c r="R24" s="228"/><c r="S24" s="228"/></row><row r="25" spans="1:19" x14ac:dyDescent="0.25"><c r="A25" s="228"/><c r="B25" s="228"/><c r="C25" s="228"/><c r="D25" s="228"/><c r="E25" s="228"/><c r="F25" s="228"/><c r="G25" s="228"/><c r="H25" s="228"/><c r="I25" s="228"/><c r="J25" s="228"/><c r="K25" s="228"/><c r="L25" s="228"/><c r="M25" s="228"/><c r="N25" s="228"/><c r="O25" s="228"/><c r="P25" s="228"/><c r="Q25" s="228"/><c r="R25" s="228"/><c r="S25" s="228"/></row><row r="26" spans="1:19" x14ac:dyDescent="0.25"><c r="A26" s="228"/><c r="B26" s="228"/><c r="C26" s="228"/><c r="D26" s="228"/><c r="E26" s="228"/><c r="F26" s="228"/><c r="G26" s="228"/><c r="H26" s="228"/><c r="I26" s="228"/><c r="J26" s="228"/><c r="K26" s="228"/><c r="L26" s="228"/><c r="M26" s="228"/><c r="N26" s="228"/><c r="O26" s="228"/><c r="P26" s="228"/><c r="Q26" s="228"/><c r="R26" s="228"/><c r="S26" s="228"/></row></sheetData><customSheetViews><customSheetView guid="{D12DFD61-4B7F-43F1-B07E-A848E00A354C}"><selection activeCell="C10" sqref="C10"/><pageMargins left="0.7" right="0.7" top="0.75" bottom="0.75" header="0.3" footer="0.3"/></customSheetView></customSheetViews><mergeCells count="4"><mergeCell ref="A1:C1"/><mergeCell ref="G2:O2"/><mergeCell ref="R1:R2"/><mergeCell ref="J1:L1"/></mergeCells><pageMargins left="0.7" right="0.7" top="0.75" bottom="0.75" header="0.3" footer="0.3"/><drawing r:id="rId1"/></worksheet>