<?xml version="1.0" encoding="UTF-8" standalone="yes"?>
<worksheet xmlns="http://schemas.openxmlformats.org/spreadsheetml/2006/main" xmlns:r="http://schemas.openxmlformats.org/officeDocument/2006/relationships" xmlns:mc="http://schemas.openxmlformats.org/markup-compatibility/2006" mc:Ignorable="x14ac" xmlns:x14ac="http://schemas.microsoft.com/office/spreadsheetml/2009/9/ac"><sheetPr codeName="Sheet31"/><dimension ref="A1:BT117"/><sheetViews><sheetView topLeftCell="A18" workbookViewId="0"><selection activeCell="B11" sqref="B11"/></sheetView></sheetViews><sheetFormatPr defaultRowHeight="15" x14ac:dyDescent="0.25"/><cols><col min="1" max="1" width="31.140625" bestFit="1" customWidth="1"/><col min="2" max="2" width="58.85546875" bestFit="1" customWidth="1"/><col min="3" max="3" width="10" bestFit="1" customWidth="1"/><col min="4" max="4" width="9.85546875" bestFit="1" customWidth="1"/><col min="5" max="5" width="6" customWidth="1"/><col min="6" max="6" width="8.140625" customWidth="1"/><col min="8" max="8" width="6.5703125" customWidth="1"/><col min="9" max="10" width="8.140625" customWidth="1"/><col min="11" max="11" width="6.5703125" customWidth="1"/><col min="12" max="12" width="11" bestFit="1" customWidth="1"/><col min="13" max="13" width="6.5703125" customWidth="1"/><col min="14" max="15" width="8.140625" customWidth="1"/><col min="16" max="16" width="6.5703125" customWidth="1"/><col min="18" max="18" width="8.140625" customWidth="1"/><col min="19" max="19" width="6" customWidth="1"/><col min="20" max="20" width="8" customWidth="1"/><col min="21" max="21" width="10" bestFit="1" customWidth="1"/><col min="22" max="22" width="10.140625" bestFit="1" customWidth="1"/><col min="23" max="23" width="5.7109375" customWidth="1"/><col min="34" max="34" width="13.28515625" bestFit="1" customWidth="1"/><col min="35" max="35" width="28.7109375" customWidth="1"/><col min="36" max="36" width="11" customWidth="1"/><col min="37" max="37" width="11.85546875" customWidth="1"/><col min="38" max="38" width="11" customWidth="1"/><col min="39" max="39" width="10.7109375" customWidth="1"/><col min="40" max="40" width="9.85546875" customWidth="1"/><col min="41" max="41" width="9.42578125" customWidth="1"/><col min="42" max="42" width="10.85546875" customWidth="1"/><col min="43" max="43" width="9.28515625" customWidth="1"/><col min="44" max="44" width="8.140625" customWidth="1"/><col min="45" max="45" width="12.5703125" customWidth="1"/><col min="46" max="46" width="10.7109375" customWidth="1"/><col min="47" max="47" width="28.7109375" customWidth="1"/><col min="48" max="48" width="11" customWidth="1"/><col min="49" max="49" width="11.85546875" customWidth="1"/><col min="50" max="50" width="11" customWidth="1"/><col min="51" max="51" width="10.7109375" customWidth="1"/><col min="52" max="52" width="9.85546875" customWidth="1"/><col min="53" max="53" width="9.42578125" customWidth="1"/><col min="54" max="54" width="10.85546875" customWidth="1"/><col min="55" max="55" width="9.28515625" customWidth="1"/><col min="56" max="56" width="8.140625" customWidth="1"/><col min="57" max="58" width="10.7109375" customWidth="1"/><col min="59" max="59" width="28.7109375" bestFit="1" customWidth="1"/><col min="60" max="60" width="11" bestFit="1" customWidth="1"/><col min="61" max="61" width="11.85546875" bestFit="1" customWidth="1"/><col min="62" max="62" width="11" bestFit="1" customWidth="1"/><col min="63" max="63" width="10.7109375" bestFit="1" customWidth="1"/><col min="64" max="64" width="9.85546875" bestFit="1" customWidth="1"/><col min="65" max="65" width="9.42578125" bestFit="1" customWidth="1"/><col min="66" max="66" width="10.85546875" bestFit="1" customWidth="1"/><col min="67" max="67" width="9.28515625" bestFit="1" customWidth="1"/><col min="68" max="68" width="8.140625" customWidth="1"/><col min="69" max="69" width="10.7109375" customWidth="1"/><col min="70" max="70" width="10.7109375" bestFit="1" customWidth="1"/></cols><sheetData><row r="1" spans="1:72" x14ac:dyDescent="0.25"><c r="C1" t="s"><v>201</v></c><c r="AH1" s="321" t="s"><v>222</v></c><c r="AI1" t="s"><v>219</v></c></row><row r="2" spans="1:72" x14ac:dyDescent="0.25"><c r="C2" s="86"><f ca="1">TODAY()</f><v>43382</v></c><c r="D2" s="322"><f ca="1">GetExpiryDate(DAY(C2),MONTH(C2),YEAR(C2))</f><v>43398</v></c><c r="AH2" t="s"><v>188</v></c></row><row r="3" spans="1:72" x14ac:dyDescent="0.25"><c r="C3" s="86"/><c r="D3" s="322"><f t="shared" ref="D3" ca="1" si="0">GetExpiryDate(1,MONTH(D2)+1,YEAR(D2))</f><v>43433</v></c></row><row r="4" spans="1:72" x14ac:dyDescent="0.25"><c r="C4" s="86"/><c r="D4" s="322"><f ca="1">GetExpiryDate(1,MONTH(D3)+1,YEAR(D3))</f><v>43461</v></c><c r="AH4" t="s"><v>189</v></c><c r="AI4" t="s"><v>190</v></c><c r="AJ4" t="s"><v>191</v></c><c r="AK4" t="s"><v>192</v></c><c r="AL4" t="s"><v>18</v></c><c r="AM4" t="s"><v>193</v></c><c r="AN4" t="s"><v>194</v></c><c r="AO4" t="s"><v>195</v></c><c r="AP4" t="s"><v>196</v></c><c r="AQ4" t="s"><v>197</v></c><c r="AR4" t="s"><v>10</v></c><c r="AS4" t="s"><v>198</v></c><c r="AT4" t="s"><v>190</v></c></row><row r="5" spans="1:72" x14ac:dyDescent="0.25"><c r="AS5" t="s"><v>199</v></c><c r="AT5" t="s"><v>200</v></c></row><row r="6" spans="1:72" x14ac:dyDescent="0.25"><c r="C6"><f>LOOKUP(9.99E+307,B:B)</f><v>5206800</v></c><c r="V6"><f>LOOKUP(9.99E+307,V:V)</f><v>3054000</v></c><c r="AH6" t="s"><v>213</v></c><c r="AI6" t="s"><v>220</v></c><c r="AJ6" s="3"><v>43398</v></c><c r="AK6" t="s"><v>19</v></c><c r="AL6" t="s"><v>19</v></c><c r="AM6" s="1"><v>723</v></c><c r="AN6" s="1"><v>723.9</v></c><c r="AO6" s="1"><v>705.65</v></c><c r="AP6" s="1"><v>717.85</v></c><c r="AQ6" s="1"><v>720</v></c><c r="AR6" s="2"><v>8453</v></c><c r="AS6" s="1"><v>72413.13</v></c><c r="AT6"><v>721</v></c><c r="AV6" s="1"><f>AQ6-Sheet51!B1</f><v>-1</v></c><c r="BT6" s="1"/></row><row r="7" spans="1:72" x14ac:dyDescent="0.25"><c r="AH7" t="s"><v>213</v></c><c r="AI7" t="s"><v>220</v></c><c r="AJ7" s="3"><v>43433</v></c><c r="AK7" t="s"><v>19</v></c><c r="AL7" t="s"><v>19</v></c><c r="AM7" s="1"><v>716</v></c><c r="AN7" s="1"><v>722.85</v></c><c r="AO7" s="1"><v>704.5</v></c><c r="AP7" s="1"><v>716.8</v></c><c r="AQ7" s="1"><v>719.05</v></c><c r="AR7" s="2"><v>332</v></c><c r="AS7" s="1"><v>2834.74</v></c><c r="AT7"><v>721</v></c><c r="AV7" s="1"><f>AQ7-Sheet51!B1</f><v>-1.9500000000000455</v></c></row><row r="8" spans="1:72" x14ac:dyDescent="0.25"><c r="AH8" t="s"><v>213</v></c><c r="AI8" t="s"><v>220</v></c><c r="AJ8" s="3"><v>43461</v></c><c r="AK8" t="s"><v>19</v></c><c r="AL8" t="s"><v>19</v></c><c r="AM8" s="1"><v>713.4</v></c><c r="AN8" s="1"><v>726</v></c><c r="AO8" s="1"><v>712.05</v></c><c r="AP8" s="1"><v>719.95</v></c><c r="AQ8" s="1"><v>719.4</v></c><c r="AR8" s="2"><v>6</v></c><c r="AS8" s="1"><v>51.68</v></c><c r="AT8"><v>721</v></c><c r="AV8" s="1"><f>AQ8-Sheet51!B1</f><v>-1.6000000000000227</v></c></row><row r="11" spans="1:72" x14ac:dyDescent="0.25"><c r="A11" s="321" t="s"><v>0</v></c><c r="B11" t="s"><v>221</v></c></row><row r="12" spans="1:72" x14ac:dyDescent="0.25"><c r="A12" t="s"><v>1</v></c></row><row r="13" spans="1:72" x14ac:dyDescent="0.25"><c r="A13" t="s"><v>2</v></c></row><row r="14" spans="1:72" x14ac:dyDescent="0.25"><c r="A14" t="s"><v>3</v></c></row><row r="15" spans="1:72" x14ac:dyDescent="0.25"><c r="A15" t="s"><v>4</v></c></row><row r="18" spans="1:23" x14ac:dyDescent="0.25"><c r="A18" t="s"><v>5</v></c><c r="M18" t="s"><v>6</v></c></row><row r="19" spans="1:23" x14ac:dyDescent="0.25"><c r="A19" t="s"><v>7</v></c><c r="B19" t="s"><v>8</v></c><c r="C19" t="s"><v>9</v></c><c r="D19" t="s"><v>10</v></c><c r="E19" t="s"><v>11</v></c><c r="F19" t="s"><v>12</v></c><c r="G19" t="s"><v>13</v></c><c r="H19" t="s"><v>14</v></c><c r="I19" t="s"><v>14</v></c><c r="J19" t="s"><v>17</v></c><c r="K19" t="s"><v>17</v></c><c r="L19" t="s"><v>18</v></c><c r="M19" t="s"><v>14</v></c><c r="N19" t="s"><v>14</v></c><c r="O19" t="s"><v>17</v></c><c r="P19" t="s"><v>17</v></c><c r="Q19" t="s"><v>13</v></c><c r="R19" t="s"><v>12</v></c><c r="S19" t="s"><v>11</v></c><c r="T19" t="s"><v>10</v></c><c r="U19" t="s"><v>9</v></c><c r="V19" t="s"><v>8</v></c><c r="W19" t="s"><v>7</v></c></row><row r="20" spans="1:23" x14ac:dyDescent="0.25"><c r="H20" t="s"><v>15</v></c><c r="I20" t="s"><v>16</v></c><c r="J20" t="s"><v>16</v></c><c r="K20" t="s"><v>15</v></c><c r="M20" t="s"><v>15</v></c><c r="N20" t="s"><v>16</v></c><c r="O20" t="s"><v>16</v></c><c r="P20" t="s"><v>15</v></c></row><row r="21" spans="1:23" x14ac:dyDescent="0.25"><c r="A21" t="s"><v>210</v></c><c r="B21" s="2" t="s"><v>19</v></c><c r="C21" t="s"><v>19</v></c><c r="D21" t="s"><v>19</v></c><c r="E21" t="s"><v>19</v></c><c r="F21" s="1" t="s"><v>19</v></c><c r="G21" t="s"><v>19</v></c><c r="H21" s="2"><v>2400</v></c><c r="I21" s="1"><v>225.15</v></c><c r="J21" s="1"><v>232.9</v></c><c r="K21" s="2"><v>2400</v></c><c r="L21"><v>490</v></c><c r="M21" s="2" t="s"><v>19</v></c><c r="N21" t="s"><v>19</v></c><c r="O21"><v>1</v></c><c r="P21" s="2"><v>2400</v></c><c r="Q21" t="s"><v>19</v></c><c r="R21" t="s"><v>19</v></c><c r="S21" t="s"><v>19</v></c><c r="T21" t="s"><v>19</v></c><c r="U21" s="2" t="s"><v>19</v></c><c r="V21" s="2" t="s"><v>19</v></c><c r="W21" t="s"><v>210</v></c></row><row r="22" spans="1:23" x14ac:dyDescent="0.25"><c r="A22" t="s"><v>210</v></c><c r="B22" s="2" t="s"><v>19</v></c><c r="C22" s="2" t="s"><v>19</v></c><c r="D22" s="2" t="s"><v>19</v></c><c r="E22" t="s"><v>19</v></c><c r="F22" s="1" t="s"><v>19</v></c><c r="G22" t="s"><v>19</v></c><c r="H22" s="2"><v>2400</v></c><c r="I22" s="1"><v>215.2</v></c><c r="J22" s="1"><v>222.95</v></c><c r="K22" s="2"><v>2400</v></c><c r="L22"><v>500</v></c><c r="M22" s="2"><v>2400</v></c><c r="N22"><v>0.1</v></c><c r="O22"><v>0.75</v></c><c r="P22" s="2"><v>1200</v></c><c r="Q22" t="s"><v>19</v></c><c r="R22" t="s"><v>19</v></c><c r="S22" t="s"><v>19</v></c><c r="T22" s="2" t="s"><v>19</v></c><c r="U22" s="2" t="s"><v>19</v></c><c r="V22" s="2" t="s"><v>19</v></c><c r="W22" t="s"><v>210</v></c></row><row r="23" spans="1:23" x14ac:dyDescent="0.25"><c r="A23" t="s"><v>210</v></c><c r="B23" s="2" t="s"><v>19</v></c><c r="C23" t="s"><v>19</v></c><c r="D23" t="s"><v>19</v></c><c r="E23" t="s"><v>19</v></c><c r="F23" s="1" t="s"><v>19</v></c><c r="G23" t="s"><v>19</v></c><c r="H23" s="2"><v>2400</v></c><c r="I23" s="1"><v>205</v></c><c r="J23" s="1"><v>213</v></c><c r="K23" s="2"><v>2400</v></c><c r="L23"><v>510</v></c><c r="M23" s="2"><v>2400</v></c><c r="N23"><v>0.1</v></c><c r="O23" t="s"><v>19</v></c><c r="P23" s="2" t="s"><v>19</v></c><c r="Q23" t="s"><v>19</v></c><c r="R23" t="s"><v>19</v></c><c r="S23" t="s"><v>19</v></c><c r="T23" t="s"><v>19</v></c><c r="U23" s="2" t="s"><v>19</v></c><c r="V23" s="2" t="s"><v>19</v></c><c r="W23" t="s"><v>210</v></c></row><row r="24" spans="1:23" x14ac:dyDescent="0.25"><c r="A24" t="s"><v>210</v></c><c r="B24" s="2" t="s"><v>19</v></c><c r="C24" t="s"><v>19</v></c><c r="D24" t="s"><v>19</v></c><c r="E24" t="s"><v>19</v></c><c r="F24" s="1" t="s"><v>19</v></c><c r="G24" t="s"><v>19</v></c><c r="H24" s="2"><v>2400</v></c><c r="I24" s="1"><v>194.75</v></c><c r="J24" s="1"><v>203.05</v></c><c r="K24" s="2"><v>2400</v></c><c r="L24"><v>520</v></c><c r="M24" s="2"><v>2400</v></c><c r="N24"><v>0.1</v></c><c r="O24"><v>2.4500000000000002</v></c><c r="P24" s="2"><v>2400</v></c><c r="Q24" t="s"><v>19</v></c><c r="R24" t="s"><v>19</v></c><c r="S24" t="s"><v>19</v></c><c r="T24" s="2" t="s"><v>19</v></c><c r="U24" s="2" t="s"><v>19</v></c><c r="V24" s="2" t="s"><v>19</v></c><c r="W24" t="s"><v>210</v></c></row><row r="25" spans="1:23" x14ac:dyDescent="0.25"><c r="A25" t="s"><v>210</v></c><c r="B25" s="2" t="s"><v>19</v></c><c r="C25" s="2" t="s"><v>19</v></c><c r="D25" t="s"><v>19</v></c><c r="E25" t="s"><v>19</v></c><c r="F25" s="1" t="s"><v>19</v></c><c r="G25" t="s"><v>19</v></c><c r="H25" s="2"><v>2400</v></c><c r="I25" s="1"><v>185.15</v></c><c r="J25" s="1"><v>193.1</v></c><c r="K25" s="2"><v>2400</v></c><c r="L25"><v>530</v></c><c r="M25" s="2"><v>6000</v></c><c r="N25"><v>0.1</v></c><c r="O25" t="s"><v>19</v></c><c r="P25" s="2" t="s"><v>19</v></c><c r="Q25" t="s"><v>19</v></c><c r="R25" t="s"><v>19</v></c><c r="S25" t="s"><v>19</v></c><c r="T25" s="2" t="s"><v>19</v></c><c r="U25" s="2" t="s"><v>19</v></c><c r="V25" s="2" t="s"><v>19</v></c><c r="W25" t="s"><v>210</v></c></row><row r="26" spans="1:23" x14ac:dyDescent="0.25"><c r="A26" t="s"><v>210</v></c><c r="B26" s="2" t="s"><v>19</v></c><c r="C26" s="2" t="s"><v>19</v></c><c r="D26" t="s"><v>19</v></c><c r="E26" t="s"><v>19</v></c><c r="F26" s="1" t="s"><v>19</v></c><c r="G26" t="s"><v>19</v></c><c r="H26" s="2"><v>2400</v></c><c r="I26" s="1"><v>175.55</v></c><c r="J26" s="1"><v>183.2</v></c><c r="K26" s="2"><v>2400</v></c><c r="L26"><v>540</v></c><c r="M26" s="2"><v>3600</v></c><c r="N26"><v>0.1</v></c><c r="O26" t="s"><v>19</v></c><c r="P26" s="2" t="s"><v>19</v></c><c r="Q26" t="s"><v>19</v></c><c r="R26" t="s"><v>19</v></c><c r="S26" t="s"><v>19</v></c><c r="T26" s="2" t="s"><v>19</v></c><c r="U26" s="2" t="s"><v>19</v></c><c r="V26" s="2" t="s"><v>19</v></c><c r="W26" t="s"><v>210</v></c></row><row r="27" spans="1:23" x14ac:dyDescent="0.25"><c r="A27" t="s"><v>210</v></c><c r="B27" s="2"><v>3600</v></c><c r="C27" t="s"><v>19</v></c><c r="D27" t="s"><v>19</v></c><c r="E27" t="s"><v>19</v></c><c r="F27" s="1"><v>167</v></c><c r="G27" t="s"><v>19</v></c><c r="H27" s="2"><v>2400</v></c><c r="I27" s="1"><v>165.65</v></c><c r="J27" s="1"><v>172.95</v></c><c r="K27" s="2"><v>2400</v></c><c r="L27"><v>550</v></c><c r="M27" s="2"><v>3600</v></c><c r="N27"><v>0.2</v></c><c r="O27"><v>1.95</v></c><c r="P27" s="2"><v>2400</v></c><c r="Q27" t="s"><v>19</v></c><c r="R27"><v>1.45</v></c><c r="S27" t="s"><v>19</v></c><c r="T27" t="s"><v>19</v></c><c r="U27" s="2" t="s"><v>19</v></c><c r="V27" s="2"><v>2400</v></c><c r="W27" t="s"><v>210</v></c></row><row r="28" spans="1:23" x14ac:dyDescent="0.25"><c r="A28" t="s"><v>210</v></c><c r="B28" s="2" t="s"><v>19</v></c><c r="C28" s="2" t="s"><v>19</v></c><c r="D28" t="s"><v>19</v></c><c r="E28" t="s"><v>19</v></c><c r="F28" s="1" t="s"><v>19</v></c><c r="G28" t="s"><v>19</v></c><c r="H28" s="2"><v>2400</v></c><c r="I28" s="1"><v>155.9</v></c><c r="J28" s="1"><v>163.5</v></c><c r="K28" s="2"><v>2400</v></c><c r="L28"><v>560</v></c><c r="M28" s="2"><v>2400</v></c><c r="N28"><v>0.25</v></c><c r="O28" t="s"><v>19</v></c><c r="P28" s="2" t="s"><v>19</v></c><c r="Q28" t="s"><v>19</v></c><c r="R28" t="s"><v>19</v></c><c r="S28" t="s"><v>19</v></c><c r="T28" s="2" t="s"><v>19</v></c><c r="U28" s="2" t="s"><v>19</v></c><c r="V28" s="2" t="s"><v>19</v></c><c r="W28" t="s"><v>210</v></c></row><row r="29" spans="1:23" x14ac:dyDescent="0.25"><c r="A29" t="s"><v>210</v></c><c r="B29" s="2"><v>2400</v></c><c r="C29" s="2" t="s"><v>19</v></c><c r="D29" t="s"><v>19</v></c><c r="E29" t="s"><v>19</v></c><c r="F29" s="1"><v>153</v></c><c r="G29" t="s"><v>19</v></c><c r="H29" s="2"><v>2400</v></c><c r="I29" s="1"><v>146.05000000000001</v></c><c r="J29" s="1"><v>153.69999999999999</v></c><c r="K29" s="2"><v>2400</v></c><c r="L29"><v>570</v></c><c r="M29" s="2"><v>2400</v></c><c r="N29"><v>0.25</v></c><c r="O29" t="s"><v>19</v></c><c r="P29" s="2" t="s"><v>19</v></c><c r="Q29"><v>0.05</v></c><c r="R29"><v>1</v></c><c r="S29"><v>61.39</v></c><c r="T29" s="2"><v>1</v></c><c r="U29" s="2"><v>1200</v></c><c r="V29" s="2"><v>2400</v></c><c r="W29" t="s"><v>210</v></c></row><row r="30" spans="1:23" x14ac:dyDescent="0.25"><c r="A30" t="s"><v>210</v></c><c r="B30" s="2"><v>1200</v></c><c r="C30" s="2" t="s"><v>19</v></c><c r="D30" s="2" t="s"><v>19</v></c><c r="E30" t="s"><v>19</v></c><c r="F30" s="1"><v>142</v></c><c r="G30" t="s"><v>19</v></c><c r="H30" s="2"><v>2400</v></c><c r="I30" s="1"><v>136.4</v></c><c r="J30" s="1"><v>143.9</v></c><c r="K30" s="2"><v>2400</v></c><c r="L30"><v>580</v></c><c r="M30" s="2"><v>1200</v></c><c r="N30"><v>0.8</v></c><c r="O30"><v>1.25</v></c><c r="P30" s="2"><v>1200</v></c><c r="Q30"><v>-0.1</v></c><c r="R30"><v>1.1000000000000001</v></c><c r="S30"><v>58.58</v></c><c r="T30" s="2"><v>1</v></c><c r="U30" s="2"><v>1200</v></c><c r="V30" s="2"><v>9600</v></c><c r="W30" t="s"><v>210</v></c></row><row r="31" spans="1:23" x14ac:dyDescent="0.25"><c r="A31" t="s"><v>210</v></c><c r="B31" s="2"><v>9600</v></c><c r="C31" s="2" t="s"><v>19</v></c><c r="D31" s="2" t="s"><v>19</v></c><c r="E31" t="s"><v>19</v></c><c r="F31" s="1"><v>132.65</v></c><c r="G31" t="s"><v>19</v></c><c r="H31" s="2"><v>2400</v></c><c r="I31" s="1"><v>126.4</v></c><c r="J31" s="1"><v>134.25</v></c><c r="K31" s="2"><v>2400</v></c><c r="L31"><v>590</v></c><c r="M31" s="2"><v>3600</v></c><c r="N31"><v>0.55000000000000004</v></c><c r="O31"><v>2.25</v></c><c r="P31" s="2"><v>1200</v></c><c r="Q31"><v>0.85</v></c><c r="R31"><v>1.85</v></c><c r="S31"><v>60.6</v></c><c r="T31" s="2"><v>1</v></c><c r="U31" s="2"><v>-1200</v></c><c r="V31" s="2"><v>2400</v></c><c r="W31" t="s"><v>210</v></c></row><row r="32" spans="1:23" x14ac:dyDescent="0.25"><c r="A32" t="s"><v>210</v></c><c r="B32" s="2"><v>4800</v></c><c r="C32" s="2" t="s"><v>19</v></c><c r="D32" s="2" t="s"><v>19</v></c><c r="E32" t="s"><v>19</v></c><c r="F32" s="1"><v>119</v></c><c r="G32" t="s"><v>19</v></c><c r="H32" s="2"><v>2400</v></c><c r="I32" s="1"><v>116.1</v></c><c r="J32" s="1"><v>125.4</v></c><c r="K32" s="2"><v>2400</v></c><c r="L32"><v>600</v></c><c r="M32" s="2"><v>1200</v></c><c r="N32"><v>1.5</v></c><c r="O32"><v>1.95</v></c><c r="P32" s="2"><v>1200</v></c><c r="Q32"><v>-0.2</v></c><c r="R32"><v>1.6</v></c><c r="S32"><v>54.86</v></c><c r="T32" s="2"><v>142</v></c><c r="U32" s="2"><v>60000</v></c><c r="V32" s="2"><v>372000</v></c><c r="W32" t="s"><v>210</v></c></row><row r="33" spans="1:23" x14ac:dyDescent="0.25"><c r="A33" t="s"><v>210</v></c><c r="B33" s="2" t="s"><v>19</v></c><c r="C33" s="2" t="s"><v>19</v></c><c r="D33" s="2" t="s"><v>19</v></c><c r="E33" t="s"><v>19</v></c><c r="F33" s="1" t="s"><v>19</v></c><c r="G33" t="s"><v>19</v></c><c r="H33" s="2"><v>2400</v></c><c r="I33" s="1"><v>107.8</v></c><c r="J33" s="1"><v>115.6</v></c><c r="K33" s="2"><v>2400</v></c><c r="L33"><v>610</v></c><c r="M33" s="2"><v>22800</v></c><c r="N33"><v>2.1</v></c><c r="O33"><v>4</v></c><c r="P33" s="2"><v>1200</v></c><c r="Q33"><v>-0.5</v></c><c r="R33"><v>2.1</v></c><c r="S33"><v>53.98</v></c><c r="T33" s="2"><v>14</v></c><c r="U33" s="2"><v>6000</v></c><c r="V33" s="2"><v>16800</v></c><c r="W33" t="s"><v>210</v></c></row><row r="34" spans="1:23" x14ac:dyDescent="0.25"><c r="A34" t="s"><v>210</v></c><c r="B34" s="2"><v>2400</v></c><c r="C34" s="2" t="s"><v>19</v></c><c r="D34" s="2" t="s"><v>19</v></c><c r="E34" t="s"><v>19</v></c><c r="F34" s="1"><v>98.5</v></c><c r="G34" t="s"><v>19</v></c><c r="H34" s="2"><v>10800</v></c><c r="I34" s="1"><v>97.55</v></c><c r="J34" s="1"><v>106.35</v></c><c r="K34" s="2"><v>2400</v></c><c r="L34"><v>620</v></c><c r="M34" s="2"><v>1200</v></c><c r="N34"><v>2.25</v></c><c r="O34"><v>4.9000000000000004</v></c><c r="P34" s="2"><v>4800</v></c><c r="Q34"><v>-0.2</v></c><c r="R34"><v>3</v></c><c r="S34"><v>54.34</v></c><c r="T34" s="2"><v>27</v></c><c r="U34" s="2"><v>19200</v></c><c r="V34" s="2"><v>28800</v></c><c r="W34" t="s"><v>210</v></c></row><row r="35" spans="1:23" x14ac:dyDescent="0.25"><c r="A35" t="s"><v>210</v></c><c r="B35" s="2" t="s"><v>19</v></c><c r="C35" s="2" t="s"><v>19</v></c><c r="D35" s="2" t="s"><v>19</v></c><c r="E35" t="s"><v>19</v></c><c r="F35" s="1" t="s"><v>19</v></c><c r="G35" t="s"><v>19</v></c><c r="H35" s="2"><v>2400</v></c><c r="I35" s="1"><v>88.9</v></c><c r="J35" s="1"><v>97.1</v></c><c r="K35" s="2"><v>10800</v></c><c r="L35"><v>630</v></c><c r="M35" s="2"><v>1200</v></c><c r="N35"><v>1.2</v></c><c r="O35"><v>3.65</v></c><c r="P35" s="2"><v>1200</v></c><c r="Q35"><v>-0.65</v></c><c r="R35"><v>3.45</v></c><c r="S35"><v>51.89</v></c><c r="T35" s="2"><v>64</v></c><c r="U35" s="2"><v>14400</v></c><c r="V35" s="2"><v>34800</v></c><c r="W35" t="s"><v>210</v></c></row><row r="36" spans="1:23" x14ac:dyDescent="0.25"><c r="A36" t="s"><v>210</v></c><c r="B36" s="2" t="s"><v>19</v></c><c r="C36" s="2" t="s"><v>19</v></c><c r="D36" s="2" t="s"><v>19</v></c><c r="E36" t="s"><v>19</v></c><c r="F36" s="1" t="s"><v>19</v></c><c r="G36" s="1" t="s"><v>19</v></c><c r="H36" s="2"><v>12000</v></c><c r="I36" s="1"><v>80.5</v></c><c r="J36" s="1"><v>87.75</v></c><c r="K36" s="2"><v>12000</v></c><c r="L36"><v>640</v></c><c r="M36" s="2"><v>1200</v></c><c r="N36"><v>4</v></c><c r="O36"><v>5</v></c><c r="P36" s="2"><v>1200</v></c><c r="Q36"><v>-0.15</v></c><c r="R36"><v>4.5999999999999996</v></c><c r="S36"><v>51.59</v></c><c r="T36" s="2"><v>134</v></c><c r="U36" s="2"><v>-21600</v></c><c r="V36" s="2"><v>99600</v></c><c r="W36" t="s"><v>210</v></c></row><row r="37" spans="1:23" x14ac:dyDescent="0.25"><c r="A37" t="s"><v>210</v></c><c r="B37" s="2"><v>19200</v></c><c r="C37" s="2"><v>-1200</v></c><c r="D37" s="2"><v>9</v></c><c r="E37" t="s"><v>19</v></c><c r="F37" s="1"><v>71.900000000000006</v></c><c r="G37"><v>-8.1</v></c><c r="H37" s="2"><v>12000</v></c><c r="I37" s="1"><v>71.7</v></c><c r="J37" s="1" t="s"><v>19</v></c><c r="K37" s="2" t="s"><v>19</v></c><c r="L37"><v>650</v></c><c r="M37" s="2"><v>4800</v></c><c r="N37"><v>5.85</v></c><c r="O37"><v>7</v></c><c r="P37" s="2"><v>4800</v></c><c r="Q37"><v>-0.2</v></c><c r="R37"><v>5.85</v></c><c r="S37"><v>50.75</v></c><c r="T37" s="2"><v>491</v></c><c r="U37" s="2"><v>109200</v></c><c r="V37" s="2"><v>421200</v></c><c r="W37" t="s"><v>210</v></c></row><row r="38" spans="1:23" x14ac:dyDescent="0.25"><c r="A38" t="s"><v>210</v></c><c r="B38" s="2"><v>13200</v></c><c r="C38" s="2" t="s"><v>19</v></c><c r="D38" s="2" t="s"><v>19</v></c><c r="E38" t="s"><v>19</v></c><c r="F38" s="1"><v>81</v></c><c r="G38" t="s"><v>19</v></c><c r="H38" s="2"><v>6000</v></c><c r="I38" s="1"><v>62.95</v></c><c r="J38" s="1"><v>71.25</v></c><c r="K38" s="2"><v>21600</v></c><c r="L38"><v>660</v></c><c r="M38" s="2"><v>6000</v></c><c r="N38"><v>7.55</v></c><c r="O38"><v>9.3000000000000007</v></c><c r="P38" s="2"><v>8400</v></c><c r="Q38"><v>-0.55000000000000004</v></c><c r="R38"><v>7.5</v></c><c r="S38"><v>51.37</v></c><c r="T38" s="2"><v>276</v></c><c r="U38" s="2"><v>58800</v></c><c r="V38" s="2"><v>163200</v></c><c r="W38" t="s"><v>210</v></c></row><row r="39" spans="1:23" x14ac:dyDescent="0.25"><c r="A39" t="s"><v>210</v></c><c r="B39" s="2"><v>2400</v></c><c r="C39" s="2" t="s"><v>19</v></c><c r="D39" s="2" t="s"><v>19</v></c><c r="E39" t="s"><v>19</v></c><c r="F39" s="1"><v>60.55</v></c><c r="G39" t="s"><v>19</v></c><c r="H39" s="2"><v>14400</v></c><c r="I39" s="1"><v>56.1</v></c><c r="J39" s="1"><v>60.65</v></c><c r="K39" s="2"><v>2400</v></c><c r="L39"><v>670</v></c><c r="M39" s="2"><v>2400</v></c><c r="N39"><v>9.75</v></c><c r="O39"><v>10.9</v></c><c r="P39" s="2"><v>1200</v></c><c r="Q39"><v>-0.35</v></c><c r="R39"><v>9.9</v></c><c r="S39"><v>50.6</v></c><c r="T39" s="2"><v>192</v></c><c r="U39" s="2"><v>-12000</v></c><c r="V39" s="2"><v>157200</v></c><c r="W39" t="s"><v>210</v></c></row><row r="40" spans="1:23" x14ac:dyDescent="0.25"><c r="A40" t="s"><v>210</v></c><c r="B40" s="2"><v>8400</v></c><c r="C40" s="2" t="s"><v>19</v></c><c r="D40" s="2" t="s"><v>19</v></c><c r="E40" t="s"><v>19</v></c><c r="F40" s="1"><v>58</v></c><c r="G40" t="s"><v>19</v></c><c r="H40" s="2"><v>8400</v></c><c r="I40" s="1"><v>48.95</v></c><c r="J40" s="1"><v>54.65</v></c><c r="K40" s="2"><v>9600</v></c><c r="L40"><v>680</v></c><c r="M40" s="2"><v>2400</v></c><c r="N40"><v>11.9</v></c><c r="O40"><v>15.15</v></c><c r="P40" s="2"><v>12000</v></c><c r="Q40"><v>-0.3</v></c><c r="R40"><v>12.45</v></c><c r="S40"><v>50.3</v></c><c r="T40" s="2"><v>452</v></c><c r="U40" s="2"><v>38400</v></c><c r="V40" s="2"><v>309600</v></c><c r="W40" t="s"><v>210</v></c></row><row r="41" spans="1:23" x14ac:dyDescent="0.25"><c r="A41" t="s"><v>210</v></c><c r="B41" s="2"><v>2400</v></c><c r="C41" s="2" t="s"><v>19</v></c><c r="D41" s="2" t="s"><v>19</v></c><c r="E41" t="s"><v>19</v></c><c r="F41" s="1"><v>37.549999999999997</v></c><c r="G41" t="s"><v>19</v></c><c r="H41" s="2"><v>14400</v></c><c r="I41" s="1"><v>42.15</v></c><c r="J41" s="1"><v>46.7</v></c><c r="K41" s="2"><v>10800</v></c><c r="L41"><v>690</v></c><c r="M41" s="2"><v>3600</v></c><c r="N41"><v>14.65</v></c><c r="O41"><v>15.55</v></c><c r="P41" s="2"><v>1200</v></c><c r="Q41"><v>-0.65</v></c><c r="R41"><v>15.55</v></c><c r="S41"><v>50.09</v></c><c r="T41" s="2"><v>544</v></c><c r="U41" s="2"><v>40800</v></c><c r="V41" s="2"><v>171600</v></c><c r="W41" t="s"><v>210</v></c></row><row r="42" spans="1:23" x14ac:dyDescent="0.25"><c r="A42" t="s"><v>210</v></c><c r="B42" s="2"><v>162000</v></c><c r="C42" s="2" t="s"><v>19</v></c><c r="D42" s="2"><v>61</v></c><c r="E42"><v>44.23</v></c><c r="F42" s="1"><v>39.950000000000003</v></c><c r="G42"><v>1.6</v></c><c r="H42" s="2"><v>1200</v></c><c r="I42" s="1"><v>37.5</v></c><c r="J42" s="1"><v>40</v></c><c r="K42" s="2"><v>7200</v></c><c r="L42"><v>700</v></c><c r="M42" s="2"><v>1200</v></c><c r="N42"><v>18.8</v></c><c r="O42"><v>20.45</v></c><c r="P42" s="2"><v>4800</v></c><c r="Q42"><v>-1.05</v></c><c r="R42"><v>19</v></c><c r="S42"><v>49.81</v></c><c r="T42" s="2"><v>1272</v></c><c r="U42" s="2"><v>99600</v></c><c r="V42" s="2"><v>486000</v></c><c r="W42" t="s"><v>210</v></c></row><row r="43" spans="1:23" x14ac:dyDescent="0.25"><c r="A43" t="s"><v>210</v></c><c r="B43" s="2"><v>279600</v></c><c r="C43" s="2"><v>130800</v></c><c r="D43" s="2"><v>467</v></c><c r="E43"><v>43.6</v></c><c r="F43"><v>32.450000000000003</v></c><c r="G43"><v>0.55000000000000004</v></c><c r="H43" s="2"><v>1200</v></c><c r="I43"><v>32.75</v></c><c r="J43" s="1"><v>33.6</v></c><c r="K43" s="2"><v>2400</v></c><c r="L43"><v>710</v></c><c r="M43" s="2"><v>10800</v></c><c r="N43"><v>20.65</v></c><c r="O43"><v>25.95</v></c><c r="P43" s="2"><v>9600</v></c><c r="Q43"><v>-1.1499999999999999</v></c><c r="R43"><v>23.15</v></c><c r="S43"><v>49.78</v></c><c r="T43" s="2"><v>340</v></c><c r="U43" s="2"><v>10800</v></c><c r="V43" s="2"><v>175200</v></c><c r="W43" t="s"><v>210</v></c></row><row r="44" spans="1:23" x14ac:dyDescent="0.25"><c r="A44" t="s"><v>210</v></c><c r="B44" s="2"><v>420000</v></c><c r="C44" s="2"><v>62400</v></c><c r="D44" s="2"><v>954</v></c><c r="E44"><v>43.02</v></c><c r="F44" s="1"><v>27.95</v></c><c r="G44"><v>0.75</v></c><c r="H44" s="2"><v>1200</v></c><c r="I44" s="1"><v>27.8</v></c><c r="J44" s="1"><v>28.45</v></c><c r="K44" s="2"><v>2400</v></c><c r="L44"><v>720</v></c><c r="M44" s="2"><v>3600</v></c><c r="N44"><v>27.9</v></c><c r="O44"><v>29.25</v></c><c r="P44" s="2"><v>2400</v></c><c r="Q44"><v>-1.1000000000000001</v></c><c r="R44"><v>27.95</v></c><c r="S44"><v>49.95</v></c><c r="T44" s="2"><v>184</v></c><c r="U44" s="2"><v>-4800</v></c><c r="V44" s="2"><v>166800</v></c><c r="W44" t="s"><v>210</v></c></row><row r="45" spans="1:23" x14ac:dyDescent="0.25"><c r="A45" t="s"><v>210</v></c><c r="B45" s="2"><v>250800</v></c><c r="C45" s="2"><v>-63600</v></c><c r="D45" s="2"><v>551</v></c><c r="E45"><v>43.51</v></c><c r="F45"><v>23.5</v></c><c r="G45"><v>0.65</v></c><c r="H45" s="2"><v>4800</v></c><c r="I45"><v>23.5</v></c><c r="J45" s="1"><v>24</v></c><c r="K45" s="2"><v>1200</v></c><c r="L45"><v>730</v></c><c r="M45" s="2"><v>3600</v></c><c r="N45"><v>32.85</v></c><c r="O45"><v>34.799999999999997</v></c><c r="P45" s="2"><v>1200</v></c><c r="Q45"><v>-1.7</v></c><c r="R45"><v>33</v></c><c r="S45"><v>49.65</v></c><c r="T45" s="2"><v>62</v></c><c r="U45" s="2"><v>-27600</v></c><c r="V45" s="2"><v>96000</v></c><c r="W45" t="s"><v>210</v></c></row><row r="46" spans="1:23" x14ac:dyDescent="0.25"><c r="A46" t="s"><v>210</v></c><c r="B46" s="2"><v>453600</v></c><c r="C46" s="2"><v>109200</v></c><c r="D46" s="2"><v>698</v></c><c r="E46"><v>43.95</v></c><c r="F46"><v>19.600000000000001</v></c><c r="G46"><v>0.4</v></c><c r="H46" s="2"><v>2400</v></c><c r="I46" s="1"><v>19.399999999999999</v></c><c r="J46" s="1"><v>19.899999999999999</v></c><c r="K46" s="2"><v>1200</v></c><c r="L46"><v>740</v></c><c r="M46" s="2"><v>8400</v></c><c r="N46"><v>38.85</v></c><c r="O46"><v>40.9</v></c><c r="P46" s="2"><v>1200</v></c><c r="Q46"><v>-1.1499999999999999</v></c><c r="R46"><v>40</v></c><c r="S46"><v>51.76</v></c><c r="T46" s="2"><v>6</v></c><c r="U46" s="2"><v>-2400</v></c><c r="V46" s="2"><v>238800</v></c><c r="W46" t="s"><v>210</v></c></row><row r="47" spans="1:23" x14ac:dyDescent="0.25"><c r="A47" t="s"><v>210</v></c><c r="B47" s="2"><v>583200</v></c><c r="C47" s="2"><v>69600</v></c><c r="D47" s="2"><v>752</v></c><c r="E47"><v>44.57</v></c><c r="F47"><v>16.3</v></c><c r="G47"><v>0.3</v></c><c r="H47" s="2"><v>1200</v></c><c r="I47"><v>16.3</v></c><c r="J47" s="1"><v>16.5</v></c><c r="K47" s="2"><v>6000</v></c><c r="L47"><v>750</v></c><c r="M47" s="2"><v>6000</v></c><c r="N47"><v>45.45</v></c><c r="O47"><v>48.25</v></c><c r="P47" s="2"><v>9600</v></c><c r="Q47" t="s"><v>19</v></c><c r="R47"><v>50</v></c><c r="S47" t="s"><v>19</v></c><c r="T47" s="2" t="s"><v>19</v></c><c r="U47" s="2" t="s"><v>19</v></c><c r="V47" s="2"><v>42000</v></c><c r="W47" t="s"><v>210</v></c></row><row r="48" spans="1:23" x14ac:dyDescent="0.25"><c r="A48" t="s"><v>210</v></c><c r="B48" s="2"><v>315600</v></c><c r="C48" s="2"><v>12000</v></c><c r="D48" s="2"><v>493</v></c><c r="E48"><v>44.93</v></c><c r="F48"><v>12.1</v></c><c r="G48"><v>-1</v></c><c r="H48" s="2"><v>8400</v></c><c r="I48" s="1"><v>12.3</v></c><c r="J48" s="1"><v>13.7</v></c><c r="K48" s="2"><v>3600</v></c><c r="L48"><v>760</v></c><c r="M48" s="2"><v>10800</v></c><c r="N48"><v>50.2</v></c><c r="O48"><v>56.8</v></c><c r="P48" s="2"><v>12000</v></c><c r="Q48" t="s"><v>19</v></c><c r="R48"><v>65</v></c><c r="S48" t="s"><v>19</v></c><c r="T48" s="2" t="s"><v>19</v></c><c r="U48" s="2" t="s"><v>19</v></c><c r="V48" s="2"><v>19200</v></c><c r="W48" t="s"><v>210</v></c></row><row r="49" spans="1:23" x14ac:dyDescent="0.25"><c r="A49" t="s"><v>210</v></c><c r="B49" s="2"><v>273600</v></c><c r="C49" s="2"><v>16800</v></c><c r="D49" s="2"><v>274</v></c><c r="E49"><v>46.09</v></c><c r="F49"><v>11.4</v></c><c r="G49"><v>0.45</v></c><c r="H49" s="2"><v>1200</v></c><c r="I49"><v>11</v></c><c r="J49" s="1"><v>11.95</v></c><c r="K49" s="2"><v>4800</v></c><c r="L49"><v>770</v></c><c r="M49" s="2"><v>7200</v></c><c r="N49"><v>59.3</v></c><c r="O49"><v>63.1</v></c><c r="P49" s="2"><v>4800</v></c><c r="Q49" t="s"><v>19</v></c><c r="R49"><v>67.25</v></c><c r="S49" t="s"><v>19</v></c><c r="T49" s="2" t="s"><v>19</v></c><c r="U49" s="2" t="s"><v>19</v></c><c r="V49" s="2"><v>7200</v></c><c r="W49" t="s"><v>210</v></c></row><row r="50" spans="1:23" x14ac:dyDescent="0.25"><c r="A50" t="s"><v>210</v></c><c r="B50" s="2"><v>326400</v></c><c r="C50" s="2"><v>79200</v></c><c r="D50" s="2"><v>225</v></c><c r="E50"><v>45.77</v></c><c r="F50" s="1"><v>9</v></c><c r="G50"><v>-0.05</v></c><c r="H50" s="2"><v>9600</v></c><c r="I50" s="1"><v>7.8</v></c><c r="J50" s="1"><v>9.25</v></c><c r="K50" s="2"><v>1200</v></c><c r="L50"><v>780</v></c><c r="M50" s="2"><v>4800</v></c><c r="N50"><v>67.099999999999994</v></c><c r="O50"><v>71.349999999999994</v></c><c r="P50" s="2"><v>13200</v></c><c r="Q50" t="s"><v>19</v></c><c r="R50"><v>71.150000000000006</v></c><c r="S50" t="s"><v>19</v></c><c r="T50" s="2" t="s"><v>19</v></c><c r="U50" s="2" t="s"><v>19</v></c><c r="V50" s="2"><v>2400</v></c><c r="W50" t="s"><v>210</v></c></row><row r="51" spans="1:23" x14ac:dyDescent="0.25"><c r="A51" t="s"><v>210</v></c><c r="B51" s="2"><v>43200</v></c><c r="C51" s="2"><v>19200</v></c><c r="D51" s="2"><v>41</v></c><c r="E51"><v>46.64</v></c><c r="F51"><v>7.5</v></c><c r="G51"><v>-0.15</v></c><c r="H51" s="2"><v>3600</v></c><c r="I51"><v>5.85</v></c><c r="J51" s="1"><v>10.25</v></c><c r="K51" s="2"><v>3600</v></c><c r="L51"><v>790</v></c><c r="M51" s="2"><v>14400</v></c><c r="N51"><v>72.599999999999994</v></c><c r="O51" s="1"><v>80.5</v></c><c r="P51" s="2"><v>4800</v></c><c r="Q51" t="s"><v>19</v></c><c r="R51"><v>76</v></c><c r="S51" t="s"><v>19</v></c><c r="T51" s="2" t="s"><v>19</v></c><c r="U51" s="2" t="s"><v>19</v></c><c r="V51" s="2"><v>2400</v></c><c r="W51" t="s"><v>210</v></c></row><row r="52" spans="1:23" x14ac:dyDescent="0.25"><c r="A52" t="s"><v>210</v></c><c r="B52" s="2"><v>762000</v></c><c r="C52" s="2"><v>38400</v></c><c r="D52" s="2"><v>244</v></c><c r="E52"><v>47.22</v></c><c r="F52"><v>6.15</v></c><c r="G52"><v>0.15</v></c><c r="H52" s="2"><v>4800</v></c><c r="I52"><v>6</v></c><c r="J52" s="1"><v>6.15</v></c><c r="K52" s="2"><v>1200</v></c><c r="L52"><v>800</v></c><c r="M52" s="2"><v>3600</v></c><c r="N52" s="1"><v>82.15</v></c><c r="O52" s="1"><v>89.6</v></c><c r="P52" s="2"><v>3600</v></c><c r="Q52" t="s"><v>19</v></c><c r="R52" s="1"><v>72.7</v></c><c r="S52" t="s"><v>19</v></c><c r="T52" s="2" t="s"><v>19</v></c><c r="U52" s="2" t="s"><v>19</v></c><c r="V52" s="2"><v>8400</v></c><c r="W52" t="s"><v>210</v></c></row><row r="53" spans="1:23" x14ac:dyDescent="0.25"><c r="A53" t="s"><v>210</v></c><c r="B53" s="2"><v>13200</v></c><c r="C53" s="2"><v>-2400</v></c><c r="D53" s="2"><v>12</v></c><c r="E53"><v>46.19</v></c><c r="F53"><v>4.5</v></c><c r="G53"><v>-0.8</v></c><c r="H53" s="2"><v>1200</v></c><c r="I53"><v>4.75</v></c><c r="J53" s="1"><v>7</v></c><c r="K53" s="2"><v>2400</v></c><c r="L53"><v>810</v></c><c r="M53" s="2"><v>2400</v></c><c r="N53" s="1"><v>90.15</v></c><c r="O53" s="1"><v>99</v></c><c r="P53" s="2"><v>2400</v></c><c r="Q53" t="s"><v>19</v></c><c r="R53" s="1" t="s"><v>19</v></c><c r="S53" t="s"><v>19</v></c><c r="T53" s="2" t="s"><v>19</v></c><c r="U53" s="2" t="s"><v>19</v></c><c r="V53" s="2" t="s"><v>19</v></c><c r="W53" t="s"><v>210</v></c></row><row r="54" spans="1:23" x14ac:dyDescent="0.25"><c r="A54" t="s"><v>210</v></c><c r="B54" s="2"><v>578400</v></c><c r="C54" s="2"><v>128400</v></c><c r="D54" s="2"><v>197</v></c><c r="E54"><v>46.43</v></c><c r="F54"><v>3.55</v></c><c r="G54"><v>-0.5</v></c><c r="H54" s="2"><v>6000</v></c><c r="I54"><v>3.65</v></c><c r="J54"><v>5.45</v></c><c r="K54" s="2"><v>8400</v></c><c r="L54"><v>820</v></c><c r="M54" s="2"><v>3600</v></c><c r="N54" s="1"><v>100.1</v></c><c r="O54" s="1"><v>106.8</v></c><c r="P54" s="2"><v>1200</v></c><c r="Q54" t="s"><v>19</v></c><c r="R54" s="1"><v>89.3</v></c><c r="S54" t="s"><v>19</v></c><c r="T54" s="2" t="s"><v>19</v></c><c r="U54" s="2" t="s"><v>19</v></c><c r="V54" s="2"><v>4800</v></c><c r="W54" t="s"><v>210</v></c></row><row r="55" spans="1:23" x14ac:dyDescent="0.25"><c r="A55" t="s"><v>210</v></c><c r="B55" s="2"><v>21600</v></c><c r="C55" s="2"><v>16800</v></c><c r="D55" s="2"><v>26</v></c><c r="E55"><v>46.51</v></c><c r="F55"><v>2.75</v></c><c r="G55"><v>-0.45</v></c><c r="H55" s="2"><v>1200</v></c><c r="I55"><v>2.5499999999999998</v></c><c r="J55" t="s"><v>19</v></c><c r="K55" s="2" t="s"><v>19</v></c><c r="L55"><v>830</v></c><c r="M55" s="2"><v>2400</v></c><c r="N55" s="1"><v>108.4</v></c><c r="O55" s="1"><v>116.6</v></c><c r="P55" s="2"><v>2400</v></c><c r="Q55" t="s"><v>19</v></c><c r="R55" s="1"><v>109</v></c><c r="S55" t="s"><v>19</v></c><c r="T55" s="2" t="s"><v>19</v></c><c r="U55" s="2" t="s"><v>19</v></c><c r="V55" s="2"><v>2400</v></c><c r="W55" t="s"><v>210</v></c></row><row r="56" spans="1:23" x14ac:dyDescent="0.25"><c r="A56" t="s"><v>210</v></c><c r="B56" s="2"><v>223200</v></c><c r="C56" s="2"><v>16800</v></c><c r="D56" s="2"><v>22</v></c><c r="E56"><v>49.29</v></c><c r="F56"><v>2.7</v></c><c r="G56" t="s"><v>19</v></c><c r="H56" s="2"><v>2400</v></c><c r="I56"><v>2.2999999999999998</v></c><c r="J56"><v>3</v></c><c r="K56" s="2"><v>1200</v></c><c r="L56"><v>840</v></c><c r="M56" s="2"><v>2400</v></c><c r="N56" s="1"><v>118.55</v></c><c r="O56" s="1"><v>125.9</v></c><c r="P56" s="2"><v>2400</v></c><c r="Q56" t="s"><v>19</v></c><c r="R56" s="1"><v>124.15</v></c><c r="S56" t="s"><v>19</v></c><c r="T56" s="2" t="s"><v>19</v></c><c r="U56" s="2" t="s"><v>19</v></c><c r="V56" s="2"><v>7200</v></c><c r="W56" t="s"><v>210</v></c></row><row r="57" spans="1:23" x14ac:dyDescent="0.25"><c r="A57" t="s"><v>210</v></c><c r="B57" s="2"><v>326400</v></c><c r="C57" s="2"><v>33600</v></c><c r="D57" s="2"><v>35</v></c><c r="E57"><v>49.59</v></c><c r="F57"><v>2.15</v></c><c r="G57"><v>-0.15</v></c><c r="H57" s="2"><v>2400</v></c><c r="I57"><v>2.15</v></c><c r="J57"><v>2.8</v></c><c r="K57" s="2"><v>3600</v></c><c r="L57"><v>850</v></c><c r="M57" s="2" t="s"><v>19</v></c><c r="N57" s="1" t="s"><v>19</v></c><c r="O57" s="1" t="s"><v>19</v></c><c r="P57" s="2" t="s"><v>19</v></c><c r="Q57" t="s"><v>19</v></c><c r="R57" s="1" t="s"><v>19</v></c><c r="S57" t="s"><v>19</v></c><c r="T57" s="2" t="s"><v>19</v></c><c r="U57" s="2" t="s"><v>19</v></c><c r="V57" s="2" t="s"><v>19</v></c><c r="W57" t="s"><v>210</v></c></row><row r="58" spans="1:23" x14ac:dyDescent="0.25"><c r="A58" t="s"><v>210</v></c><c r="B58" s="2" t="s"><v>19</v></c><c r="C58" s="2" t="s"><v>19</v></c><c r="D58" s="2" t="s"><v>19</v></c><c r="E58" t="s"><v>19</v></c><c r="F58" t="s"><v>19</v></c><c r="G58" t="s"><v>19</v></c><c r="H58" s="2" t="s"><v>19</v></c><c r="I58" t="s"><v>19</v></c><c r="J58" t="s"><v>19</v></c><c r="K58" s="2" t="s"><v>19</v></c><c r="L58"><v>1200</v></c><c r="M58" s="2" t="s"><v>19</v></c><c r="N58" s="1" t="s"><v>19</v></c><c r="O58" s="1" t="s"><v>19</v></c><c r="P58" s="2" t="s"><v>19</v></c><c r="Q58" t="s"><v>19</v></c><c r="R58" s="1" t="s"><v>19</v></c><c r="S58" t="s"><v>19</v></c><c r="T58" s="2" t="s"><v>19</v></c><c r="U58" s="2" t="s"><v>19</v></c><c r="V58" s="2"><v>2400</v></c><c r="W58" t="s"><v>210</v></c></row><row r="59" spans="1:23" x14ac:dyDescent="0.25"><c r="A59" t="s"><v>210</v></c><c r="B59" s="2"><v>54000</v></c><c r="C59" s="2" t="s"><v>19</v></c><c r="D59" s="2" t="s"><v>19</v></c><c r="E59" t="s"><v>19</v></c><c r="F59" t="s"><v>19</v></c><c r="G59" t="s"><v>19</v></c><c r="H59" s="2" t="s"><v>19</v></c><c r="I59" t="s"><v>19</v></c><c r="J59" t="s"><v>19</v></c><c r="K59" s="2" t="s"><v>19</v></c><c r="L59"><v>1400</v></c><c r="M59" s="2" t="s"><v>19</v></c><c r="N59" s="1" t="s"><v>19</v></c><c r="O59" s="1" t="s"><v>19</v></c><c r="P59" s="2" t="s"><v>19</v></c><c r="Q59" t="s"><v>19</v></c><c r="R59" s="1" t="s"><v>19</v></c><c r="S59" t="s"><v>19</v></c><c r="T59" s="2" t="s"><v>19</v></c><c r="U59" s="2" t="s"><v>19</v></c><c r="V59" s="2"><v>1200</v></c><c r="W59" t="s"><v>210</v></c></row><row r="60" spans="1:23" x14ac:dyDescent="0.25"><c r="A60" t="s"><v>210</v></c><c r="B60" s="2"><v>7800</v></c><c r="C60" s="2" t="s"><v>19</v></c><c r="D60" s="2" t="s"><v>19</v></c><c r="E60" t="s"><v>19</v></c><c r="F60" t="s"><v>19</v></c><c r="G60" t="s"><v>19</v></c><c r="H60" s="2" t="s"><v>19</v></c><c r="I60" t="s"><v>19</v></c><c r="J60" t="s"><v>19</v></c><c r="K60" s="2" t="s"><v>19</v></c><c r="L60"><v>1440</v></c><c r="M60" s="2" t="s"><v>19</v></c><c r="N60" s="1" t="s"><v>19</v></c><c r="O60" s="1" t="s"><v>19</v></c><c r="P60" s="2" t="s"><v>19</v></c><c r="Q60" t="s"><v>19</v></c><c r="R60" s="1" t="s"><v>19</v></c><c r="S60" t="s"><v>19</v></c><c r="T60" s="2" t="s"><v>19</v></c><c r="U60" s="2" t="s"><v>19</v></c><c r="V60" s="2" t="s"><v>19</v></c><c r="W60" t="s"><v>210</v></c></row><row r="61" spans="1:23" x14ac:dyDescent="0.25"><c r="A61" t="s"><v>210</v></c><c r="B61" s="2"><v>42600</v></c><c r="C61" s="2" t="s"><v>19</v></c><c r="D61" s="2" t="s"><v>19</v></c><c r="E61" t="s"><v>19</v></c><c r="F61" t="s"><v>19</v></c><c r="G61" t="s"><v>19</v></c><c r="H61" s="2" t="s"><v>19</v></c><c r="I61" t="s"><v>19</v></c><c r="J61" t="s"><v>19</v></c><c r="K61" s="2" t="s"><v>19</v></c><c r="L61"><v>1500</v></c><c r="M61" s="2" t="s"><v>19</v></c><c r="N61" s="1" t="s"><v>19</v></c><c r="O61" s="1" t="s"><v>19</v></c><c r="P61" s="2" t="s"><v>19</v></c><c r="Q61" t="s"><v>19</v></c><c r="R61" s="1" t="s"><v>19</v></c><c r="S61" t="s"><v>19</v></c><c r="T61" s="2" t="s"><v>19</v></c><c r="U61" s="2" t="s"><v>19</v></c><c r="V61" s="2" t="s"><v>19</v></c><c r="W61" t="s"><v>210</v></c></row><row r="62" spans="1:23" x14ac:dyDescent="0.25"><c r="A62" t="s"><v>20</v></c><c r="B62" s="2"><v>5206800</v></c><c r="C62" s="2"/><c r="D62" s="2"><v>5061</v></c><c r="H62" s="2"/><c r="K62" s="2"/><c r="M62" s="2"/><c r="N62" s="1"/><c r="O62" s="1"/><c r="P62" s="2"/><c r="R62" s="1"/><c r="T62" s="2"><v>4203</v></c><c r="U62" s="2"/><c r="V62" s="2"><v>3054000</v></c><c r="W62" t="s"><v>20</v></c></row><row r="63" spans="1:23" x14ac:dyDescent="0.25"><c r="B63" s="2"/><c r="C63" s="2"/><c r="D63" s="2"/><c r="H63" s="2"/><c r="K63" s="2"/><c r="M63" s="2"/><c r="N63" s="1"/><c r="O63" s="1"/><c r="P63" s="2"/><c r="R63" s="1"/><c r="T63" s="2"/><c r="U63" s="2"/><c r="V63" s="2"/></row><row r="64" spans="1:23" x14ac:dyDescent="0.25"><c r="A64" t="s"><v>21</v></c><c r="B64" s="2"/><c r="C64" s="2"/><c r="D64" s="2"/><c r="H64" s="2"/><c r="K64" s="2"/><c r="M64" s="2"/><c r="N64" s="1"/><c r="O64" s="1"/><c r="P64" s="2"/><c r="R64" s="1"/><c r="T64" s="2"/><c r="U64" s="2"/><c r="V64" s="2"/></row><row r="65" spans="1:22" x14ac:dyDescent="0.25"><c r="A65" t="s"><v>22</v></c><c r="B65" s="2"/><c r="C65" s="2"/><c r="D65" s="2"/><c r="H65" s="2"/><c r="K65" s="2"/><c r="M65" s="2"/><c r="N65" s="1"/><c r="O65" s="1"/><c r="P65" s="2"/><c r="R65" s="1"/><c r="T65" s="2"/><c r="U65" s="2"/><c r="V65" s="2"/></row><row r="66" spans="1:22" x14ac:dyDescent="0.25"><c r="A66" t="s"><v>211</v></c><c r="B66" s="2"/><c r="C66" s="2"/><c r="D66" s="2"/><c r="H66" s="2"/><c r="K66" s="2"/><c r="M66" s="2"/><c r="N66" s="1"/><c r="O66" s="1"/><c r="P66" s="2"/><c r="T66" s="2"/><c r="U66" s="2"/><c r="V66" s="2"/></row><row r="67" spans="1:22" x14ac:dyDescent="0.25"><c r="B67" s="2"/><c r="C67" s="2"/><c r="D67" s="2"/><c r="H67" s="2"/><c r="K67" s="2"/><c r="M67" s="2"/><c r="N67" s="1"/><c r="O67" s="1"/><c r="P67" s="2"/><c r="R67" s="1"/><c r="T67" s="2"/><c r="U67" s="2"/><c r="V67" s="2"/></row><row r="68" spans="1:22" x14ac:dyDescent="0.25"><c r="B68" s="2"/><c r="C68" s="2"/><c r="D68" s="2"/><c r="H68" s="2"/><c r="K68" s="2"/><c r="M68" s="2"/><c r="N68" s="1"/><c r="O68" s="1"/><c r="P68" s="2"/><c r="R68" s="1"/><c r="T68" s="2"/><c r="U68" s="2"/><c r="V68" s="2"/></row><row r="69" spans="1:22" x14ac:dyDescent="0.25"><c r="B69" s="2"/><c r="C69" s="2"/><c r="D69" s="2"/><c r="H69" s="2"/><c r="K69" s="2"/><c r="M69" s="2"/><c r="N69" s="1"/><c r="O69" s="1"/><c r="P69" s="2"/><c r="R69" s="1"/><c r="T69" s="2"/><c r="U69" s="2"/><c r="V69" s="2"/></row><row r="70" spans="1:22" x14ac:dyDescent="0.25"><c r="B70" s="2"/><c r="C70" s="2"/><c r="D70" s="2"/><c r="H70" s="2"/><c r="K70" s="2"/><c r="M70" s="2"/><c r="N70" s="1"/><c r="O70" s="1"/><c r="P70" s="2"/><c r="R70" s="1"/><c r="T70" s="2"/><c r="U70" s="2"/><c r="V70" s="2"/></row><row r="71" spans="1:22" x14ac:dyDescent="0.25"><c r="B71" s="2"/><c r="C71" s="2"/><c r="D71" s="2"/><c r="H71" s="2"/><c r="K71" s="2"/><c r="M71" s="2"/><c r="N71" s="1"/><c r="O71" s="1"/><c r="P71" s="2"/><c r="T71" s="2"/><c r="U71" s="2"/><c r="V71" s="2"/></row><row r="72" spans="1:22" x14ac:dyDescent="0.25"><c r="B72" s="2"/><c r="C72" s="2"/><c r="D72" s="2"/><c r="H72" s="2"/><c r="K72" s="2"/><c r="M72" s="2"/><c r="N72" s="1"/><c r="O72" s="1"/><c r="P72" s="2"/><c r="R72" s="1"/><c r="T72" s="2"/><c r="U72" s="2"/><c r="V72" s="2"/></row><row r="73" spans="1:22" x14ac:dyDescent="0.25"><c r="B73" s="2"/><c r="C73" s="2"/><c r="D73" s="2"/><c r="H73" s="2"/><c r="K73" s="2"/><c r="M73" s="2"/><c r="N73" s="1"/><c r="O73" s="1"/><c r="P73" s="2"/><c r="R73" s="1"/><c r="U73" s="2"/><c r="V73" s="2"/></row><row r="74" spans="1:22" x14ac:dyDescent="0.25"><c r="B74" s="2"/><c r="C74" s="2"/><c r="D74" s="2"/><c r="H74" s="2"/><c r="K74" s="2"/><c r="M74" s="2"/><c r="N74" s="1"/><c r="O74" s="1"/><c r="P74" s="2"/><c r="R74" s="1"/><c r="T74" s="2"/><c r="U74" s="2"/><c r="V74" s="2"/></row><row r="75" spans="1:22" x14ac:dyDescent="0.25"><c r="B75" s="2"/><c r="C75" s="2"/><c r="D75" s="2"/><c r="H75" s="2"/><c r="K75" s="2"/><c r="M75" s="2"/><c r="N75" s="1"/><c r="O75" s="1"/><c r="P75" s="2"/><c r="R75" s="1"/><c r="T75" s="2"/><c r="U75" s="2"/><c r="V75" s="2"/></row><row r="76" spans="1:22" x14ac:dyDescent="0.25"><c r="B76" s="2"/><c r="C76" s="2"/><c r="D76" s="2"/><c r="H76" s="2"/><c r="K76" s="2"/><c r="M76" s="2"/><c r="N76" s="1"/><c r="O76" s="1"/><c r="P76" s="2"/><c r="R76" s="1"/><c r="T76" s="2"/><c r="U76" s="2"/><c r="V76" s="2"/></row><row r="77" spans="1:22" x14ac:dyDescent="0.25"><c r="B77" s="2"/><c r="C77" s="2"/><c r="D77" s="2"/><c r="H77" s="2"/><c r="K77" s="2"/><c r="M77" s="2"/><c r="N77" s="1"/><c r="O77" s="1"/><c r="P77" s="2"/><c r="R77" s="1"/><c r="T77" s="2"/><c r="U77" s="2"/><c r="V77" s="2"/></row><row r="78" spans="1:22" x14ac:dyDescent="0.25"><c r="B78" s="2"/><c r="C78" s="2"/><c r="D78" s="2"/><c r="H78" s="2"/><c r="K78" s="2"/><c r="M78" s="2"/><c r="N78" s="1"/><c r="O78" s="1"/><c r="P78" s="2"/><c r="V78" s="2"/></row><row r="79" spans="1:22" x14ac:dyDescent="0.25"><c r="B79" s="2"/><c r="C79" s="2"/><c r="D79" s="2"/><c r="H79" s="2"/><c r="K79" s="2"/><c r="M79" s="2"/><c r="N79" s="1"/><c r="O79" s="1"/><c r="P79" s="2"/><c r="R79" s="1"/><c r="T79" s="2"/><c r="U79" s="2"/><c r="V79" s="2"/></row><row r="80" spans="1:22" x14ac:dyDescent="0.25"><c r="B80" s="2"/><c r="C80" s="2"/><c r="D80" s="2"/><c r="H80" s="2"/><c r="K80" s="2"/><c r="M80" s="2"/><c r="N80" s="1"/><c r="O80" s="1"/><c r="P80" s="2"/><c r="R80" s="1"/><c r="T80" s="2"/><c r="U80" s="2"/><c r="V80" s="2"/></row><row r="81" spans="2:22" x14ac:dyDescent="0.25"><c r="B81" s="2"/><c r="C81" s="2"/><c r="D81" s="2"/><c r="H81" s="2"/><c r="K81" s="2"/><c r="M81" s="2"/><c r="N81" s="1"/><c r="O81" s="1"/><c r="P81" s="2"/><c r="R81" s="1"/><c r="V81" s="2"/></row><row r="82" spans="2:22" x14ac:dyDescent="0.25"><c r="B82" s="2"/><c r="C82" s="2"/><c r="D82" s="2"/><c r="H82" s="2"/><c r="K82" s="2"/><c r="M82" s="2"/><c r="N82" s="1"/><c r="O82" s="1"/><c r="P82" s="2"/><c r="R82" s="1"/><c r="T82" s="2"/><c r="U82" s="2"/><c r="V82" s="2"/></row><row r="83" spans="2:22" x14ac:dyDescent="0.25"><c r="B83" s="2"/><c r="C83" s="2"/><c r="D83" s="2"/><c r="H83" s="2"/><c r="K83" s="2"/><c r="M83" s="2"/><c r="N83" s="1"/><c r="O83" s="1"/><c r="P83" s="2"/><c r="R83" s="1"/><c r="V83" s="2"/></row><row r="84" spans="2:22" x14ac:dyDescent="0.25"><c r="B84" s="2"/><c r="C84" s="2"/><c r="D84" s="2"/><c r="H84" s="2"/><c r="K84" s="2"/><c r="M84" s="2"/><c r="N84" s="1"/><c r="O84" s="1"/><c r="P84" s="2"/><c r="R84" s="1"/><c r="V84" s="2"/></row><row r="85" spans="2:22" x14ac:dyDescent="0.25"><c r="B85" s="2"/><c r="C85" s="2"/><c r="D85" s="2"/><c r="H85" s="2"/><c r="K85" s="2"/><c r="M85" s="2"/><c r="N85" s="1"/><c r="O85" s="1"/><c r="P85" s="2"/><c r="R85" s="1"/><c r="T85" s="2"/><c r="U85" s="2"/><c r="V85" s="2"/></row><row r="86" spans="2:22" x14ac:dyDescent="0.25"><c r="B86" s="2"/><c r="C86" s="2"/><c r="D86" s="2"/><c r="H86" s="2"/><c r="K86" s="2"/><c r="M86" s="2"/><c r="N86" s="1"/><c r="O86" s="1"/><c r="P86" s="2"/><c r="R86" s="1"/><c r="V86" s="2"/></row><row r="87" spans="2:22" x14ac:dyDescent="0.25"><c r="B87" s="2"/><c r="C87" s="2"/><c r="D87" s="2"/><c r="H87" s="2"/><c r="K87" s="2"/><c r="M87" s="2"/><c r="N87" s="1"/><c r="O87" s="1"/><c r="P87" s="2"/><c r="R87" s="1"/><c r="V87" s="2"/></row><row r="88" spans="2:22" x14ac:dyDescent="0.25"><c r="B88" s="2"/><c r="C88" s="2"/><c r="D88" s="2"/><c r="H88" s="2"/><c r="K88" s="2"/><c r="M88" s="2"/><c r="N88" s="1"/><c r="O88" s="1"/><c r="P88" s="2"/><c r="R88" s="1"/><c r="U88" s="2"/><c r="V88" s="2"/></row><row r="89" spans="2:22" x14ac:dyDescent="0.25"><c r="B89" s="2"/><c r="C89" s="2"/><c r="D89" s="2"/><c r="H89" s="2"/><c r="K89" s="2"/><c r="M89" s="2"/><c r="N89" s="1"/><c r="O89" s="1"/><c r="P89" s="2"/><c r="R89" s="1"/><c r="V89" s="2"/></row><row r="90" spans="2:22" x14ac:dyDescent="0.25"><c r="B90" s="2"/><c r="C90" s="2"/><c r="D90" s="2"/><c r="H90" s="2"/><c r="K90" s="2"/><c r="M90" s="2"/><c r="N90" s="1"/><c r="O90" s="1"/><c r="P90" s="2"/><c r="R90" s="1"/><c r="U90" s="2"/><c r="V90" s="2"/></row><row r="91" spans="2:22" x14ac:dyDescent="0.25"><c r="B91" s="2"/><c r="C91" s="2"/><c r="D91" s="2"/><c r="H91" s="2"/><c r="K91" s="2"/><c r="M91" s="2"/><c r="N91" s="1"/><c r="O91" s="1"/><c r="P91" s="2"/><c r="R91" s="1"/><c r="V91" s="2"/></row><row r="92" spans="2:22" x14ac:dyDescent="0.25"><c r="B92" s="2"/><c r="C92" s="2"/><c r="D92" s="2"/><c r="H92" s="2"/><c r="K92" s="2"/><c r="M92" s="2"/><c r="N92" s="1"/><c r="O92" s="1"/><c r="P92" s="2"/><c r="R92" s="1"/><c r="U92" s="2"/><c r="V92" s="2"/></row><row r="93" spans="2:22" x14ac:dyDescent="0.25"><c r="B93" s="2"/><c r="C93" s="2"/><c r="D93" s="2"/><c r="H93" s="2"/><c r="K93" s="2"/><c r="M93" s="2"/><c r="N93" s="1"/><c r="O93" s="1"/><c r="P93" s="2"/><c r="R93" s="1"/><c r="T93" s="2"/><c r="U93" s="2"/><c r="V93" s="2"/></row><row r="94" spans="2:22" x14ac:dyDescent="0.25"><c r="B94" s="2"/><c r="C94" s="2"/><c r="D94" s="2"/><c r="H94" s="2"/><c r="K94" s="2"/><c r="M94" s="2"/><c r="N94" s="1"/><c r="O94" s="1"/><c r="P94" s="2"/><c r="V94" s="2"/></row><row r="95" spans="2:22" x14ac:dyDescent="0.25"><c r="B95" s="2"/><c r="C95" s="2"/><c r="D95" s="2"/><c r="H95" s="2"/><c r="K95" s="2"/><c r="M95" s="2"/><c r="N95" s="1"/><c r="O95" s="1"/><c r="P95" s="2"/><c r="R95" s="1"/><c r="T95" s="2"/><c r="U95" s="2"/><c r="V95" s="2"/></row><row r="96" spans="2:22" x14ac:dyDescent="0.25"><c r="B96" s="2"/><c r="C96" s="2"/><c r="D96" s="2"/><c r="H96" s="2"/><c r="K96" s="2"/><c r="M96" s="2"/><c r="N96" s="1"/><c r="O96" s="1"/><c r="P96" s="2"/><c r="V96" s="2"/></row><row r="97" spans="2:22" x14ac:dyDescent="0.25"><c r="B97" s="2"/><c r="C97" s="2"/><c r="D97" s="2"/><c r="H97" s="2"/><c r="K97" s="2"/><c r="M97" s="2"/><c r="N97" s="1"/><c r="O97" s="1"/><c r="P97" s="2"/><c r="V97" s="2"/></row><row r="98" spans="2:22" x14ac:dyDescent="0.25"><c r="B98" s="2"/><c r="C98" s="2"/><c r="D98" s="2"/><c r="H98" s="2"/><c r="K98" s="2"/><c r="M98" s="2"/><c r="N98" s="1"/><c r="O98" s="1"/><c r="P98" s="2"/><c r="R98" s="1"/><c r="V98" s="2"/></row><row r="99" spans="2:22" x14ac:dyDescent="0.25"><c r="B99" s="2"/><c r="C99" s="2"/><c r="D99" s="2"/><c r="H99" s="2"/><c r="K99" s="2"/><c r="M99" s="2"/><c r="N99" s="1"/><c r="O99" s="1"/><c r="P99" s="2"/><c r="V99" s="2"/></row><row r="100" spans="2:22" x14ac:dyDescent="0.25"><c r="B100" s="2"/><c r="C100" s="2"/><c r="D100" s="2"/><c r="H100" s="2"/><c r="K100" s="2"/><c r="M100" s="2"/><c r="N100" s="1"/><c r="O100" s="1"/><c r="P100" s="2"/><c r="R100" s="1"/><c r="T100" s="2"/><c r="U100" s="2"/><c r="V100" s="2"/></row><row r="101" spans="2:22" x14ac:dyDescent="0.25"><c r="H101" s="2"/><c r="M101" s="2"/><c r="N101" s="1"/><c r="O101" s="1"/></row><row r="102" spans="2:22" x14ac:dyDescent="0.25"><c r="H102" s="2"/><c r="M102" s="2"/><c r="N102" s="1"/><c r="O102" s="1"/><c r="P102" s="2"/></row><row r="103" spans="2:22" x14ac:dyDescent="0.25"><c r="H103" s="2"/><c r="M103" s="2"/><c r="N103" s="1"/><c r="O103" s="1"/></row><row r="104" spans="2:22" x14ac:dyDescent="0.25"><c r="H104" s="2"/><c r="M104" s="2"/><c r="N104" s="1"/><c r="O104" s="1"/><c r="P104" s="2"/></row><row r="105" spans="2:22" x14ac:dyDescent="0.25"><c r="H105" s="2"/><c r="M105" s="2"/><c r="N105" s="1"/><c r="O105" s="1"/><c r="P105" s="2"/></row><row r="106" spans="2:22" x14ac:dyDescent="0.25"><c r="H106" s="2"/><c r="M106" s="2"/><c r="N106" s="1"/><c r="O106" s="1"/><c r="P106" s="2"/></row><row r="107" spans="2:22" x14ac:dyDescent="0.25"><c r="H107" s="2"/><c r="N107" s="1"/><c r="O107" s="1"/><c r="R107" s="1"/><c r="V107" s="2"/></row><row r="108" spans="2:22" x14ac:dyDescent="0.25"><c r="H108" s="2"/><c r="M108" s="2"/><c r="N108" s="1"/><c r="O108" s="1"/><c r="P108" s="2"/></row><row r="109" spans="2:22" x14ac:dyDescent="0.25"><c r="H109" s="2"/><c r="M109" s="2"/><c r="N109" s="1"/><c r="O109" s="1"/><c r="P109" s="2"/></row><row r="110" spans="2:22" x14ac:dyDescent="0.25"><c r="H110" s="2"/><c r="M110" s="2"/><c r="N110" s="1"/><c r="O110" s="1"/><c r="P110" s="2"/></row><row r="111" spans="2:22" x14ac:dyDescent="0.25"><c r="H111" s="2"/><c r="M111" s="2"/><c r="N111" s="1"/><c r="O111" s="1"/><c r="P111" s="2"/></row><row r="112" spans="2:22" x14ac:dyDescent="0.25"><c r="H112" s="2"/><c r="N112" s="1"/><c r="O112" s="1"/><c r="R112" s="1"/><c r="V112" s="2"/></row><row r="113" spans="2:22" x14ac:dyDescent="0.25"><c r="H113" s="2"/><c r="M113" s="2"/><c r="N113" s="1"/><c r="O113" s="1"/><c r="P113" s="2"/></row><row r="114" spans="2:22" x14ac:dyDescent="0.25"><c r="H114" s="2"/><c r="M114" s="2"/><c r="N114" s="1"/><c r="O114" s="1"/><c r="P114" s="2"/></row><row r="115" spans="2:22" x14ac:dyDescent="0.25"><c r="H115" s="2"/><c r="M115" s="2"/><c r="N115" s="1"/><c r="O115" s="1"/><c r="P115" s="2"/></row><row r="116" spans="2:22" x14ac:dyDescent="0.25"><c r="H116" s="2"/><c r="M116" s="2"/><c r="N116" s="1"/><c r="O116" s="1"/><c r="P116" s="2"/></row><row r="117" spans="2:22" x14ac:dyDescent="0.25"><c r="B117" s="2"/><c r="V117" s="2"/></row></sheetData><customSheetViews><customSheetView guid="{D12DFD61-4B7F-43F1-B07E-A848E00A354C}" state="hidden" topLeftCell="C5"><selection activeCell="U5" sqref="U5"/><pageMargins left="0.7" right="0.7" top="0.75" bottom="0.75" header="0.3" footer="0.3"/><pageSetup paperSize="9" orientation="portrait" horizontalDpi="300" verticalDpi="300" r:id="rId1"/></customSheetView></customSheetViews><pageMargins left="0.7" right="0.7" top="0.75" bottom="0.75" header="0.3" footer="0.3"/><pageSetup paperSize="9" orientation="portrait" horizontalDpi="300" verticalDpi="300" r:id="rId2"/></worksheet>