<?xml version="1.0" encoding="UTF-8" standalone="yes"?>
<worksheet xmlns="http://schemas.openxmlformats.org/spreadsheetml/2006/main" xmlns:r="http://schemas.openxmlformats.org/officeDocument/2006/relationships" xmlns:xdr="http://schemas.openxmlformats.org/drawingml/2006/spreadsheetDrawing" xmlns:x14="http://schemas.microsoft.com/office/spreadsheetml/2009/9/main" xmlns:mc="http://schemas.openxmlformats.org/markup-compatibility/2006" mc:Ignorable="x14ac" xmlns:x14ac="http://schemas.microsoft.com/office/spreadsheetml/2009/9/ac"><sheetPr codeName="Sheet1"/><dimension ref="A1:AC89"/><sheetViews><sheetView tabSelected="1" workbookViewId="0"><selection activeCell="O16" sqref="O16:P16"/></sheetView></sheetViews><sheetFormatPr defaultRowHeight="15" x14ac:dyDescent="0.25"/><cols><col min="1" max="1" width="6.5703125" customWidth="1"/><col min="2" max="2" width="8.7109375" customWidth="1"/><col min="3" max="3" width="10.42578125" customWidth="1"/><col min="4" max="4" width="12.140625" customWidth="1"/><col min="5" max="5" width="12.28515625" customWidth="1"/><col min="6" max="6" width="12.5703125" customWidth="1"/><col min="7" max="7" width="7.7109375" customWidth="1"/><col min="8" max="8" width="9.28515625" customWidth="1"/><col min="9" max="9" width="7.5703125" customWidth="1"/><col min="10" max="10" width="8" customWidth="1"/><col min="11" max="11" width="7.85546875" customWidth="1"/><col min="12" max="12" width="9.85546875" customWidth="1"/><col min="13" max="13" width="7.42578125" customWidth="1"/><col min="14" max="14" width="9" customWidth="1"/><col min="15" max="15" width="8.5703125" customWidth="1"/><col min="16" max="16" width="8.7109375" customWidth="1"/><col min="17" max="17" width="8.5703125" customWidth="1"/><col min="18" max="18" width="7.5703125" customWidth="1"/><col min="19" max="19" width="12.85546875" bestFit="1" customWidth="1"/><col min="27" max="27" width="0" hidden="1" customWidth="1"/></cols><sheetData><row r="1" spans="1:27" ht="17.25" thickTop="1" thickBot="1" x14ac:dyDescent="0.3"><c r="A1" s="347"/><c r="B1" s="348"/><c r="C1" s="348"/><c r="D1" s="398" t="str"><f>Sheet51!G1</f><v xml:space="preserve">Underlying Stock: INFY 721.00  As on Oct 09, 2018 15:30:30 IST </v></c><c r="E1" s="399"/><c r="F1" s="399"/><c r="G1" s="399"/><c r="H1" s="399"/><c r="I1" s="399"/><c r="J1" s="399"/><c r="K1" s="399"/><c r="L1" s="399"/><c r="M1" s="399"/><c r="N1" s="399"/><c r="O1" s="394" t="s"><v>42</v></c><c r="P1" s="395"/><c r="Q1" s="396"><f ca="1">NOW()</f><v>43382.845566550925</v></c><c r="R1" s="396"/><c r="S1" s="353"><f ca="1">NOW()</f><v>43382.845566550925</v></c><c r="AA1" t="s"><v>70</v></c></row><row r="2" spans="1:27" ht="22.5" thickTop="1" thickBot="1" x14ac:dyDescent="0.4"><c r="A2" s="349" t="s"><v>43</v></c><c r="B2" s="406"><f>Sheet51!B1</f><v>721</v></c><c r="C2" s="406"/><c r="D2" s="400"/><c r="E2" s="400"/><c r="F2" s="400"/><c r="G2" s="400"/><c r="H2" s="400"/><c r="I2" s="400"/><c r="J2" s="400"/><c r="K2" s="400"/><c r="L2" s="400"/><c r="M2" s="400"/><c r="N2" s="400"/><c r="O2" s="350"/><c r="P2" s="351"/><c r="Q2" s="397" t="s"><v>44</v></c><c r="R2" s="397"/><c r="S2" s="352"><f ca="1">Sheet51!G71</f><v>720</v></c><c r="AA2" t="s"><v>68</v></c></row><row r="3" spans="1:27" ht="21.75" thickTop="1" x14ac:dyDescent="0.25"><c r="A3" s="401" t="s"><v>45</v></c><c r="B3" s="402"/><c r="C3" s="402"/><c r="D3" s="402"/><c r="E3" s="402"/><c r="F3" s="402"/><c r="G3" s="25"/><c r="H3" s="403" t="str"><f ca="1">Sheet51!F180</f><v>STRONG BEAR</v></c><c r="I3" s="403"/><c r="J3" s="403"/><c r="K3" s="26"/><c r="L3" s="402" t="s"><v>46</v></c><c r="M3" s="404"/><c r="N3" s="404"/><c r="O3" s="404"/><c r="P3" s="404"/><c r="Q3" s="404"/><c r="R3" s="26"/><c r="S3" s="90"/></row><row r="4" spans="1:27" ht="16.5" thickBot="1" x14ac:dyDescent="0.3"><c r="A4" s="421" t="s"><v>48</v></c><c r="B4" s="422"/><c r="C4" s="87" t="s"><v>49</v></c><c r="D4" s="87" t="s"><v>16</v></c><c r="E4" s="87" t="s"><v>48</v></c><c r="F4" s="87" t="s"><v>50</v></c><c r="G4" s="27"/><c r="H4" s="87" t="s"><v>11</v></c><c r="I4" s="28"/><c r="J4" s="29" t="s"><v>51</v></c><c r="K4" s="87"/><c r="L4" s="87" t="s"><v>49</v></c><c r="M4" s="87" t="s"><v>16</v></c><c r="N4" s="405" t="s"><v>8</v></c><c r="O4" s="405"/><c r="P4" s="405" t="s"><v>52</v></c><c r="Q4" s="405"/><c r="R4" s="405" t="s"><v>53</v></c><c r="S4" s="407"/><c r="AA4" t="s"><v>76</v></c></row><row r="5" spans="1:27" ht="16.5" customHeight="1" thickBot="1" x14ac:dyDescent="0.3"><c r="A5" s="430" t="s"><v>54</v></c><c r="B5" s="431"/><c r="C5" s="30"><f ca="1">IF(Sheet51!$P$18="yes",IF(Sheet51!$P$17="yes",SUMIF(Sheet51!C6:'Sheet51'!C67,E5,Sheet51!H6:'Sheet51'!H67),""),"")</f><v>710</v></c><c r="D5" s="30"><f ca="1">IF(Sheet51!$P$18="yes",IF(Sheet51!$P$17="yes",SUMIF(Sheet51!$H$6:'Sheet51'!$H$67,C5,Sheet51!$F$6:'Sheet51'!$F$67),""),"")</f><v>32.450000000000003</v></c><c r="E5" s="88"><f ca="1">IF(Sheet51!$P$18="yes",IF(Sheet51!$P$17="yes",Sheet51!M85,""),"")</f><v>130800</v></c><c r="F5" s="88"><f ca="1">IF(Sheet51!$P$18="yes",IF(Sheet51!$P$17="yes",SUMIF(Sheet51!C6:'Sheet51'!C67,E5,Sheet51!D6:'Sheet51'!D67),""),"")</f><v>467</v></c><c r="G5" s="31"/><c r="H5" s="32"><f ca="1">IF(Sheet51!$P$18="yes",IF(Sheet51!$P$17="yes",IF(A5="CE",SUMIF(Sheet51!H$6:'Sheet51'!H$67,C5,Sheet51!E$6:'Sheet51'!E$67),SUMIF(Sheet51!H$6:'Sheet51'!H$67,C5,Sheet51!L$6:'Sheet51'!L$67)),""),"")</f><v>43.6</v></c><c r="I5" s="32" t="s"><v>54</v></c><c r="J5" s="33"><f ca="1">IF(Sheet51!$P$18="yes",IF(Sheet51!$P$17="yes",Sheet51!L71,""),"")</f><v>0.37554285714285712</v></c><c r="K5" s="34"/><c r="L5" s="30"><f ca="1">IF(Sheet51!$P$18="yes",IF(Sheet51!$P$17="yes",SUMIF(Sheet51!B6:B67,N5,Sheet51!H6:H67),""),"")</f><v>800</v></c><c r="M5" s="30"><f ca="1">IF(Sheet51!$P$18="yes",IF(Sheet51!$P$17="yes",SUMIF(Sheet51!H6:H67,L5,Sheet51!F6:F67),""),"")</f><v>6.15</v></c><c r="N5" s="392"><f ca="1">IF(Sheet51!$P$18="yes",IF(Sheet51!$P$17="yes",Sheet51!M88,""),"")</f><v>762000</v></c><c r="O5" s="392"/><c r="P5" s="392"><f ca="1">IF(Sheet51!$P$18="yes",IF(Sheet51!$P$17="yes",Sheet51!$M$91,""),"")</f><v>5206800</v></c><c r="Q5" s="392"/><c r="R5" s="392"><f ca="1">IF(Sheet51!$P$18="yes",IF(Sheet51!$P$17="yes",Sheet51!K104,""),"")</f><v>308400</v></c><c r="S5" s="393"/><c r="AA5" t="s"><v>69</v></c></row><row r="6" spans="1:27" ht="16.5" customHeight="1" thickBot="1" x14ac:dyDescent="0.3"><c r="A6" s="432" t="s"><v>55</v></c><c r="B6" s="433"/><c r="C6" s="30"><f ca="1">IF(Sheet51!$P$18="yes",IF(Sheet51!$P$17="yes",SUMIF(Sheet51!J6:'Sheet51'!J67,E6,Sheet51!H6:'Sheet51'!H67),""),"")</f><v>650</v></c><c r="D6" s="30"><f ca="1">IF(Sheet51!$P$18="yes",IF(Sheet51!$P$17="yes",SUMIF(Sheet51!$H$6:'Sheet51'!$H$67,C6,Sheet51!$M$6:'Sheet51'!$M$67),""),"")</f><v>5.85</v></c><c r="E6" s="88"><f ca="1">IF(Sheet51!$P$18="yes",IF(Sheet51!$P$17="yes",Sheet51!M86,""),"")</f><v>109200</v></c><c r="F6" s="88"><f ca="1">IF(Sheet51!$P$18="yes",IF(Sheet51!$P$17="yes",SUMIF(Sheet51!J6:'Sheet51'!J67,E6,Sheet51!K6:'Sheet51'!K67),""),"")</f><v>491</v></c><c r="G6" s="31"/><c r="H6" s="35"><f ca="1">IF(Sheet51!$P$18="yes",IF(Sheet51!$P$17="yes",IF(A6="CE",SUMIF(Sheet51!H$6:'Sheet51'!H$67,C6,Sheet51!E$6:'Sheet51'!E$67),SUMIF(Sheet51!H$6:'Sheet51'!H$67,C6,Sheet51!L$6:'Sheet51'!L$67)),""),"")</f><v>50.75</v></c><c r="I6" s="35" t="s"><v>55</v></c><c r="J6" s="36"><f ca="1">IF(Sheet51!$P$18="yes",IF(Sheet51!$P$17="yes",Sheet51!M71,""),"")</f><v>0.43005714285714292</v></c><c r="K6" s="34"/><c r="L6" s="30"><f ca="1">IF(Sheet51!$P$18="yes",IF(Sheet51!$P$17="yes",SUMIF(Sheet51!I6:I67,N6,Sheet51!H6:H67),""),"")</f><v>700</v></c><c r="M6" s="30"><f ca="1">IF(Sheet51!$P$18="yes",IF(Sheet51!$P$17="yes",SUMIF(Sheet51!H6:H67,L6,Sheet51!M6:M67),""),"")</f><v>19</v></c><c r="N6" s="392"><f ca="1">IF(Sheet51!$P$18="yes",IF(Sheet51!$P$17="yes",Sheet51!M89,""),"")</f><v>486000</v></c><c r="O6" s="392"/><c r="P6" s="392"><f ca="1">IF(Sheet51!$P$18="yes",IF(Sheet51!$P$17="yes",Sheet51!$M$92,""),"")</f><v>3054000</v></c><c r="Q6" s="392"/><c r="R6" s="392"><f ca="1">IF(Sheet51!$P$18="yes",IF(Sheet51!$P$17="yes",Sheet51!M104,""),"")</f><v>116400</v></c><c r="S6" s="393"/></row><row r="7" spans="1:27" ht="16.5" thickBot="1" x14ac:dyDescent="0.3"><c r="A7" s="419" t="s"><v>56</v></c><c r="B7" s="420"/><c r="C7" s="38"/><c r="D7" s="37"><f ca="1">IF(Sheet51!$P$18="yes",IF(Sheet51!$P$17="yes",D5+D6,""),"")</f><v>38.300000000000004</v></c><c r="E7" s="37" t="str"><f ca="1">IF(Sheet51!$P$18="yes",IF(Sheet51!$P$17="yes",IF(ABS(MAX(E6))&gt;ABS(MAX(E5)),"BUY","SELL"),""),"")</f><v>SELL</v></c><c r="F7" s="37" t="str"><f ca="1">IF(Sheet51!$P$18="yes",IF(Sheet51!$P$17="yes",IF(AND(E7="BUY",F5&gt;E5),"BUY",IF(AND(E7="SELL",F6&gt;E6),"SELL","FLAT")),""),"")</f><v>FLAT</v></c><c r="G7" s="39"/><c r="H7" s="40"/><c r="I7" s="41" t="s"><v>57</v></c><c r="J7" s="42"/><c r="K7" s="43"/><c r="L7" s="83"/><c r="M7" s="84"><f ca="1">IF(Sheet51!$P$18="yes",IF(Sheet51!$P$17="yes",M5+M6,""),"")</f><v>25.15</v></c><c r="N7" s="390" t="str"><f ca="1">IF(Sheet51!$P$18="yes",IF(Sheet51!$P$17="yes",IF(N6&gt;N5,"BUY","SELL"),""),"")</f><v>SELL</v></c><c r="O7" s="391"/><c r="P7" s="388" t="str"><f ca="1">IF(Sheet51!$P$18="yes",IF(Sheet51!$P$17="yes",IF(P6&gt;P5,"BUY","SELL"),""),"")</f><v>SELL</v></c><c r="Q7" s="389"/><c r="R7" s="385" t="str"><f ca="1">IF(Sheet51!$P$18="yes",IF(Sheet51!$P$17="yes",IF(AND(S5&lt;0,S6&lt;0),"FLAT",IF(S5&lt;0,"BUY",IF(S6&lt;0,"SELL",IF(S6&gt;S5,"BUY","SELL")))),""),"")</f><v>SELL</v></c><c r="S7" s="386"/><c r="AA7" t="s"><v>54</v></c></row><row r="8" spans="1:27" ht="15.75" thickBot="1" x14ac:dyDescent="0.3"><c r="A8" s="44"/><c r="B8" s="45"/><c r="C8" s="45"/><c r="D8" s="45"/><c r="E8" s="45"/><c r="F8" s="45"/><c r="G8" s="45"/><c r="H8" s="45"/><c r="I8" s="45"/><c r="J8" s="45"/><c r="K8" s="46"/><c r="L8" s="45"/><c r="M8" s="45"/><c r="N8" s="45"/><c r="O8" s="47"/><c r="P8" s="47"/><c r="Q8" s="45"/><c r="R8" s="45"/><c r="S8" s="48"/><c r="AA8" t="s"><v>55</v></c></row><row r="9" spans="1:27" ht="16.5" customHeight="1" thickTop="1" thickBot="1" x14ac:dyDescent="0.3"><c r="A9" s="369" t="s"><v>58</v></c><c r="B9" s="370"/><c r="C9" s="355" t="s"><v>59</v></c><c r="D9" s="355" t="s"><v>60</v></c><c r="E9" s="355" t="s"><v>61</v></c><c r="F9" s="356" t="s"><v>62</v></c><c r="G9" s="426" t="str"><f>E14</f><v>INFY</v></c><c r="H9" s="427"/><c r="I9" s="427"/><c r="J9" s="380"><f>EXPIRYDATE</f><v>43398</v></c><c r="K9" s="381"/><c r="L9" s="357" t="s"><v>63</v></c><c r="M9" s="373" t="s"><v>64</v></c><c r="N9" s="373"/><c r="O9" s="373" t="s"><v>10</v></c><c r="P9" s="373"/><c r="Q9" s="373" t="s"><v>65</v></c><c r="R9" s="373"/><c r="S9" s="358" t="s"><v>66</v></c></row><row r="10" spans="1:27" ht="16.5" customHeight="1" thickBot="1" x14ac:dyDescent="0.3"><c r="A10" s="371"/><c r="B10" s="372"/><c r="C10" s="359"><f>IFERROR(INDEX(Data!$AM$6:$AM$8,MATCH(E16,Data!$AJ$6:$AJ$8,0)),"")</f><v>723</v></c><c r="D10" s="359"><f>IFERROR(INDEX(Data!$AN$6:$AN$8,MATCH(E16,Data!$AJ$6:$AJ$8,0)),"")</f><v>723.9</v></c><c r="E10" s="359"><f>IFERROR(INDEX(Data!$AO$6:$AO$8,MATCH(E16,Data!$AJ$6:$AJ$8,0)),"")</f><v>705.65</v></c><c r="F10" s="360"><f>IFERROR(INDEX(Data!$AQ$6:$AQ$8,MATCH(E16,Data!$AJ$6:$AJ$8,0)),"")</f><v>720</v></c><c r="G10" s="428"/><c r="H10" s="429"/><c r="I10" s="429"/><c r="J10" s="382"/><c r="K10" s="383"/><c r="L10" s="361"><f>IFERROR(INDEX(Data!$AP$6:$AP$8,MATCH(E16,Data!$AJ$6:$AJ$8,0)),"")</f><v>717.85</v></c><c r="M10" s="387"><f>IFERROR(INDEX(Data!$AT$6:$AT$8,MATCH(E16,Data!$AJ$6:$AJ$8,0)),"")</f><v>721</v></c><c r="N10" s="387"/><c r="O10" s="375"><f>IFERROR(INDEX(Data!$AR$6:$AR$8,MATCH(E16,Data!$AJ$6:$AJ$8,0)),"")</f><v>8453</v></c><c r="P10" s="375"/><c r="Q10" s="374"><f>IFERROR(INDEX(Data!$AS$6:$AS$8,MATCH(E16,Data!$AJ$6:$AJ$8,0)),"")</f><v>72413.13</v></c><c r="R10" s="374"/><c r="S10" s="362"><f>IFERROR(INDEX(Data!$AV$6:$AV$8,MATCH(E16,Data!$AJ$6:$AJ$8,0)),"")</f><v>-1</v></c></row><row r="11" spans="1:27" ht="16.5" thickTop="1" thickBot="1" x14ac:dyDescent="0.3"><c r="A11" s="44"/><c r="B11" s="45"/><c r="C11" s="45"/><c r="D11" s="45"/><c r="E11" s="49"/><c r="F11" s="45"/><c r="G11" s="45"/><c r="H11" s="45"/><c r="I11" s="45"/><c r="J11" s="45"/><c r="K11" s="46"/><c r="L11" s="45"/><c r="M11" s="45"/><c r="N11" s="45"/><c r="O11" s="45"/><c r="P11" s="45"/><c r="Q11" s="45"/><c r="R11" s="354"/><c r="S11" s="48"/></row><row r="12" spans="1:27" x14ac:dyDescent="0.25"><c r="A12" s="133"/><c r="B12" s="133"/><c r="C12" s="133"/><c r="D12" s="133"/><c r="E12" s="133"/><c r="F12" s="133"/><c r="G12" s="133"/><c r="H12" s="133"/><c r="I12" s="133"/><c r="J12" s="133"/><c r="K12" s="133"/><c r="L12" s="133"/><c r="M12" s="133"/><c r="N12" s="133"/><c r="O12" s="133"/><c r="P12" s="133"/><c r="Q12" s="133"/><c r="R12" s="133"/><c r="S12" s="133"/></row><row r="13" spans="1:27" ht="34.5" customHeight="1" x14ac:dyDescent="0.25"><c r="A13" s="409" t="s"><v>218</v></c><c r="B13" s="409"/><c r="C13" s="409"/><c r="D13" s="409"/><c r="E13" s="409"/><c r="F13" s="410" t="s"><v>214</v></c><c r="G13" s="411"/><c r="H13" s="411"/><c r="I13" s="411"/><c r="J13" s="411"/><c r="K13" s="411"/><c r="L13" s="411"/><c r="M13" s="411"/><c r="N13" s="411"/><c r="O13" s="411" t="s"><v>215</v></c><c r="P13" s="411"/><c r="Q13" s="411"/><c r="R13" s="411"/><c r="S13" s="411"/></row><row r="14" spans="1:27" ht="18.75" customHeight="1" x14ac:dyDescent="0.25"><c r="A14" s="414"/><c r="B14" s="414"/><c r="C14" s="434" t="s"><v>212</v></c><c r="D14" s="435"/><c r="E14" s="425" t="s"><v>220</v></c><c r="F14" s="425"/><c r="G14" s="425"/><c r="H14" s="365" t="s"><v>206</v></c><c r="I14" s="365"/><c r="J14" s="365"/><c r="K14" s="366"/><c r="L14" s="135"/><c r="M14" s="378" t="s"><v>216</v></c><c r="N14" s="378"/><c r="O14" s="412" t="s"><v>217</v></c><c r="P14" s="413"/><c r="Q14" s="413"/><c r="R14" s="413"/><c r="S14" s="413"/></row><row r="15" spans="1:27" ht="18.75" customHeight="1" x14ac:dyDescent="0.25"><c r="A15" s="376"/><c r="B15" s="376"/><c r="C15" s="436" t="s"><v>202</v></c><c r="D15" s="437"/><c r="E15" s="363"><v>5</v></c><c r="F15" s="384"/><c r="G15" s="384"/><c r="H15" s="344"/><c r="I15" s="344"/><c r="J15" s="345"/><c r="K15" s="346"/><c r="L15" s="136"/><c r="M15" s="376"/><c r="N15" s="376"/><c r="O15" s="376"/><c r="P15" s="376"/><c r="Q15" s="376"/><c r="R15" s="376"/><c r="S15" s="136"/></row><row r="16" spans="1:27" ht="18.75" x14ac:dyDescent="0.25"><c r="A16" s="377"/><c r="B16" s="377"/><c r="C16" s="438" t="s"><v>71</v></c><c r="D16" s="439"/><c r="E16" s="364"><v>43398</v></c><c r="F16" s="379"/><c r="G16" s="379"/><c r="H16" s="367" t="s"><v>207</v></c><c r="I16" s="367"/><c r="J16" s="367"/><c r="K16" s="368"/><c r="L16" s="137"/><c r="M16" s="377"/><c r="N16" s="377"/><c r="O16" s="377"/><c r="P16" s="377"/><c r="Q16" s="377"/><c r="R16" s="377"/><c r="S16" s="137"/></row><row r="17" spans="1:19" ht="15.75" x14ac:dyDescent="0.25"><c r="A17" s="133"/><c r="B17" s="133"/><c r="C17" s="423" t="s"><v>203</v></c><c r="D17" s="424"/><c r="E17" s="340" t="s"><v>223</v></c><c r="F17" s="341"/><c r="G17" s="341"/><c r="H17" s="341"/><c r="I17" s="341"/><c r="J17" s="342"/><c r="K17" s="343"/><c r="L17" s="133"/><c r="M17" s="133"/><c r="N17" s="133"/><c r="O17" s="133"/><c r="P17" s="133"/><c r="Q17" s="133"/><c r="R17" s="133"/><c r="S17" s="133"/></row><row r="18" spans="1:19" x14ac:dyDescent="0.25"><c r="A18" s="133"/><c r="B18" s="133"/><c r="C18" s="133"/><c r="D18" s="133"/><c r="E18" s="133"/><c r="F18" s="133"/><c r="G18" s="133"/><c r="H18" s="133"/><c r="I18" s="133"/><c r="J18" s="133"/><c r="K18" s="133"/><c r="L18" s="133"/><c r="M18" s="133"/><c r="N18" s="133"/><c r="O18" s="133"/><c r="P18" s="133"/><c r="Q18" s="133"/><c r="R18" s="133"/><c r="S18" s="133"/></row><row r="19" spans="1:19" ht="18.75" x14ac:dyDescent="0.25"><c r="A19" s="339"/><c r="B19" s="339"/><c r="C19" s="339"/><c r="D19" s="339"/><c r="E19" s="338"/><c r="F19" s="339"/><c r="G19" s="339"/><c r="H19" s="408"/><c r="I19" s="408"/><c r="J19" s="418"/><c r="K19" s="418"/><c r="L19" s="134"/><c r="M19" s="408"/><c r="N19" s="408"/><c r="O19" s="408"/><c r="P19" s="408"/><c r="Q19" s="408"/><c r="R19" s="408"/><c r="S19" s="134"/></row><row r="20" spans="1:19" ht="18.75" x14ac:dyDescent="0.25"><c r="A20" s="414"/><c r="B20" s="414"/><c r="C20" s="414"/><c r="D20" s="414"/><c r="E20" s="135"/><c r="F20" s="414"/><c r="G20" s="414"/><c r="H20" s="414"/><c r="I20" s="414"/><c r="J20" s="415"/><c r="K20" s="415"/><c r="L20" s="135"/><c r="M20" s="414"/><c r="N20" s="414"/><c r="O20" s="414"/><c r="P20" s="414"/><c r="Q20" s="414"/><c r="R20" s="414"/><c r="S20" s="135"/></row><row r="21" spans="1:19" ht="15.75" x14ac:dyDescent="0.25"><c r="A21" s="376"/><c r="B21" s="376"/><c r="C21" s="376"/><c r="D21" s="376"/><c r="E21" s="136"/><c r="F21" s="376"/><c r="G21" s="376"/><c r="H21" s="376"/><c r="I21" s="376"/><c r="J21" s="415"/><c r="K21" s="415"/><c r="L21" s="136"/><c r="M21" s="376"/><c r="N21" s="376"/><c r="O21" s="376"/><c r="P21" s="376"/><c r="Q21" s="376"/><c r="R21" s="376"/><c r="S21" s="136"/></row><row r="22" spans="1:19" ht="18.75" x14ac:dyDescent="0.25"><c r="A22" s="377"/><c r="B22" s="377"/><c r="C22" s="377"/><c r="D22" s="377"/><c r="E22" s="137"/><c r="F22" s="377"/><c r="G22" s="377"/><c r="H22" s="377"/><c r="I22" s="377"/><c r="J22" s="418"/><c r="K22" s="418"/><c r="L22" s="137"/><c r="M22" s="377"/><c r="N22" s="377"/><c r="O22" s="377"/><c r="P22" s="377"/><c r="Q22" s="377"/><c r="R22" s="377"/><c r="S22" s="137"/></row><row r="23" spans="1:19" x14ac:dyDescent="0.25"><c r="A23" s="133"/><c r="B23" s="133"/><c r="C23" s="133"/><c r="D23" s="133"/><c r="E23" s="133"/><c r="F23" s="133"/><c r="G23" s="133"/><c r="H23" s="133"/><c r="I23" s="133"/><c r="J23" s="133"/><c r="K23" s="133"/><c r="L23" s="133"/><c r="M23" s="133"/><c r="N23" s="133"/><c r="O23" s="133"/><c r="P23" s="133"/><c r="Q23" s="133"/><c r="R23" s="133"/><c r="S23" s="133"/></row><row r="24" spans="1:19" x14ac:dyDescent="0.25"><c r="A24" s="133"/><c r="B24" s="133"/><c r="C24" s="133"/><c r="D24" s="133"/><c r="E24" s="133"/><c r="F24" s="133"/><c r="G24" s="133"/><c r="H24" s="133"/><c r="I24" s="133"/><c r="J24" s="133"/><c r="K24" s="133"/><c r="L24" s="133"/><c r="M24" s="133"/><c r="N24" s="133"/><c r="O24" s="133"/><c r="P24" s="133"/><c r="Q24" s="133"/><c r="R24" s="133"/><c r="S24" s="133"/></row><row r="25" spans="1:19" x14ac:dyDescent="0.25"><c r="A25" s="133"/><c r="B25" s="133"/><c r="C25" s="133"/><c r="D25" s="133"/><c r="E25" s="133"/><c r="F25" s="133"/><c r="G25" s="133"/><c r="H25" s="133"/><c r="I25" s="133"/><c r="J25" s="133"/><c r="K25" s="133"/><c r="L25" s="133"/><c r="M25" s="133"/><c r="N25" s="133"/><c r="O25" s="133"/><c r="P25" s="133"/><c r="Q25" s="133"/><c r="R25" s="133"/><c r="S25" s="133"/></row><row r="26" spans="1:19" x14ac:dyDescent="0.25"><c r="A26" s="133"/><c r="B26" s="133"/><c r="C26" s="133"/><c r="D26" s="133"/><c r="E26" s="133"/><c r="F26" s="133"/><c r="G26" s="133"/><c r="H26" s="133"/><c r="I26" s="133"/><c r="J26" s="133"/><c r="K26" s="133"/><c r="L26" s="133"/><c r="M26" s="133"/><c r="N26" s="133"/><c r="O26" s="133"/><c r="P26" s="133"/><c r="Q26" s="133"/><c r="R26" s="133"/><c r="S26" s="133"/></row><row r="27" spans="1:19" x14ac:dyDescent="0.25"><c r="A27" s="133"/><c r="B27" s="133"/><c r="C27" s="133"/><c r="D27" s="133"/><c r="E27" s="133"/><c r="F27" s="133"/><c r="G27" s="133"/><c r="H27" s="133"/><c r="I27" s="133"/><c r="J27" s="133"/><c r="K27" s="133"/><c r="L27" s="133"/><c r="M27" s="133"/><c r="N27" s="133"/><c r="O27" s="133"/><c r="P27" s="133"/><c r="Q27" s="133"/><c r="R27" s="133"/><c r="S27" s="133"/></row><row r="28" spans="1:19" x14ac:dyDescent="0.25"><c r="A28" s="133"/><c r="B28" s="133"/><c r="C28" s="133"/><c r="D28" s="133"/><c r="E28" s="133"/><c r="F28" s="133"/><c r="G28" s="133"/><c r="H28" s="133"/><c r="I28" s="133"/><c r="J28" s="133"/><c r="K28" s="133"/><c r="L28" s="133"/><c r="M28" s="133"/><c r="N28" s="133"/><c r="O28" s="133"/><c r="P28" s="133"/><c r="Q28" s="133"/><c r="R28" s="133"/><c r="S28" s="133"/></row><row r="29" spans="1:19" x14ac:dyDescent="0.25"><c r="A29" s="133"/><c r="B29" s="133"/><c r="C29" s="133"/><c r="D29" s="133"/><c r="E29" s="133"/><c r="F29" s="133"/><c r="G29" s="133"/><c r="H29" s="133"/><c r="I29" s="133"/><c r="J29" s="133"/><c r="K29" s="133"/><c r="L29" s="133"/><c r="M29" s="133"/><c r="N29" s="133"/><c r="O29" s="133"/><c r="P29" s="133"/><c r="Q29" s="133"/><c r="R29" s="133"/><c r="S29" s="133"/></row><row r="30" spans="1:19" x14ac:dyDescent="0.25"><c r="A30" s="133"/><c r="B30" s="133"/><c r="C30" s="133"/><c r="D30" s="133"/><c r="E30" s="133"/><c r="F30" s="133"/><c r="G30" s="133"/><c r="H30" s="133"/><c r="I30" s="133"/><c r="J30" s="133"/><c r="K30" s="133"/><c r="L30" s="133"/><c r="M30" s="133"/><c r="N30" s="133"/><c r="O30" s="133"/><c r="P30" s="133"/><c r="Q30" s="133"/><c r="R30" s="133"/><c r="S30" s="133"/></row><row r="31" spans="1:19" x14ac:dyDescent="0.25"><c r="A31" s="133"/><c r="B31" s="133"/><c r="C31" s="133"/><c r="D31" s="133"/><c r="E31" s="133"/><c r="F31" s="133"/><c r="G31" s="133"/><c r="H31" s="133"/><c r="I31" s="133"/><c r="J31" s="133"/><c r="K31" s="133"/><c r="L31" s="133"/><c r="M31" s="133"/><c r="N31" s="133"/><c r="O31" s="133"/><c r="P31" s="133"/><c r="Q31" s="133"/><c r="R31" s="133"/><c r="S31" s="133"/></row><row r="32" spans="1:19" x14ac:dyDescent="0.25"><c r="A32" s="133"/><c r="B32" s="133"/><c r="C32" s="133"/><c r="D32" s="133"/><c r="E32" s="133"/><c r="F32" s="133"/><c r="G32" s="133"/><c r="H32" s="133"/><c r="I32" s="133"/><c r="J32" s="133"/><c r="K32" s="133"/><c r="L32" s="133"/><c r="M32" s="133"/><c r="N32" s="133"/><c r="O32" s="133"/><c r="P32" s="133"/><c r="Q32" s="133"/><c r="R32" s="133"/><c r="S32" s="133"/></row><row r="33" spans="1:19" x14ac:dyDescent="0.25"><c r="A33" s="133"/><c r="B33" s="133"/><c r="C33" s="133"/><c r="D33" s="133"/><c r="E33" s="133"/><c r="F33" s="133"/><c r="G33" s="133"/><c r="H33" s="133"/><c r="I33" s="133"/><c r="J33" s="133"/><c r="K33" s="133"/><c r="L33" s="133"/><c r="M33" s="133"/><c r="N33" s="133"/><c r="O33" s="133"/><c r="P33" s="133"/><c r="Q33" s="133"/><c r="R33" s="133"/><c r="S33" s="133"/></row><row r="34" spans="1:19" x14ac:dyDescent="0.25"><c r="A34" s="133"/><c r="B34" s="133"/><c r="C34" s="133"/><c r="D34" s="133"/><c r="E34" s="133"/><c r="F34" s="133"/><c r="G34" s="133"/><c r="H34" s="133"/><c r="I34" s="133"/><c r="J34" s="133"/><c r="K34" s="133"/><c r="L34" s="133"/><c r="M34" s="133"/><c r="N34" s="133"/><c r="O34" s="133"/><c r="P34" s="133"/><c r="Q34" s="133"/><c r="R34" s="133"/><c r="S34" s="133"/></row><row r="35" spans="1:19" x14ac:dyDescent="0.25"><c r="A35" s="133"/><c r="B35" s="133"/><c r="C35" s="133"/><c r="D35" s="133"/><c r="E35" s="133"/><c r="F35" s="133"/><c r="G35" s="133"/><c r="H35" s="133"/><c r="I35" s="133"/><c r="J35" s="133"/><c r="K35" s="133"/><c r="L35" s="133"/><c r="M35" s="133"/><c r="N35" s="133"/><c r="O35" s="133"/><c r="P35" s="133"/><c r="Q35" s="133"/><c r="R35" s="133"/><c r="S35" s="133"/></row><row r="36" spans="1:19" x14ac:dyDescent="0.25"><c r="A36" s="133"/><c r="B36" s="133"/><c r="C36" s="133"/><c r="D36" s="133"/><c r="E36" s="133"/><c r="F36" s="133"/><c r="G36" s="133"/><c r="H36" s="133"/><c r="I36" s="133"/><c r="J36" s="133"/><c r="K36" s="133"/><c r="L36" s="133"/><c r="M36" s="133"/><c r="N36" s="133"/><c r="O36" s="133"/><c r="P36" s="133"/><c r="Q36" s="133"/><c r="R36" s="133"/><c r="S36" s="133"/></row><row r="37" spans="1:19" x14ac:dyDescent="0.25"><c r="A37" s="133"/><c r="B37" s="133"/><c r="C37" s="133"/><c r="D37" s="133"/><c r="E37" s="133"/><c r="F37" s="133"/><c r="G37" s="133"/><c r="H37" s="133"/><c r="I37" s="133"/><c r="J37" s="133"/><c r="K37" s="133"/><c r="L37" s="133"/><c r="M37" s="133"/><c r="N37" s="133"/><c r="O37" s="133"/><c r="P37" s="133"/><c r="Q37" s="133"/><c r="R37" s="133"/><c r="S37" s="133"/></row><row r="38" spans="1:19" x14ac:dyDescent="0.25"><c r="A38" s="133"/><c r="B38" s="133"/><c r="C38" s="133"/><c r="D38" s="133"/><c r="E38" s="133"/><c r="F38" s="133"/><c r="G38" s="133"/><c r="H38" s="133"/><c r="I38" s="133"/><c r="J38" s="133"/><c r="K38" s="133"/><c r="L38" s="133"/><c r="M38" s="133"/><c r="N38" s="133"/><c r="O38" s="133"/><c r="P38" s="133"/><c r="Q38" s="133"/><c r="R38" s="133"/><c r="S38" s="133"/></row><row r="39" spans="1:19" x14ac:dyDescent="0.25"><c r="A39" s="133"/><c r="B39" s="133"/><c r="C39" s="133"/><c r="D39" s="133"/><c r="E39" s="133"/><c r="F39" s="133"/><c r="G39" s="133"/><c r="H39" s="133"/><c r="I39" s="133"/><c r="J39" s="133"/><c r="K39" s="133"/><c r="L39" s="133"/><c r="M39" s="133"/><c r="N39" s="133"/><c r="O39" s="133"/><c r="P39" s="133"/><c r="Q39" s="133"/><c r="R39" s="133"/><c r="S39" s="133"/></row><row r="40" spans="1:19" x14ac:dyDescent="0.25"><c r="A40" s="133"/><c r="B40" s="133"/><c r="C40" s="133"/><c r="D40" s="133"/><c r="E40" s="133"/><c r="F40" s="133"/><c r="G40" s="133"/><c r="H40" s="133"/><c r="I40" s="133"/><c r="J40" s="133"/><c r="K40" s="133"/><c r="L40" s="133"/><c r="M40" s="133"/><c r="N40" s="133"/><c r="O40" s="133"/><c r="P40" s="133"/><c r="Q40" s="133"/><c r="R40" s="133"/><c r="S40" s="133"/></row><row r="41" spans="1:19" x14ac:dyDescent="0.25"><c r="A41" s="133"/><c r="B41" s="133"/><c r="C41" s="133"/><c r="D41" s="133"/><c r="E41" s="133"/><c r="F41" s="133"/><c r="G41" s="133"/><c r="H41" s="133"/><c r="I41" s="133"/><c r="J41" s="133"/><c r="K41" s="133"/><c r="L41" s="133"/><c r="M41" s="133"/><c r="N41" s="133"/><c r="O41" s="133"/><c r="P41" s="133"/><c r="Q41" s="133"/><c r="R41" s="133"/><c r="S41" s="133"/></row><row r="42" spans="1:19" x14ac:dyDescent="0.25"><c r="A42" s="133"/><c r="B42" s="133"/><c r="C42" s="133"/><c r="D42" s="133"/><c r="E42" s="133"/><c r="F42" s="133"/><c r="G42" s="133"/><c r="H42" s="133"/><c r="I42" s="133"/><c r="J42" s="133"/><c r="K42" s="133"/><c r="L42" s="133"/><c r="M42" s="133"/><c r="N42" s="133"/><c r="O42" s="133"/><c r="P42" s="133"/><c r="Q42" s="133"/><c r="R42" s="133"/><c r="S42" s="133"/></row><row r="43" spans="1:19" x14ac:dyDescent="0.25"><c r="A43" s="133"/><c r="B43" s="133"/><c r="C43" s="133"/><c r="D43" s="133"/><c r="E43" s="133"/><c r="F43" s="133"/><c r="G43" s="133"/><c r="H43" s="133"/><c r="I43" s="133"/><c r="J43" s="133"/><c r="K43" s="133"/><c r="L43" s="133"/><c r="M43" s="133"/><c r="N43" s="133"/><c r="O43" s="133"/><c r="P43" s="133"/><c r="Q43" s="133"/><c r="R43" s="133"/><c r="S43" s="133"/></row><row r="44" spans="1:19" x14ac:dyDescent="0.25"><c r="A44" s="133"/><c r="B44" s="133"/><c r="C44" s="133"/><c r="D44" s="133"/><c r="E44" s="133"/><c r="F44" s="133"/><c r="G44" s="133"/><c r="H44" s="133"/><c r="I44" s="133"/><c r="J44" s="133"/><c r="K44" s="133"/><c r="L44" s="133"/><c r="M44" s="133"/><c r="N44" s="133"/><c r="O44" s="133"/><c r="P44" s="133"/><c r="Q44" s="133"/><c r="R44" s="133"/><c r="S44" s="133"/></row><row r="45" spans="1:19" x14ac:dyDescent="0.25"><c r="A45" s="133"/><c r="B45" s="133"/><c r="C45" s="133"/><c r="D45" s="133"/><c r="E45" s="133"/><c r="F45" s="133"/><c r="G45" s="133"/><c r="H45" s="133"/><c r="I45" s="133"/><c r="J45" s="133"/><c r="K45" s="133"/><c r="L45" s="133"/><c r="M45" s="133"/><c r="N45" s="133"/><c r="O45" s="133"/><c r="P45" s="133"/><c r="Q45" s="133"/><c r="R45" s="133"/><c r="S45" s="133"/></row><row r="46" spans="1:19" x14ac:dyDescent="0.25"><c r="A46" s="133"/><c r="B46" s="133"/><c r="C46" s="133"/><c r="D46" s="133"/><c r="E46" s="133"/><c r="F46" s="133"/><c r="G46" s="133"/><c r="H46" s="133"/><c r="I46" s="133"/><c r="J46" s="133"/><c r="K46" s="133"/><c r="L46" s="133"/><c r="M46" s="133"/><c r="N46" s="133"/><c r="O46" s="133"/><c r="P46" s="133"/><c r="Q46" s="133"/><c r="R46" s="133"/><c r="S46" s="133"/></row><row r="47" spans="1:19" x14ac:dyDescent="0.25"><c r="A47" s="133"/><c r="B47" s="133"/><c r="C47" s="133"/><c r="D47" s="133"/><c r="E47" s="133"/><c r="F47" s="133"/><c r="G47" s="133"/><c r="H47" s="133"/><c r="I47" s="133"/><c r="J47" s="133"/><c r="K47" s="133"/><c r="L47" s="133"/><c r="M47" s="133"/><c r="N47" s="133"/><c r="O47" s="133"/><c r="P47" s="133"/><c r="Q47" s="133"/><c r="R47" s="133"/><c r="S47" s="133"/></row><row r="48" spans="1:19" x14ac:dyDescent="0.25"><c r="A48" s="133"/><c r="B48" s="133"/><c r="C48" s="133"/><c r="D48" s="133"/><c r="E48" s="133"/><c r="F48" s="133"/><c r="G48" s="133"/><c r="H48" s="133"/><c r="I48" s="133"/><c r="J48" s="133"/><c r="K48" s="133"/><c r="L48" s="133"/><c r="M48" s="133"/><c r="N48" s="133"/><c r="O48" s="133"/><c r="P48" s="133"/><c r="Q48" s="133"/><c r="R48" s="133"/><c r="S48" s="133"/></row><row r="49" spans="1:19" x14ac:dyDescent="0.25"><c r="A49" s="133"/><c r="B49" s="133"/><c r="C49" s="133"/><c r="D49" s="133"/><c r="E49" s="133"/><c r="F49" s="133"/><c r="G49" s="133"/><c r="H49" s="133"/><c r="I49" s="133"/><c r="J49" s="133"/><c r="K49" s="133"/><c r="L49" s="133"/><c r="M49" s="133"/><c r="N49" s="133"/><c r="O49" s="133"/><c r="P49" s="133"/><c r="Q49" s="133"/><c r="R49" s="133"/><c r="S49" s="133"/></row><row r="50" spans="1:19" x14ac:dyDescent="0.25"><c r="A50" s="133"/><c r="B50" s="133"/><c r="C50" s="133"/><c r="D50" s="133"/><c r="E50" s="133"/><c r="F50" s="133"/><c r="G50" s="133"/><c r="H50" s="133"/><c r="I50" s="133"/><c r="J50" s="133"/><c r="K50" s="133"/><c r="L50" s="133"/><c r="M50" s="133"/><c r="N50" s="133"/><c r="O50" s="133"/><c r="P50" s="133"/><c r="Q50" s="133"/><c r="R50" s="133"/><c r="S50" s="133"/></row><row r="51" spans="1:19" x14ac:dyDescent="0.25"><c r="A51" s="133"/><c r="B51" s="133"/><c r="C51" s="133"/><c r="D51" s="133"/><c r="E51" s="133"/><c r="F51" s="133"/><c r="G51" s="133"/><c r="H51" s="133"/><c r="I51" s="133"/><c r="J51" s="133"/><c r="K51" s="133"/><c r="L51" s="133"/><c r="M51" s="133"/><c r="N51" s="133"/><c r="O51" s="133"/><c r="P51" s="133"/><c r="Q51" s="133"/><c r="R51" s="133"/><c r="S51" s="133"/></row><row r="52" spans="1:19" x14ac:dyDescent="0.25"><c r="A52" s="133"/><c r="B52" s="133"/><c r="C52" s="133"/><c r="D52" s="133"/><c r="E52" s="133"/><c r="F52" s="133"/><c r="G52" s="133"/><c r="H52" s="133"/><c r="I52" s="133"/><c r="J52" s="133"/><c r="K52" s="133"/><c r="L52" s="133"/><c r="M52" s="133"/><c r="N52" s="133"/><c r="O52" s="133"/><c r="P52" s="133"/><c r="Q52" s="133"/><c r="R52" s="133"/><c r="S52" s="133"/></row><row r="53" spans="1:19" x14ac:dyDescent="0.25"><c r="A53" s="133"/><c r="B53" s="133"/><c r="C53" s="133"/><c r="D53" s="133"/><c r="E53" s="133"/><c r="F53" s="133"/><c r="G53" s="133"/><c r="H53" s="133"/><c r="I53" s="133"/><c r="J53" s="133"/><c r="K53" s="133"/><c r="L53" s="133"/><c r="M53" s="133"/><c r="N53" s="133"/><c r="O53" s="133"/><c r="P53" s="133"/><c r="Q53" s="133"/><c r="R53" s="133"/><c r="S53" s="133"/></row><row r="54" spans="1:19" x14ac:dyDescent="0.25"><c r="A54" s="133"/><c r="B54" s="133"/><c r="C54" s="133"/><c r="D54" s="133"/><c r="E54" s="133"/><c r="F54" s="133"/><c r="G54" s="133"/><c r="H54" s="133"/><c r="I54" s="133"/><c r="J54" s="133"/><c r="K54" s="133"/><c r="L54" s="133"/><c r="M54" s="133"/><c r="N54" s="133"/><c r="O54" s="133"/><c r="P54" s="133"/><c r="Q54" s="133"/><c r="R54" s="133"/><c r="S54" s="133"/></row><row r="55" spans="1:19" x14ac:dyDescent="0.25"><c r="A55" s="133"/><c r="B55" s="133"/><c r="C55" s="133"/><c r="D55" s="133"/><c r="E55" s="133"/><c r="F55" s="133"/><c r="G55" s="133"/><c r="H55" s="133"/><c r="I55" s="133"/><c r="J55" s="133"/><c r="K55" s="133"/><c r="L55" s="133"/><c r="M55" s="133"/><c r="N55" s="133"/><c r="O55" s="133"/><c r="P55" s="133"/><c r="Q55" s="133"/><c r="R55" s="133"/><c r="S55" s="133"/></row><row r="56" spans="1:19" x14ac:dyDescent="0.25"><c r="A56" s="133"/><c r="B56" s="133"/><c r="C56" s="133"/><c r="D56" s="133"/><c r="E56" s="133"/><c r="F56" s="133"/><c r="G56" s="133"/><c r="H56" s="133"/><c r="I56" s="133"/><c r="J56" s="133"/><c r="K56" s="133"/><c r="L56" s="133"/><c r="M56" s="133"/><c r="N56" s="133"/><c r="O56" s="133"/><c r="P56" s="133"/><c r="Q56" s="133"/><c r="R56" s="133"/><c r="S56" s="133"/></row><row r="57" spans="1:19" x14ac:dyDescent="0.25"><c r="A57" s="133"/><c r="B57" s="133"/><c r="C57" s="133"/><c r="D57" s="133"/><c r="E57" s="133"/><c r="F57" s="133"/><c r="G57" s="133"/><c r="H57" s="133"/><c r="I57" s="133"/><c r="J57" s="133"/><c r="K57" s="133"/><c r="L57" s="133"/><c r="M57" s="133"/><c r="N57" s="133"/><c r="O57" s="133"/><c r="P57" s="133"/><c r="Q57" s="133"/><c r="R57" s="133"/><c r="S57" s="133"/></row><row r="58" spans="1:19" x14ac:dyDescent="0.25"><c r="A58" s="133"/><c r="B58" s="133"/><c r="C58" s="133"/><c r="D58" s="133"/><c r="E58" s="133"/><c r="F58" s="133"/><c r="G58" s="133"/><c r="H58" s="133"/><c r="I58" s="133"/><c r="J58" s="133"/><c r="K58" s="133"/><c r="L58" s="133"/><c r="M58" s="133"/><c r="N58" s="133"/><c r="O58" s="133"/><c r="P58" s="133"/><c r="Q58" s="133"/><c r="R58" s="133"/><c r="S58" s="133"/></row><row r="59" spans="1:19" x14ac:dyDescent="0.25"><c r="A59" s="133"/><c r="B59" s="133"/><c r="C59" s="133"/><c r="D59" s="133"/><c r="E59" s="133"/><c r="F59" s="133"/><c r="G59" s="133"/><c r="H59" s="133"/><c r="I59" s="133"/><c r="J59" s="133"/><c r="K59" s="133"/><c r="L59" s="133"/><c r="M59" s="133"/><c r="N59" s="133"/><c r="O59" s="133"/><c r="P59" s="133"/><c r="Q59" s="133"/><c r="R59" s="133"/><c r="S59" s="133"/></row><row r="60" spans="1:19" x14ac:dyDescent="0.25"><c r="A60" s="133"/><c r="B60" s="133"/><c r="C60" s="133"/><c r="D60" s="133"/><c r="E60" s="133"/><c r="F60" s="133"/><c r="G60" s="133"/><c r="H60" s="133"/><c r="I60" s="133"/><c r="J60" s="133"/><c r="K60" s="133"/><c r="L60" s="133"/><c r="M60" s="133"/><c r="N60" s="133"/><c r="O60" s="133"/><c r="P60" s="133"/><c r="Q60" s="133"/><c r="R60" s="133"/><c r="S60" s="133"/></row><row r="61" spans="1:19" x14ac:dyDescent="0.25"><c r="A61" s="133"/><c r="B61" s="133"/><c r="C61" s="133"/><c r="D61" s="133"/><c r="E61" s="133"/><c r="F61" s="133"/><c r="G61" s="133"/><c r="H61" s="133"/><c r="I61" s="133"/><c r="J61" s="133"/><c r="K61" s="133"/><c r="L61" s="133"/><c r="M61" s="133"/><c r="N61" s="133"/><c r="O61" s="133"/><c r="P61" s="133"/><c r="Q61" s="133"/><c r="R61" s="133"/><c r="S61" s="133"/></row><row r="62" spans="1:19" x14ac:dyDescent="0.25"><c r="A62" s="133"/><c r="B62" s="133"/><c r="C62" s="133"/><c r="D62" s="133"/><c r="E62" s="133"/><c r="F62" s="133"/><c r="G62" s="133"/><c r="H62" s="133"/><c r="I62" s="133"/><c r="J62" s="133"/><c r="K62" s="133"/><c r="L62" s="133"/><c r="M62" s="133"/><c r="N62" s="133"/><c r="O62" s="133"/><c r="P62" s="133"/><c r="Q62" s="133"/><c r="R62" s="133"/><c r="S62" s="133"/></row><row r="63" spans="1:19" x14ac:dyDescent="0.25"><c r="A63" s="133"/><c r="B63" s="133"/><c r="C63" s="133"/><c r="D63" s="133"/><c r="E63" s="133"/><c r="F63" s="133"/><c r="G63" s="133"/><c r="H63" s="133"/><c r="I63" s="133"/><c r="J63" s="133"/><c r="K63" s="133"/><c r="L63" s="133"/><c r="M63" s="133"/><c r="N63" s="133"/><c r="O63" s="133"/><c r="P63" s="133"/><c r="Q63" s="133"/><c r="R63" s="133"/><c r="S63" s="133"/></row><row r="64" spans="1:19" x14ac:dyDescent="0.25"><c r="A64" s="133"/><c r="B64" s="133"/><c r="C64" s="133"/><c r="D64" s="133"/><c r="E64" s="133"/><c r="F64" s="133"/><c r="G64" s="133"/><c r="H64" s="133"/><c r="I64" s="133"/><c r="J64" s="133"/><c r="K64" s="133"/><c r="L64" s="133"/><c r="M64" s="133"/><c r="N64" s="133"/><c r="O64" s="133"/><c r="P64" s="133"/><c r="Q64" s="133"/><c r="R64" s="133"/><c r="S64" s="133"/></row><row r="65" spans="1:29" x14ac:dyDescent="0.25"><c r="A65" s="133"/><c r="B65" s="133"/><c r="C65" s="133"/><c r="D65" s="133"/><c r="E65" s="133"/><c r="F65" s="133"/><c r="G65" s="133"/><c r="H65" s="133"/><c r="I65" s="133"/><c r="J65" s="133"/><c r="K65" s="133"/><c r="L65" s="133"/><c r="M65" s="133"/><c r="N65" s="133"/><c r="O65" s="133"/><c r="P65" s="133"/><c r="Q65" s="133"/><c r="R65" s="133"/><c r="S65" s="133"/></row><row r="66" spans="1:29" x14ac:dyDescent="0.25"><c r="A66" s="133"/><c r="B66" s="133"/><c r="C66" s="133"/><c r="D66" s="133"/><c r="E66" s="133"/><c r="F66" s="133"/><c r="G66" s="133"/><c r="H66" s="133"/><c r="I66" s="133"/><c r="J66" s="133"/><c r="K66" s="133"/><c r="L66" s="133"/><c r="M66" s="133"/><c r="N66" s="133"/><c r="O66" s="133"/><c r="P66" s="133"/><c r="Q66" s="133"/><c r="R66" s="133"/><c r="S66" s="133"/></row><row r="67" spans="1:29" x14ac:dyDescent="0.25"><c r="A67" s="133"/><c r="B67" s="133"/><c r="C67" s="133"/><c r="D67" s="133"/><c r="E67" s="133"/><c r="F67" s="133"/><c r="G67" s="133"/><c r="H67" s="133"/><c r="I67" s="133"/><c r="J67" s="133"/><c r="K67" s="133"/><c r="L67" s="133"/><c r="M67" s="133"/><c r="N67" s="133"/><c r="O67" s="133"/><c r="P67" s="133"/><c r="Q67" s="133"/><c r="R67" s="133"/><c r="S67" s="133"/></row><row r="68" spans="1:29" x14ac:dyDescent="0.25"><c r="A68" s="133"/><c r="B68" s="133"/><c r="C68" s="133"/><c r="D68" s="133"/><c r="E68" s="133"/><c r="F68" s="133"/><c r="G68" s="133"/><c r="H68" s="133"/><c r="I68" s="133"/><c r="J68" s="133"/><c r="K68" s="133"/><c r="L68" s="133"/><c r="M68" s="133"/><c r="N68" s="133"/><c r="O68" s="133"/><c r="P68" s="133"/><c r="Q68" s="133"/><c r="R68" s="133"/><c r="S68" s="133"/></row><row r="69" spans="1:29" x14ac:dyDescent="0.25"><c r="A69" s="133"/><c r="B69" s="133"/><c r="C69" s="133"/><c r="D69" s="133"/><c r="E69" s="133"/><c r="F69" s="133"/><c r="G69" s="133"/><c r="H69" s="133"/><c r="I69" s="133"/><c r="J69" s="133"/><c r="K69" s="133"/><c r="L69" s="133"/><c r="M69" s="133"/><c r="N69" s="133"/><c r="O69" s="133"/><c r="P69" s="133"/><c r="Q69" s="133"/><c r="R69" s="133"/><c r="S69" s="133"/></row><row r="70" spans="1:29" x14ac:dyDescent="0.25"><c r="A70" s="133"/><c r="B70" s="133"/><c r="C70" s="133"/><c r="D70" s="133"/><c r="E70" s="133"/><c r="F70" s="133"/><c r="G70" s="133"/><c r="H70" s="133"/><c r="I70" s="133"/><c r="J70" s="133"/><c r="K70" s="133"/><c r="L70" s="133"/><c r="M70" s="133"/><c r="N70" s="133"/><c r="O70" s="133"/><c r="P70" s="133"/><c r="Q70" s="133"/><c r="R70" s="133"/><c r="S70" s="133"/></row><row r="71" spans="1:29" x14ac:dyDescent="0.25"><c r="A71" s="133"/><c r="B71" s="133"/><c r="C71" s="133"/><c r="D71" s="133"/><c r="E71" s="133"/><c r="F71" s="133"/><c r="G71" s="133"/><c r="H71" s="133"/><c r="I71" s="133"/><c r="J71" s="133"/><c r="K71" s="133"/><c r="L71" s="133"/><c r="M71" s="133"/><c r="N71" s="133"/><c r="O71" s="133"/><c r="P71" s="133"/><c r="Q71" s="133"/><c r="R71" s="133"/><c r="S71" s="133"/></row><row r="72" spans="1:29" x14ac:dyDescent="0.25"><c r="A72" s="133"/><c r="B72" s="133"/><c r="C72" s="133"/><c r="D72" s="133"/><c r="E72" s="133"/><c r="F72" s="133"/><c r="G72" s="133"/><c r="H72" s="133"/><c r="I72" s="133"/><c r="J72" s="133"/><c r="K72" s="133"/><c r="L72" s="133"/><c r="M72" s="133"/><c r="N72" s="133"/><c r="O72" s="133"/><c r="P72" s="133"/><c r="Q72" s="133"/><c r="R72" s="133"/><c r="S72" s="133"/></row><row r="73" spans="1:29" x14ac:dyDescent="0.25"><c r="A73" s="133"/><c r="B73" s="133"/><c r="C73" s="133"/><c r="D73" s="133"/><c r="E73" s="133"/><c r="F73" s="133"/><c r="G73" s="133"/><c r="H73" s="133"/><c r="I73" s="133"/><c r="J73" s="133"/><c r="K73" s="133"/><c r="L73" s="133"/><c r="M73" s="133"/><c r="N73" s="133"/><c r="O73" s="133"/><c r="P73" s="133"/><c r="Q73" s="133"/><c r="R73" s="133"/><c r="S73" s="133"/></row><row r="74" spans="1:29" x14ac:dyDescent="0.25"><c r="A74" s="133"/><c r="B74" s="133"/><c r="C74" s="133"/><c r="D74" s="133"/><c r="E74" s="133"/><c r="F74" s="133"/><c r="G74" s="133"/><c r="H74" s="133"/><c r="I74" s="133"/><c r="J74" s="133"/><c r="K74" s="133"/><c r="L74" s="133"/><c r="M74" s="133"/><c r="N74" s="133"/><c r="O74" s="133"/><c r="P74" s="133"/><c r="Q74" s="133"/><c r="R74" s="133"/><c r="S74" s="133"/></row><row r="75" spans="1:29" x14ac:dyDescent="0.25"><c r="A75" s="133"/><c r="B75" s="133"/><c r="C75" s="133"/><c r="D75" s="133"/><c r="E75" s="133"/><c r="F75" s="133"/><c r="G75" s="133"/><c r="H75" s="133"/><c r="I75" s="133"/><c r="J75" s="133"/><c r="K75" s="133"/><c r="L75" s="133"/><c r="M75" s="133"/><c r="N75" s="133"/><c r="O75" s="133"/><c r="P75" s="133"/><c r="Q75" s="133"/><c r="R75" s="133"/><c r="S75" s="133"/></row><row r="76" spans="1:29" x14ac:dyDescent="0.25"><c r="A76" s="133"/><c r="B76" s="133"/><c r="C76" s="133"/><c r="D76" s="133"/><c r="E76" s="133"/><c r="F76" s="133"/><c r="G76" s="133"/><c r="H76" s="133"/><c r="I76" s="133"/><c r="J76" s="133"/><c r="K76" s="133"/><c r="L76" s="133"/><c r="M76" s="133"/><c r="N76" s="133"/><c r="O76" s="133"/><c r="P76" s="133"/><c r="Q76" s="133"/><c r="R76" s="133"/><c r="S76" s="133"/></row><row r="77" spans="1:29" x14ac:dyDescent="0.25"><c r="A77" s="133"/><c r="B77" s="133"/><c r="C77" s="417"/><c r="D77" s="417"/><c r="E77" s="417"/><c r="F77" s="417"/><c r="G77" s="417"/><c r="H77" s="417"/><c r="I77" s="417"/><c r="J77" s="417"/><c r="K77" s="417"/><c r="L77" s="417"/><c r="M77" s="133"/><c r="N77" s="133"/><c r="O77" s="133"/><c r="P77" s="133"/><c r="Q77" s="133"/><c r="R77" s="133"/><c r="S77" s="133"/></row><row r="78" spans="1:29" x14ac:dyDescent="0.25"><c r="A78" s="133"/><c r="B78" s="138"/><c r="C78" s="137"/><c r="D78" s="138"/><c r="E78" s="377"/><c r="F78" s="377"/><c r="G78" s="377"/><c r="H78" s="377"/><c r="I78" s="377"/><c r="J78" s="377"/><c r="K78" s="417"/><c r="L78" s="417"/><c r="M78" s="133"/><c r="N78" s="133"/><c r="O78" s="133"/><c r="P78" s="133"/><c r="Q78" s="133"/><c r="R78" s="133"/><c r="S78" s="133"/></row><row r="79" spans="1:29" x14ac:dyDescent="0.25"><c r="A79" s="133"/><c r="B79" s="138"/><c r="C79" s="416"/><c r="D79" s="408"/><c r="E79" s="414"/><c r="F79" s="414"/><c r="G79" s="414"/><c r="H79" s="414"/><c r="I79" s="414"/><c r="J79" s="414"/><c r="K79" s="414"/><c r="L79" s="414"/><c r="M79" s="133"/><c r="N79" s="133"/><c r="O79" s="133"/><c r="P79" s="133"/><c r="Q79" s="133"/><c r="R79" s="133"/><c r="S79" s="133"/><c r="AA79" s="126"><f>G79-I79</f><v>0</v></c><c r="AB79" s="126"/></row><row r="80" spans="1:29" x14ac:dyDescent="0.25"><c r="A80" s="133"/><c r="B80" s="139"/><c r="C80" s="416"/><c r="D80" s="408"/><c r="E80" s="414"/><c r="F80" s="414"/><c r="G80" s="414"/><c r="H80" s="414"/><c r="I80" s="414"/><c r="J80" s="414"/><c r="K80" s="414"/><c r="L80" s="414"/><c r="M80" s="133"/><c r="N80" s="133"/><c r="O80" s="133"/><c r="P80" s="133"/><c r="Q80" s="133"/><c r="R80" s="133"/><c r="S80" s="133"/><c r="AA80" s="126"/><c r="AB80" s="126"/><c r="AC80" s="126"/></row><row r="81" spans="1:28" x14ac:dyDescent="0.25"><c r="A81" s="133"/><c r="B81" s="139"/><c r="C81" s="416"/><c r="D81" s="408"/><c r="E81" s="414"/><c r="F81" s="414"/><c r="G81" s="414"/><c r="H81" s="414"/><c r="I81" s="414"/><c r="J81" s="414"/><c r="K81" s="414"/><c r="L81" s="414"/><c r="M81" s="133"/><c r="N81" s="133"/><c r="O81" s="133"/><c r="P81" s="133"/><c r="Q81" s="133"/><c r="R81" s="133"/><c r="S81" s="133"/><c r="AA81" s="126"><f>G81-I81</f><v>0</v></c><c r="AB81" s="126"/></row><row r="82" spans="1:28" x14ac:dyDescent="0.25"><c r="A82" s="133"/><c r="B82" s="133"/><c r="C82" s="416"/><c r="D82" s="408"/><c r="E82" s="414"/><c r="F82" s="414"/><c r="G82" s="414"/><c r="H82" s="414"/><c r="I82" s="414"/><c r="J82" s="414"/><c r="K82" s="414"/><c r="L82" s="414"/><c r="M82" s="133"/><c r="N82" s="133"/><c r="O82" s="133"/><c r="P82" s="133"/><c r="Q82" s="133"/><c r="R82" s="133"/><c r="S82" s="133"/></row><row r="83" spans="1:28" x14ac:dyDescent="0.25"><c r="A83" s="133"/><c r="B83" s="133"/><c r="C83" s="133"/><c r="D83" s="133"/><c r="E83" s="133"/><c r="F83" s="133"/><c r="G83" s="133"/><c r="H83" s="133"/><c r="I83" s="133"/><c r="J83" s="133"/><c r="K83" s="133"/><c r="L83" s="133"/><c r="M83" s="133"/><c r="N83" s="133"/><c r="O83" s="133"/><c r="P83" s="133"/><c r="Q83" s="133"/><c r="R83" s="133"/><c r="S83" s="133"/><c r="AA83" s="126"><f>AA79*11/100</f><v>0</v></c></row><row r="84" spans="1:28" x14ac:dyDescent="0.25"><c r="A84" s="133"/><c r="B84" s="133"/><c r="C84" s="133"/><c r="D84" s="133"/><c r="E84" s="133"/><c r="F84" s="133"/><c r="G84" s="133"/><c r="H84" s="133"/><c r="I84" s="133"/><c r="J84" s="133"/><c r="K84" s="133"/><c r="L84" s="133"/><c r="M84" s="133"/><c r="N84" s="133"/><c r="O84" s="133"/><c r="P84" s="133"/><c r="Q84" s="133"/><c r="R84" s="133"/><c r="S84" s="133"/></row><row r="85" spans="1:28" x14ac:dyDescent="0.25"><c r="A85" s="133"/><c r="B85" s="133"/><c r="C85" s="133"/><c r="D85" s="133"/><c r="E85" s="133"/><c r="F85" s="133"/><c r="G85" s="133"/><c r="H85" s="133"/><c r="I85" s="133"/><c r="J85" s="133"/><c r="K85" s="133"/><c r="L85" s="133"/><c r="M85" s="133"/><c r="N85" s="133"/><c r="O85" s="133"/><c r="P85" s="133"/><c r="Q85" s="133"/><c r="R85" s="133"/><c r="S85" s="133"/><c r="AA85" s="126"><f>AA81*11/100</f><v>0</v></c></row><row r="86" spans="1:28" x14ac:dyDescent="0.25"><c r="A86" s="133"/><c r="B86" s="133"/><c r="C86" s="133"/><c r="D86" s="133"/><c r="E86" s="133"/><c r="F86" s="133"/><c r="G86" s="133"/><c r="H86" s="133"/><c r="I86" s="133"/><c r="J86" s="133"/><c r="K86" s="133"/><c r="L86" s="133"/><c r="M86" s="133"/><c r="N86" s="133"/><c r="O86" s="133"/><c r="P86" s="133"/><c r="Q86" s="133"/><c r="R86" s="133"/><c r="S86" s="133"/></row><row r="87" spans="1:28" x14ac:dyDescent="0.25"><c r="A87" s="133"/><c r="B87" s="133"/><c r="C87" s="133"/><c r="D87" s="133"/><c r="E87" s="133"/><c r="F87" s="133"/><c r="G87" s="133"/><c r="H87" s="133"/><c r="I87" s="133"/><c r="J87" s="133"/><c r="K87" s="133"/><c r="L87" s="133"/><c r="M87" s="133"/><c r="N87" s="133"/><c r="O87" s="133"/><c r="P87" s="133"/><c r="Q87" s="133"/><c r="R87" s="133"/><c r="S87" s="133"/></row><row r="88" spans="1:28" x14ac:dyDescent="0.25"><c r="A88" s="133"/><c r="B88" s="133"/><c r="C88" s="133"/><c r="D88" s="133"/><c r="E88" s="133"/><c r="F88" s="133"/><c r="G88" s="133"/><c r="H88" s="133"/><c r="I88" s="133"/><c r="J88" s="133"/><c r="K88" s="133"/><c r="L88" s="133"/><c r="M88" s="133"/><c r="N88" s="133"/><c r="O88" s="133"/><c r="P88" s="133"/><c r="Q88" s="133"/><c r="R88" s="133"/><c r="S88" s="133"/></row><row r="89" spans="1:28" x14ac:dyDescent="0.25"><c r="A89" s="133"/><c r="B89" s="133"/><c r="C89" s="133"/><c r="D89" s="133"/><c r="E89" s="133"/><c r="F89" s="133"/><c r="G89" s="133"/><c r="H89" s="133"/><c r="I89" s="133"/><c r="J89" s="133"/><c r="K89" s="133"/><c r="L89" s="133"/><c r="M89" s="133"/><c r="N89" s="133"/><c r="O89" s="133"/><c r="P89" s="133"/><c r="Q89" s="133"/><c r="R89" s="133"/><c r="S89" s="133"/></row></sheetData><customSheetViews><customSheetView guid="{D12DFD61-4B7F-43F1-B07E-A848E00A354C}"><selection activeCell="O1" sqref="O1:P1"/><pageMargins left="0.7" right="0.7" top="0.75" bottom="0.75" header="0.3" footer="0.3"/><pageSetup paperSize="9" orientation="portrait" horizontalDpi="300" verticalDpi="300" r:id="rId1"/></customSheetView></customSheetViews><mergeCells count="99"><mergeCell ref="A7:B7"/><mergeCell ref="A4:B4"/><mergeCell ref="C17:D17"/><mergeCell ref="E14:G14"/><mergeCell ref="A22:B22"/><mergeCell ref="C22:D22"/><mergeCell ref="F22:G22"/><mergeCell ref="G9:I10"/><mergeCell ref="A5:B5"/><mergeCell ref="A6:B6"/><mergeCell ref="A14:B14"/><mergeCell ref="C14:D14"/><mergeCell ref="A15:B15"/><mergeCell ref="A16:B16"/><mergeCell ref="C15:D15"/><mergeCell ref="C16:D16"/><mergeCell ref="M22:N22"/><mergeCell ref="O22:P22"/><mergeCell ref="Q19:R19"/><mergeCell ref="H19:I19"/><mergeCell ref="J19:K19"/><mergeCell ref="O21:P21"/><mergeCell ref="H22:I22"/><mergeCell ref="J22:K22"/><mergeCell ref="Q22:R22"/><mergeCell ref="H20:I20"/><mergeCell ref="O20:P20"/><mergeCell ref="Q20:R20"/><mergeCell ref="C79:C82"/><mergeCell ref="C77:L77"/><mergeCell ref="E79:F80"/><mergeCell ref="G79:H80"/><mergeCell ref="I79:J80"/><mergeCell ref="K79:L80"/><mergeCell ref="E81:F82"/><mergeCell ref="G81:H82"/><mergeCell ref="I81:J82"/><mergeCell ref="K81:L82"/><mergeCell ref="K78:L78"/><mergeCell ref="E78:F78"/><mergeCell ref="G78:H78"/><mergeCell ref="I78:J78"/><mergeCell ref="D81:D82"/><mergeCell ref="D79:D80"/><mergeCell ref="A21:B21"/><mergeCell ref="C21:D21"/><mergeCell ref="F21:G21"/><mergeCell ref="H21:I21"/><mergeCell ref="M21:N21"/><mergeCell ref="J20:K21"/><mergeCell ref="M20:N20"/><mergeCell ref="P4:Q4"/><mergeCell ref="N4:O4"/><mergeCell ref="B2:C2"/><mergeCell ref="R4:S4"/><mergeCell ref="Q21:R21"/><mergeCell ref="M19:N19"/><mergeCell ref="O19:P19"/><mergeCell ref="O15:P15"/><mergeCell ref="O16:P16"/><mergeCell ref="A13:E13"/><mergeCell ref="F13:N13"/><mergeCell ref="O13:S13"/><mergeCell ref="O14:S14"/><mergeCell ref="A20:B20"/><mergeCell ref="C20:D20"/><mergeCell ref="F20:G20"/><mergeCell ref="O1:P1"/><mergeCell ref="Q1:R1"/><mergeCell ref="Q2:R2"/><mergeCell ref="D1:N2"/><mergeCell ref="A3:F3"/><mergeCell ref="H3:J3"/><mergeCell ref="L3:Q3"/><mergeCell ref="R7:S7"/><mergeCell ref="M10:N10"/><mergeCell ref="P7:Q7"/><mergeCell ref="N7:O7"/><mergeCell ref="R5:S5"/><mergeCell ref="R6:S6"/><mergeCell ref="P5:Q5"/><mergeCell ref="P6:Q6"/><mergeCell ref="N5:O5"/><mergeCell ref="N6:O6"/><mergeCell ref="H16:K16"/><mergeCell ref="A9:B10"/><mergeCell ref="M9:N9"/><mergeCell ref="Q10:R10"/><mergeCell ref="Q9:R9"/><mergeCell ref="O9:P9"/><mergeCell ref="O10:P10"/><mergeCell ref="Q15:R15"/><mergeCell ref="Q16:R16"/><mergeCell ref="M14:N14"/><mergeCell ref="M15:N15"/><mergeCell ref="M16:N16"/><mergeCell ref="F16:G16"/><mergeCell ref="J9:K10"/><mergeCell ref="F15:G15"/></mergeCells><dataValidations count="1"><dataValidation type="list" allowBlank="1" showInputMessage="1" showErrorMessage="1" sqref="E16"><formula1>EXPIRY_DATES</formula1></dataValidation></dataValidations><hyperlinks><hyperlink ref="F13" r:id="rId2"/><hyperlink ref="O14" r:id="rId3"/></hyperlinks><pageMargins left="0.7" right="0.7" top="0.75" bottom="0.75" header="0.3" footer="0.3"/><pageSetup paperSize="9" orientation="portrait" horizontalDpi="300" verticalDpi="300" r:id="rId4"/><drawing r:id="rId5"/><legacyDrawing r:id="rId6"/><mc:AlternateContent xmlns:mc="http://schemas.openxmlformats.org/markup-compatibility/2006"><mc:Choice Requires="x14"><controls><mc:AlternateContent xmlns:mc="http://schemas.openxmlformats.org/markup-compatibility/2006"><mc:Choice Requires="x14"><control shapeId="4104" r:id="rId7" name="btn_Refresh"><controlPr defaultSize="0" print="0" autoFill="0" autoPict="0" macro="[0]!ClickMainTimer"><anchor moveWithCells="1" sizeWithCells="1"><from><xdr:col>0</xdr:col><xdr:colOff>38100</xdr:colOff><xdr:row>0</xdr:row><xdr:rowOff>19050</xdr:rowOff></from><to><xdr:col>2</xdr:col><xdr:colOff>104775</xdr:colOff><xdr:row>1</xdr:row><xdr:rowOff>19050</xdr:rowOff></to></anchor></controlPr></control></mc:Choice></mc:AlternateContent><mc:AlternateContent xmlns:mc="http://schemas.openxmlformats.org/markup-compatibility/2006"><mc:Choice Requires="x14"><control shapeId="4105" r:id="rId8" name="Button 9"><controlPr defaultSize="0" print="0" autoFill="0" autoPict="0" macro="[0]!StopTimer"><anchor moveWithCells="1" sizeWithCells="1"><from><xdr:col>2</xdr:col><xdr:colOff>200025</xdr:colOff><xdr:row>0</xdr:row><xdr:rowOff>19050</xdr:rowOff></from><to><xdr:col>3</xdr:col><xdr:colOff>533400</xdr:colOff><xdr:row>1</xdr:row><xdr:rowOff>28575</xdr:rowOff></to></anchor></controlPr></control></mc:Choice></mc:AlternateContent></controls></mc:Choice></mc:AlternateContent></worksheet>