<?xml version="1.0" encoding="UTF-8" standalone="yes"?>
<worksheet xmlns="http://schemas.openxmlformats.org/spreadsheetml/2006/main" xmlns:r="http://schemas.openxmlformats.org/officeDocument/2006/relationships" xmlns:mc="http://schemas.openxmlformats.org/markup-compatibility/2006" mc:Ignorable="x14ac" xmlns:x14ac="http://schemas.microsoft.com/office/spreadsheetml/2009/9/ac"><sheetPr codeName="Sheet8"/><dimension ref="A1:K60"/><sheetViews><sheetView topLeftCell="A2" workbookViewId="0"><selection activeCell="F20" sqref="F20"/></sheetView></sheetViews><sheetFormatPr defaultRowHeight="16.5" customHeight="1" x14ac:dyDescent="0.25"/><cols><col min="1" max="1" width="13.7109375" style="4" customWidth="1"/><col min="2" max="2" width="22" style="4" customWidth="1"/><col min="3" max="3" width="13.7109375" customWidth="1"/><col min="4" max="4" width="18.140625" customWidth="1"/><col min="5" max="5" width="13.7109375" customWidth="1"/><col min="6" max="6" width="14.28515625" customWidth="1"/><col min="7" max="9" width="13.7109375" customWidth="1"/><col min="10" max="10" width="22.140625" style="196" customWidth="1"/><col min="11" max="11" width="17" style="196" customWidth="1"/></cols><sheetData><row r="1" spans="1:11" ht="16.5" customHeight="1" thickBot="1" x14ac:dyDescent="0.3"><c r="A1" s="265" t="s"><v>23</v></c><c r="B1" s="266"><f>MAIN!B2</f><v>721</v></c><c r="C1" s="267" t="s"><v>84</v></c><c r="D1" s="268"><f ca="1">MAIN!C5</f><v>710</v></c><c r="E1" s="269"><f ca="1">MAIN!E5</f><v>130800</v></c><c r="F1" s="270"/><c r="G1" s="271" t="s"><v>86</v></c><c r="H1" s="272"><f ca="1">MAIN!C6</f><v>650</v></c><c r="I1" s="273"><f ca="1">MAIN!E6</f><v>109200</v></c><c r="J1" s="274" t="s"><v>177</v></c><c r="K1" s="275"><f ca="1">NOW()</f><v>43382.845566550925</v></c></row><row r="2" spans="1:11" ht="16.5" customHeight="1" thickBot="1" x14ac:dyDescent="0.3"><c r="A2" s="509" t="s"><v>30</v></c><c r="B2" s="510"/><c r="C2" s="511"/><c r="D2" s="507" t="str"><f>MAIN!D1</f><v xml:space="preserve">Underlying Stock: INFY 721.00  As on Oct 09, 2018 15:30:30 IST </v></c><c r="E2" s="508"/><c r="F2" s="508"/><c r="G2" s="508"/><c r="H2" s="508"/><c r="I2" s="509" t="s"><v>29</v></c><c r="J2" s="510"/><c r="K2" s="511"/></row><row r="3" spans="1:11" s="198" customFormat="1" ht="16.5" customHeight="1" thickBot="1" x14ac:dyDescent="0.3"><c r="A3" s="276" t="s"><v>159</v></c><c r="B3" s="276" t="s"><v>174</v></c><c r="C3" s="276" t="s"><v>176</v></c><c r="D3" s="522" t="s"><v>175</v></c><c r="E3" s="522"/><c r="F3" s="277" t="s"><v>49</v></c><c r="G3" s="522" t="s"><v>175</v></c><c r="H3" s="522"/><c r="I3" s="276" t="s"><v>176</v></c><c r="J3" s="276" t="s"><v>174</v></c><c r="K3" s="276" t="s"><v>159</v></c></row><row r="4" spans="1:11" ht="16.5" customHeight="1" thickBot="1" x14ac:dyDescent="0.3"><c r="A4" s="278" t="str"><f ca="1">IF(Sheet51!$P$18="yes",IF(Sheet51!$P$17="yes",IF(OR(B4="SHORT BUILDUP",B4="LONG UNWINDING"), "BEARISH", IF(OR(B4="LONG BUILDUP",B4="SHORT UNWINDING" ), "BULLISH","")),""),"")</f><v>BEARISH</v></c><c r="B4" s="278" t="str"><f ca="1">IF(Sheet51!$P$18="yes",IF(Sheet51!$P$17="yes",IF(AND(C4&lt;0,D4&lt;0),"LONG UNWINDING",(IF(AND(C4&lt;0,D4&gt;0),"SHORT BUILDUP",(IF(AND(C4&gt;0,D4&gt;0),"LONG BUILDUP",IF(AND(C4&gt;0,D4&lt;0),"SHORT UNWINDING","")))))),""),"")</f><v>SHORT BUILDUP</v></c><c r="C4" s="263"><f ca="1">IF(Sheet51!$P$18="yes",IF(Sheet51!$P$17="yes",SUMIF(Data!$L$21:'Data'!$L$200,F4,Data!$G$21:'Data'!$G$200),""),"")</f><v>-0.5</v></c><c r="D4" s="515"><f ca="1">IF(Sheet51!$P$18="yes",IF(Sheet51!$P$17="yes",SUMIF(Data!$L$21:'Data'!$L$200,F4,Data!$C$21:'Data'!$C$200),""),"")</f><v>128400</v></c><c r="E4" s="515"/><c r="F4" s="182"><f>IF(MAIN!$E$14="NIFTY",F5+100,F5+Sheet51!$B$3)</f><v>820</v></c><c r="G4" s="516"><f ca="1">IF(Sheet51!$P$18="yes",IF(Sheet51!$P$17="yes",SUMIF(Data!$L$21:'Data'!$L$200,F4,Data!$U$21:'Data'!$U$200),""),"")</f><v>0</v></c><c r="H4" s="516"/><c r="I4" s="263"><f ca="1">IF(Sheet51!$P$18="yes",IF(Sheet51!$P$17="yes",SUMIF(Data!$L$21:'Data'!$L$200,F4,Data!$Q$21:'Data'!$Q$200),""),"")</f><v>0</v></c><c r="J4" s="279" t="str"><f ca="1">IF(Sheet51!$P$18="yes",IF(Sheet51!$P$17="yes",IF(AND(I4&lt;0,G4&lt;0),"SHORT UNWINDING",(IF(AND(I4&lt;0,G4&gt;0),"SHORT BUILDUP",(IF(AND(I4&gt;0,G4&gt;0),"LONG BUILDUP",IF(AND(I4&gt;0,G4&lt;0),"LONG UNWINDING","")))))),""),"")</f><v/></c><c r="K4" s="280" t="str"><f ca="1">IF(Sheet51!$P$18="yes",IF(Sheet51!$P$17="yes",IF(OR(J4="SHORT BUILDUP",J4="LONG UNWINDING"), "BULLISH", IF(OR(J4="LONG BUILDUP",J4="SHORT UNWINDING" ), "BEARISH","")),""),"")</f><v/></c></row><row r="5" spans="1:11" ht="16.5" customHeight="1" thickBot="1" x14ac:dyDescent="0.3"><c r="A5" s="278" t="str"><f ca="1">IF(Sheet51!$P$18="yes",IF(Sheet51!$P$17="yes",IF(OR(B5="SHORT BUILDUP",B5="LONG UNWINDING"), "BEARISH", IF(OR(B5="LONG BUILDUP",B5="SHORT UNWINDING" ), "BULLISH","")),""),"")</f><v>BEARISH</v></c><c r="B5" s="278" t="str"><f ca="1">IF(Sheet51!$P$18="yes",IF(Sheet51!$P$17="yes",IF(AND(C5&lt;0,D5&lt;0),"LONG UNWINDING",(IF(AND(C5&lt;0,D5&gt;0),"SHORT BUILDUP",(IF(AND(C5&gt;0,D5&gt;0),"LONG BUILDUP",IF(AND(C5&gt;0,D5&lt;0),"SHORT UNWINDING","")))))),""),"")</f><v>LONG UNWINDING</v></c><c r="C5" s="263"><f ca="1">IF(Sheet51!$P$18="yes",IF(Sheet51!$P$17="yes",SUMIF(Data!$L$21:'Data'!$L$200,F5,Data!$G$21:'Data'!$G$200),""),"")</f><v>-0.8</v></c><c r="D5" s="515"><f ca="1">IF(Sheet51!$P$18="yes",IF(Sheet51!$P$17="yes",SUMIF(Data!$L$21:'Data'!$L$200,F5,Data!$C$21:'Data'!$C$200),""),"")</f><v>-2400</v></c><c r="E5" s="515"/><c r="F5" s="182"><f>IF(MAIN!$E$14="NIFTY",F6+100,F6+Sheet51!$B$3)</f><v>810</v></c><c r="G5" s="516"><f ca="1">IF(Sheet51!$P$18="yes",IF(Sheet51!$P$17="yes",SUMIF(Data!$L$21:'Data'!$L$200,F5,Data!$U$21:'Data'!$U$200),""),"")</f><v>0</v></c><c r="H5" s="516"/><c r="I5" s="263"><f ca="1">IF(Sheet51!$P$18="yes",IF(Sheet51!$P$17="yes",SUMIF(Data!$L$21:'Data'!$L$200,F5,Data!$Q$21:'Data'!$Q$200),""),"")</f><v>0</v></c><c r="J5" s="279" t="str"><f ca="1">IF(Sheet51!$P$18="yes",IF(Sheet51!$P$17="yes",IF(AND(I5&lt;0,G5&lt;0),"SHORT UNWINDING",(IF(AND(I5&lt;0,G5&gt;0),"SHORT BUILDUP",(IF(AND(I5&gt;0,G5&gt;0),"LONG BUILDUP",IF(AND(I5&gt;0,G5&lt;0),"LONG UNWINDING","")))))),""),"")</f><v/></c><c r="K5" s="280" t="str"><f ca="1">IF(Sheet51!$P$18="yes",IF(Sheet51!$P$17="yes",IF(OR(J5="SHORT BUILDUP",J5="LONG UNWINDING"), "BULLISH", IF(OR(J5="LONG BUILDUP",J5="SHORT UNWINDING" ), "BEARISH","")),""),"")</f><v/></c></row><row r="6" spans="1:11" ht="16.5" customHeight="1" thickBot="1" x14ac:dyDescent="0.3"><c r="A6" s="278" t="str"><f ca="1">IF(Sheet51!$P$18="yes",IF(Sheet51!$P$17="yes",IF(OR(B6="SHORT BUILDUP",B6="LONG UNWINDING"), "BEARISH", IF(OR(B6="LONG BUILDUP",B6="SHORT UNWINDING" ), "BULLISH","")),""),"")</f><v>BULLISH</v></c><c r="B6" s="278" t="str"><f ca="1">IF(Sheet51!$P$18="yes",IF(Sheet51!$P$17="yes",IF(AND(C6&lt;0,D6&lt;0),"LONG UNWINDING",(IF(AND(C6&lt;0,D6&gt;0),"SHORT BUILDUP",(IF(AND(C6&gt;0,D6&gt;0),"LONG BUILDUP",IF(AND(C6&gt;0,D6&lt;0),"SHORT UNWINDING","")))))),""),"")</f><v>LONG BUILDUP</v></c><c r="C6" s="263"><f ca="1">IF(Sheet51!$P$18="yes",IF(Sheet51!$P$17="yes",SUMIF(Data!$L$21:'Data'!$L$200,F6,Data!$G$21:'Data'!$G$200),""),"")</f><v>0.15</v></c><c r="D6" s="515"><f ca="1">IF(Sheet51!$P$18="yes",IF(Sheet51!$P$17="yes",SUMIF(Data!$L$21:'Data'!$L$200,F6,Data!$C$21:'Data'!$C$200),""),"")</f><v>38400</v></c><c r="E6" s="515"/><c r="F6" s="182"><f>IF(MAIN!$E$14="NIFTY",F7+100,F7+Sheet51!$B$3)</f><v>800</v></c><c r="G6" s="516"><f ca="1">IF(Sheet51!$P$18="yes",IF(Sheet51!$P$17="yes",SUMIF(Data!$L$21:'Data'!$L$200,F6,Data!$U$21:'Data'!$U$200),""),"")</f><v>0</v></c><c r="H6" s="516"/><c r="I6" s="263"><f ca="1">IF(Sheet51!$P$18="yes",IF(Sheet51!$P$17="yes",SUMIF(Data!$L$21:'Data'!$L$200,F6,Data!$Q$21:'Data'!$Q$200),""),"")</f><v>0</v></c><c r="J6" s="279" t="str"><f ca="1">IF(Sheet51!$P$18="yes",IF(Sheet51!$P$17="yes",IF(AND(I6&lt;0,G6&lt;0),"SHORT UNWINDING",(IF(AND(I6&lt;0,G6&gt;0),"SHORT BUILDUP",(IF(AND(I6&gt;0,G6&gt;0),"LONG BUILDUP",IF(AND(I6&gt;0,G6&lt;0),"LONG UNWINDING","")))))),""),"")</f><v/></c><c r="K6" s="280" t="str"><f ca="1">IF(Sheet51!$P$18="yes",IF(Sheet51!$P$17="yes",IF(OR(J6="SHORT BUILDUP",J6="LONG UNWINDING"), "BULLISH", IF(OR(J6="LONG BUILDUP",J6="SHORT UNWINDING" ), "BEARISH","")),""),"")</f><v/></c></row><row r="7" spans="1:11" ht="16.5" customHeight="1" thickBot="1" x14ac:dyDescent="0.3"><c r="A7" s="278" t="str"><f ca="1">IF(Sheet51!$P$18="yes",IF(Sheet51!$P$17="yes",IF(OR(B7="SHORT BUILDUP",B7="LONG UNWINDING"), "BEARISH", IF(OR(B7="LONG BUILDUP",B7="SHORT UNWINDING" ), "BULLISH","")),""),"")</f><v>BEARISH</v></c><c r="B7" s="278" t="str"><f ca="1">IF(Sheet51!$P$18="yes",IF(Sheet51!$P$17="yes",IF(AND(C7&lt;0,D7&lt;0),"LONG UNWINDING",(IF(AND(C7&lt;0,D7&gt;0),"SHORT BUILDUP",(IF(AND(C7&gt;0,D7&gt;0),"LONG BUILDUP",IF(AND(C7&gt;0,D7&lt;0),"SHORT UNWINDING","")))))),""),"")</f><v>SHORT BUILDUP</v></c><c r="C7" s="263"><f ca="1">IF(Sheet51!$P$18="yes",IF(Sheet51!$P$17="yes",SUMIF(Data!$L$21:'Data'!$L$200,F7,Data!$G$21:'Data'!$G$200),""),"")</f><v>-0.15</v></c><c r="D7" s="515"><f ca="1">IF(Sheet51!$P$18="yes",IF(Sheet51!$P$17="yes",SUMIF(Data!$L$21:'Data'!$L$200,F7,Data!$C$21:'Data'!$C$200),""),"")</f><v>19200</v></c><c r="E7" s="515"/><c r="F7" s="182"><f>IF(MAIN!$E$14="NIFTY",F8+100,F8+Sheet51!$B$3)</f><v>790</v></c><c r="G7" s="516"><f ca="1">IF(Sheet51!$P$18="yes",IF(Sheet51!$P$17="yes",SUMIF(Data!$L$21:'Data'!$L$200,F7,Data!$U$21:'Data'!$U$200),""),"")</f><v>0</v></c><c r="H7" s="516"/><c r="I7" s="263"><f ca="1">IF(Sheet51!$P$18="yes",IF(Sheet51!$P$17="yes",SUMIF(Data!$L$21:'Data'!$L$200,F7,Data!$Q$21:'Data'!$Q$200),""),"")</f><v>0</v></c><c r="J7" s="279" t="str"><f ca="1">IF(Sheet51!$P$18="yes",IF(Sheet51!$P$17="yes",IF(AND(I7&lt;0,G7&lt;0),"SHORT UNWINDING",(IF(AND(I7&lt;0,G7&gt;0),"SHORT BUILDUP",(IF(AND(I7&gt;0,G7&gt;0),"LONG BUILDUP",IF(AND(I7&gt;0,G7&lt;0),"LONG UNWINDING","")))))),""),"")</f><v/></c><c r="K7" s="280" t="str"><f ca="1">IF(Sheet51!$P$18="yes",IF(Sheet51!$P$17="yes",IF(OR(J7="SHORT BUILDUP",J7="LONG UNWINDING"), "BULLISH", IF(OR(J7="LONG BUILDUP",J7="SHORT UNWINDING" ), "BEARISH","")),""),"")</f><v/></c></row><row r="8" spans="1:11" ht="16.5" customHeight="1" thickBot="1" x14ac:dyDescent="0.3"><c r="A8" s="278" t="str"><f ca="1">IF(Sheet51!$P$18="yes",IF(Sheet51!$P$17="yes",IF(OR(B8="SHORT BUILDUP",B8="LONG UNWINDING"), "BEARISH", IF(OR(B8="LONG BUILDUP",B8="SHORT UNWINDING" ), "BULLISH","")),""),"")</f><v>BEARISH</v></c><c r="B8" s="278" t="str"><f ca="1">IF(Sheet51!$P$18="yes",IF(Sheet51!$P$17="yes",IF(AND(C8&lt;0,D8&lt;0),"LONG UNWINDING",(IF(AND(C8&lt;0,D8&gt;0),"SHORT BUILDUP",(IF(AND(C8&gt;0,D8&gt;0),"LONG BUILDUP",IF(AND(C8&gt;0,D8&lt;0),"SHORT UNWINDING","")))))),""),"")</f><v>SHORT BUILDUP</v></c><c r="C8" s="263"><f ca="1">IF(Sheet51!$P$18="yes",IF(Sheet51!$P$17="yes",SUMIF(Data!$L$21:'Data'!$L$200,F8,Data!$G$21:'Data'!$G$200),""),"")</f><v>-0.05</v></c><c r="D8" s="515"><f ca="1">IF(Sheet51!$P$18="yes",IF(Sheet51!$P$17="yes",SUMIF(Data!$L$21:'Data'!$L$200,F8,Data!$C$21:'Data'!$C$200),""),"")</f><v>79200</v></c><c r="E8" s="515"/><c r="F8" s="182"><f>IF(MAIN!$E$14="NIFTY",F9+100,F9+Sheet51!$B$3)</f><v>780</v></c><c r="G8" s="516"><f ca="1">IF(Sheet51!$P$18="yes",IF(Sheet51!$P$17="yes",SUMIF(Data!$L$21:'Data'!$L$200,F8,Data!$U$21:'Data'!$U$200),""),"")</f><v>0</v></c><c r="H8" s="516"/><c r="I8" s="263"><f ca="1">IF(Sheet51!$P$18="yes",IF(Sheet51!$P$17="yes",SUMIF(Data!$L$21:'Data'!$L$200,F8,Data!$Q$21:'Data'!$Q$200),""),"")</f><v>0</v></c><c r="J8" s="279" t="str"><f ca="1">IF(Sheet51!$P$18="yes",IF(Sheet51!$P$17="yes",IF(AND(I8&lt;0,G8&lt;0),"SHORT UNWINDING",(IF(AND(I8&lt;0,G8&gt;0),"SHORT BUILDUP",(IF(AND(I8&gt;0,G8&gt;0),"LONG BUILDUP",IF(AND(I8&gt;0,G8&lt;0),"LONG UNWINDING","")))))),""),"")</f><v/></c><c r="K8" s="280" t="str"><f ca="1">IF(Sheet51!$P$18="yes",IF(Sheet51!$P$17="yes",IF(OR(J8="SHORT BUILDUP",J8="LONG UNWINDING"), "BULLISH", IF(OR(J8="LONG BUILDUP",J8="SHORT UNWINDING" ), "BEARISH","")),""),"")</f><v/></c></row><row r="9" spans="1:11" ht="16.5" customHeight="1" thickBot="1" x14ac:dyDescent="0.3"><c r="A9" s="278" t="str"><f ca="1">IF(Sheet51!$P$18="yes",IF(Sheet51!$P$17="yes",IF(OR(B9="SHORT BUILDUP",B9="LONG UNWINDING"), "BEARISH", IF(OR(B9="LONG BUILDUP",B9="SHORT UNWINDING" ), "BULLISH","")),""),"")</f><v>BULLISH</v></c><c r="B9" s="278" t="str"><f ca="1">IF(Sheet51!$P$18="yes",IF(Sheet51!$P$17="yes",IF(AND(C9&lt;0,D9&lt;0),"LONG UNWINDING",(IF(AND(C9&lt;0,D9&gt;0),"SHORT BUILDUP",(IF(AND(C9&gt;0,D9&gt;0),"LONG BUILDUP",IF(AND(C9&gt;0,D9&lt;0),"SHORT UNWINDING","")))))),""),"")</f><v>LONG BUILDUP</v></c><c r="C9" s="263"><f ca="1">IF(Sheet51!$P$18="yes",IF(Sheet51!$P$17="yes",SUMIF(Data!$L$21:'Data'!$L$200,F9,Data!$G$21:'Data'!$G$200),""),"")</f><v>0.45</v></c><c r="D9" s="515"><f ca="1">IF(Sheet51!$P$18="yes",IF(Sheet51!$P$17="yes",SUMIF(Data!$L$21:'Data'!$L$200,F9,Data!$C$21:'Data'!$C$200),""),"")</f><v>16800</v></c><c r="E9" s="515"/><c r="F9" s="182"><f>IF(MAIN!$E$14="NIFTY",F10+100,F10+Sheet51!$B$3)</f><v>770</v></c><c r="G9" s="516"><f ca="1">IF(Sheet51!$P$18="yes",IF(Sheet51!$P$17="yes",SUMIF(Data!$L$21:'Data'!$L$200,F9,Data!$U$21:'Data'!$U$200),""),"")</f><v>0</v></c><c r="H9" s="516"/><c r="I9" s="263"><f ca="1">IF(Sheet51!$P$18="yes",IF(Sheet51!$P$17="yes",SUMIF(Data!$L$21:'Data'!$L$200,F9,Data!$Q$21:'Data'!$Q$200),""),"")</f><v>0</v></c><c r="J9" s="279" t="str"><f ca="1">IF(Sheet51!$P$18="yes",IF(Sheet51!$P$17="yes",IF(AND(I9&lt;0,G9&lt;0),"SHORT UNWINDING",(IF(AND(I9&lt;0,G9&gt;0),"SHORT BUILDUP",(IF(AND(I9&gt;0,G9&gt;0),"LONG BUILDUP",IF(AND(I9&gt;0,G9&lt;0),"LONG UNWINDING","")))))),""),"")</f><v/></c><c r="K9" s="280" t="str"><f ca="1">IF(Sheet51!$P$18="yes",IF(Sheet51!$P$17="yes",IF(OR(J9="SHORT BUILDUP",J9="LONG UNWINDING"), "BULLISH", IF(OR(J9="LONG BUILDUP",J9="SHORT UNWINDING" ), "BEARISH","")),""),"")</f><v/></c></row><row r="10" spans="1:11" ht="16.5" customHeight="1" thickBot="1" x14ac:dyDescent="0.3"><c r="A10" s="281" t="str"><f ca="1">IF(Sheet51!$P$18="yes",IF(Sheet51!$P$17="yes",IF(OR(B10="SHORT BUILDUP",B10="LONG UNWINDING"), "BEARISH", IF(OR(B10="LONG BUILDUP",B10="SHORT UNWINDING" ), "BULLISH","")),""),"")</f><v>BEARISH</v></c><c r="B10" s="282" t="str"><f ca="1">IF(Sheet51!$P$18="yes",IF(Sheet51!$P$17="yes",IF(AND(C10&lt;0,D10&lt;0),"LONG UNWINDING",(IF(AND(C10&lt;0,D10&gt;0),"SHORT BUILDUP",(IF(AND(C10&gt;0,D10&gt;0),"LONG BUILDUP",IF(AND(C10&gt;0,D10&lt;0),"SHORT UNWINDING","")))))),""),"")</f><v>SHORT BUILDUP</v></c><c r="C10" s="283"><f ca="1">IF(Sheet51!$P$18="yes",IF(Sheet51!$P$17="yes",SUMIF(Data!$L$21:'Data'!$L$200,F10,Data!$G$21:'Data'!$G$200),""),"")</f><v>-1</v></c><c r="D10" s="521"><f ca="1">IF(Sheet51!$P$18="yes",IF(Sheet51!$P$17="yes",SUMIF(Data!$L$21:'Data'!$L$200,F10,Data!$C$21:'Data'!$C$200),""),"")</f><v>12000</v></c><c r="E10" s="521"/><c r="F10" s="182"><f>IF(MAIN!$E$14="NIFTY",F11+100,F11+Sheet51!$B$3)</f><v>760</v></c><c r="G10" s="523"><f ca="1">IF(Sheet51!$P$18="yes",IF(Sheet51!$P$17="yes",SUMIF(Data!$L$21:'Data'!$L$200,F10,Data!$U$21:'Data'!$U$200),""),"")</f><v>0</v></c><c r="H10" s="523"/><c r="I10" s="283"><f ca="1">IF(Sheet51!$P$18="yes",IF(Sheet51!$P$17="yes",SUMIF(Data!$L$21:'Data'!$L$200,F10,Data!$Q$21:'Data'!$Q$200),""),"")</f><v>0</v></c><c r="J10" s="285" t="str"><f ca="1">IF(Sheet51!$P$18="yes",IF(Sheet51!$P$17="yes",IF(AND(I10&lt;0,G10&lt;0),"SHORT UNWINDING",(IF(AND(I10&lt;0,G10&gt;0),"SHORT BUILDUP",(IF(AND(I10&gt;0,G10&gt;0),"LONG BUILDUP",IF(AND(I10&gt;0,G10&lt;0),"LONG UNWINDING","")))))),""),"")</f><v/></c><c r="K10" s="286" t="str"><f ca="1">IF(Sheet51!$P$18="yes",IF(Sheet51!$P$17="yes",IF(OR(J10="SHORT BUILDUP",J10="LONG UNWINDING"), "BULLISH", IF(OR(J10="LONG BUILDUP",J10="SHORT UNWINDING" ), "BEARISH","")),""),"")</f><v/></c></row><row r="11" spans="1:11" ht="16.5" customHeight="1" thickBot="1" x14ac:dyDescent="0.35"><c r="A11" s="287" t="str"><f ca="1">IF(Sheet51!$P$18="yes",IF(Sheet51!$P$17="yes",IF(OR(B11="SHORT BUILDUP",B11="LONG UNWINDING"), "BEARISH", IF(OR(B11="LONG BUILDUP",B11="SHORT UNWINDING" ), "BULLISH","")),""),"")</f><v>BULLISH</v></c><c r="B11" s="288" t="str"><f ca="1">IF(Sheet51!$P$18="yes",IF(Sheet51!$P$17="yes",IF(AND(C11&lt;0,D11&lt;0),"LONG UNWINDING",(IF(AND(C11&lt;0,D11&gt;0),"SHORT BUILDUP",(IF(AND(C11&gt;0,D11&gt;0),"LONG BUILDUP",IF(AND(C11&gt;0,D11&lt;0),"SHORT UNWINDING","")))))),""),"")</f><v>LONG BUILDUP</v></c><c r="C11" s="289"><f ca="1">IF(Sheet51!$P$18="yes",IF(Sheet51!$P$17="yes",SUMIF(Data!$L$21:'Data'!$L$200,F11,Data!$G$21:'Data'!$G$200),""),"")</f><v>0.3</v></c><c r="D11" s="517"><f ca="1">IF(Sheet51!$P$18="yes",IF(Sheet51!$P$17="yes",SUMIF(Data!$L$21:'Data'!$L$200,F11,Data!$C$21:'Data'!$C$200),""),"")</f><v>69600</v></c><c r="E11" s="517"/><c r="F11" s="297"><f>IF(MAIN!$E$14="NIFTY",F12+100,F12+Sheet51!$B$3)</f><v>750</v></c><c r="G11" s="524"><f ca="1">IF(Sheet51!$P$18="yes",IF(Sheet51!$P$17="yes",SUMIF(Data!$L$21:'Data'!$L$200,F11,Data!$U$21:'Data'!$U$200),""),"")</f><v>0</v></c><c r="H11" s="524"/><c r="I11" s="291"><f ca="1">IF(Sheet51!$P$18="yes",IF(Sheet51!$P$17="yes",SUMIF(Data!$L$21:'Data'!$L$200,F11,Data!$Q$21:'Data'!$Q$200),""),"")</f><v>0</v></c><c r="J11" s="292" t="str"><f ca="1">IF(Sheet51!$P$18="yes",IF(Sheet51!$P$17="yes",IF(AND(I11&lt;0,G11&lt;0),"SHORT UNWINDING",(IF(AND(I11&lt;0,G11&gt;0),"SHORT BUILDUP",(IF(AND(I11&gt;0,G11&gt;0),"LONG BUILDUP",IF(AND(I11&gt;0,G11&lt;0),"LONG UNWINDING","")))))),""),"")</f><v/></c><c r="K11" s="293" t="str"><f ca="1">IF(Sheet51!$P$18="yes",IF(Sheet51!$P$17="yes",IF(OR(J11="SHORT BUILDUP",J11="LONG UNWINDING"), "BULLISH", IF(OR(J11="LONG BUILDUP",J11="SHORT UNWINDING" ), "BEARISH","")),""),"")</f><v/></c></row><row r="12" spans="1:11" ht="16.5" customHeight="1" thickBot="1" x14ac:dyDescent="0.35"><c r="A12" s="294" t="str"><f ca="1">IF(Sheet51!$P$18="yes",IF(Sheet51!$P$17="yes",IF(OR(B12="SHORT BUILDUP",B12="LONG UNWINDING"), "BEARISH", IF(OR(B12="LONG BUILDUP",B12="SHORT UNWINDING" ), "BULLISH","")),""),"")</f><v>BULLISH</v></c><c r="B12" s="295" t="str"><f ca="1">IF(Sheet51!$P$18="yes",IF(Sheet51!$P$17="yes",IF(AND(C12&lt;0,D12&lt;0),"LONG UNWINDING",(IF(AND(C12&lt;0,D12&gt;0),"SHORT BUILDUP",(IF(AND(C12&gt;0,D12&gt;0),"LONG BUILDUP",IF(AND(C12&gt;0,D12&lt;0),"SHORT UNWINDING","")))))),""),"")</f><v>LONG BUILDUP</v></c><c r="C12" s="296"><f ca="1">IF(Sheet51!$P$18="yes",IF(Sheet51!$P$17="yes",SUMIF(Data!$L$21:'Data'!$L$200,F12,Data!$G$21:'Data'!$G$200),""),"")</f><v>0.4</v></c><c r="D12" s="518"><f ca="1">IF(Sheet51!$P$18="yes",IF(Sheet51!$P$17="yes",SUMIF(Data!$L$21:'Data'!$L$200,F12,Data!$C$21:'Data'!$C$200),""),"")</f><v>109200</v></c><c r="E12" s="518"/><c r="F12" s="297"><f>IF(MAIN!$E$14="NIFTY",F13+100,F13+Sheet51!$B$3)</f><v>740</v></c><c r="G12" s="525"><f ca="1">IF(Sheet51!$P$18="yes",IF(Sheet51!$P$17="yes",SUMIF(Data!$L$21:'Data'!$L$200,F12,Data!$U$21:'Data'!$U$200),""),"")</f><v>-2400</v></c><c r="H12" s="525"/><c r="I12" s="298"><f ca="1">IF(Sheet51!$P$18="yes",IF(Sheet51!$P$17="yes",SUMIF(Data!$L$21:'Data'!$L$200,F12,Data!$Q$21:'Data'!$Q$200),""),"")</f><v>-1.1499999999999999</v></c><c r="J12" s="299" t="str"><f ca="1">IF(Sheet51!$P$18="yes",IF(Sheet51!$P$17="yes",IF(AND(I12&lt;0,G12&lt;0),"SHORT UNWINDING",(IF(AND(I12&lt;0,G12&gt;0),"SHORT BUILDUP",(IF(AND(I12&gt;0,G12&gt;0),"LONG BUILDUP",IF(AND(I12&gt;0,G12&lt;0),"LONG UNWINDING","")))))),""),"")</f><v>SHORT UNWINDING</v></c><c r="K12" s="300" t="str"><f ca="1">IF(Sheet51!$P$18="yes",IF(Sheet51!$P$17="yes",IF(OR(J12="SHORT BUILDUP",J12="LONG UNWINDING"), "BULLISH", IF(OR(J12="LONG BUILDUP",J12="SHORT UNWINDING" ), "BEARISH","")),""),"")</f><v>BEARISH</v></c></row><row r="13" spans="1:11" ht="16.5" customHeight="1" thickBot="1" x14ac:dyDescent="0.35"><c r="A13" s="294" t="str"><f ca="1">IF(Sheet51!$P$18="yes",IF(Sheet51!$P$17="yes",IF(OR(B13="SHORT BUILDUP",B13="LONG UNWINDING"), "BEARISH", IF(OR(B13="LONG BUILDUP",B13="SHORT UNWINDING" ), "BULLISH","")),""),"")</f><v>BULLISH</v></c><c r="B13" s="295" t="str"><f ca="1">IF(Sheet51!$P$18="yes",IF(Sheet51!$P$17="yes",IF(AND(C13&lt;0,D13&lt;0),"LONG UNWINDING",(IF(AND(C13&lt;0,D13&gt;0),"SHORT BUILDUP",(IF(AND(C13&gt;0,D13&gt;0),"LONG BUILDUP",IF(AND(C13&gt;0,D13&lt;0),"SHORT UNWINDING","")))))),""),"")</f><v>SHORT UNWINDING</v></c><c r="C13" s="296"><f ca="1">IF(Sheet51!$P$18="yes",IF(Sheet51!$P$17="yes",SUMIF(Data!$L$21:'Data'!$L$200,F13,Data!$G$21:'Data'!$G$200),""),"")</f><v>0.65</v></c><c r="D13" s="518"><f ca="1">IF(Sheet51!$P$18="yes",IF(Sheet51!$P$17="yes",SUMIF(Data!$L$21:'Data'!$L$200,F13,Data!$C$21:'Data'!$C$200),""),"")</f><v>-63600</v></c><c r="E13" s="518"/><c r="F13" s="297"><f>IF(MAIN!$E$14="NIFTY",F14+100,F14+Sheet51!$B$3)</f><v>730</v></c><c r="G13" s="525"><f ca="1">IF(Sheet51!$P$18="yes",IF(Sheet51!$P$17="yes",SUMIF(Data!$L$21:'Data'!$L$200,F13,Data!$U$21:'Data'!$U$200),""),"")</f><v>-27600</v></c><c r="H13" s="525"/><c r="I13" s="298"><f ca="1">IF(Sheet51!$P$18="yes",IF(Sheet51!$P$17="yes",SUMIF(Data!$L$21:'Data'!$L$200,F13,Data!$Q$21:'Data'!$Q$200),""),"")</f><v>-1.7</v></c><c r="J13" s="299" t="str"><f ca="1">IF(Sheet51!$P$18="yes",IF(Sheet51!$P$17="yes",IF(AND(I13&lt;0,G13&lt;0),"SHORT UNWINDING",(IF(AND(I13&lt;0,G13&gt;0),"SHORT BUILDUP",(IF(AND(I13&gt;0,G13&gt;0),"LONG BUILDUP",IF(AND(I13&gt;0,G13&lt;0),"LONG UNWINDING","")))))),""),"")</f><v>SHORT UNWINDING</v></c><c r="K13" s="300" t="str"><f ca="1">IF(Sheet51!$P$18="yes",IF(Sheet51!$P$17="yes",IF(OR(J13="SHORT BUILDUP",J13="LONG UNWINDING"), "BULLISH", IF(OR(J13="LONG BUILDUP",J13="SHORT UNWINDING" ), "BEARISH","")),""),"")</f><v>BEARISH</v></c></row><row r="14" spans="1:11" ht="16.5" customHeight="1" thickBot="1" x14ac:dyDescent="0.3"><c r="A14" s="301" t="str"><f ca="1">IF(Sheet51!$P$18="yes",IF(Sheet51!$P$17="yes",IF(OR(B14="SHORT BUILDUP",B14="LONG UNWINDING"), "BEARISH", IF(OR(B14="LONG BUILDUP",B14="SHORT UNWINDING" ), "BULLISH","")),""),"")</f><v>BULLISH</v></c><c r="B14" s="183" t="str"><f ca="1">IF(Sheet51!$P$18="yes",IF(Sheet51!$P$17="yes",IF(AND(C14&lt;0,D14&lt;0),"LONG UNWINDING",(IF(AND(C14&lt;0,D14&gt;0),"SHORT BUILDUP",(IF(AND(C14&gt;0,D14&gt;0),"LONG BUILDUP",IF(AND(C14&gt;0,D14&lt;0),"SHORT UNWINDING","")))))),""),"")</f><v>LONG BUILDUP</v></c><c r="C14" s="197"><f ca="1">IF(Sheet51!$P$18="yes",IF(Sheet51!$P$17="yes",SUMIF(Data!$L$21:'Data'!$L$200,F14,Data!$G$21:'Data'!$G$200),""),"")</f><v>0.75</v></c><c r="D14" s="519"><f ca="1">IF(Sheet51!$P$18="yes",IF(Sheet51!$P$17="yes",SUMIF(Data!$L$21:'Data'!$L$200,F14,Data!$C$21:'Data'!$C$200),""),"")</f><v>62400</v></c><c r="E14" s="520"/><c r="F14" s="302"><f>IF(MAIN!E14="NIFTY",ROUND(Sheet51!$B$1/100,0)*100,ROUND(Sheet51!$B$1/Sheet51!$B$3,0)*Sheet51!$B$3)</f><v>720</v></c><c r="G14" s="519"><f ca="1">IF(Sheet51!$P$18="yes",IF(Sheet51!$P$17="yes",SUMIF(Data!$L$21:'Data'!$L$200,F14,Data!$U$21:'Data'!$U$200),""),"")</f><v>-4800</v></c><c r="H14" s="520"/><c r="I14" s="197"><f ca="1">IF(Sheet51!$P$18="yes",IF(Sheet51!$P$17="yes",SUMIF(Data!$L$21:'Data'!$L$200,F14,Data!$Q$21:'Data'!$Q$200),""),"")</f><v>-1.1000000000000001</v></c><c r="J14" s="183" t="str"><f ca="1">IF(Sheet51!$P$18="yes",IF(Sheet51!$P$17="yes",IF(AND(I14&lt;0,G14&lt;0),"SHORT UNWINDING",(IF(AND(I14&lt;0,G14&gt;0),"SHORT BUILDUP",(IF(AND(I14&gt;0,G14&gt;0),"LONG BUILDUP",IF(AND(I14&gt;0,G14&lt;0),"LONG UNWINDING","")))))),""),"")</f><v>SHORT UNWINDING</v></c><c r="K14" s="303" t="str"><f ca="1">IF(Sheet51!$P$18="yes",IF(Sheet51!$P$17="yes",IF(OR(J14="SHORT BUILDUP",J14="LONG UNWINDING"), "BULLISH", IF(OR(J14="LONG BUILDUP",J14="SHORT UNWINDING" ), "BEARISH","")),""),"")</f><v>BEARISH</v></c></row><row r="15" spans="1:11" ht="16.5" customHeight="1" thickBot="1" x14ac:dyDescent="0.35"><c r="A15" s="294" t="str"><f ca="1">IF(Sheet51!$P$18="yes",IF(Sheet51!$P$17="yes",IF(OR(B15="SHORT BUILDUP",B15="LONG UNWINDING"), "BEARISH", IF(OR(B15="LONG BUILDUP",B15="SHORT UNWINDING" ), "BULLISH","")),""),"")</f><v>BULLISH</v></c><c r="B15" s="295" t="str"><f ca="1">IF(Sheet51!$P$18="yes",IF(Sheet51!$P$17="yes",IF(AND(C15&lt;0,D15&lt;0),"LONG UNWINDING",(IF(AND(C15&lt;0,D15&gt;0),"SHORT BUILDUP",(IF(AND(C15&gt;0,D15&gt;0),"LONG BUILDUP",IF(AND(C15&gt;0,D15&lt;0),"SHORT UNWINDING","")))))),""),"")</f><v>LONG BUILDUP</v></c><c r="C15" s="298"><f ca="1">IF(Sheet51!$P$18="yes",IF(Sheet51!$P$17="yes",SUMIF(Data!$L$21:'Data'!$L$200,F15,Data!$G$21:'Data'!$G$200),""),"")</f><v>0.55000000000000004</v></c><c r="D15" s="512"><f ca="1">IF(Sheet51!$P$18="yes",IF(Sheet51!$P$17="yes",SUMIF(Data!$L$21:'Data'!$L$200,F15,Data!$C$21:'Data'!$C$200),""),"")</f><v>130800</v></c><c r="E15" s="512"/><c r="F15" s="297"><f>IF(MAIN!$E$14="NIFTY",F14-100,F14-Sheet51!$B$3)</f><v>710</v></c><c r="G15" s="526"><f ca="1">IF(Sheet51!$P$18="yes",IF(Sheet51!$P$17="yes",SUMIF(Data!$L$21:'Data'!$L$200,F15,Data!$U$21:'Data'!$U$200),""),"")</f><v>10800</v></c><c r="H15" s="526"/><c r="I15" s="296"><f ca="1">IF(Sheet51!$P$18="yes",IF(Sheet51!$P$17="yes",SUMIF(Data!$L$21:'Data'!$L$200,F15,Data!$Q$21:'Data'!$Q$200),""),"")</f><v>-1.1499999999999999</v></c><c r="J15" s="299" t="str"><f ca="1">IF(Sheet51!$P$18="yes",IF(Sheet51!$P$17="yes",IF(AND(I15&lt;0,G15&lt;0),"SHORT UNWINDING",(IF(AND(I15&lt;0,G15&gt;0),"SHORT BUILDUP",(IF(AND(I15&gt;0,G15&gt;0),"LONG BUILDUP",IF(AND(I15&gt;0,G15&lt;0),"LONG UNWINDING","")))))),""),"")</f><v>SHORT BUILDUP</v></c><c r="K15" s="300" t="str"><f ca="1">IF(Sheet51!$P$18="yes",IF(Sheet51!$P$17="yes",IF(OR(J15="SHORT BUILDUP",J15="LONG UNWINDING"), "BULLISH", IF(OR(J15="LONG BUILDUP",J15="SHORT UNWINDING" ), "BEARISH","")),""),"")</f><v>BULLISH</v></c></row><row r="16" spans="1:11" ht="16.5" customHeight="1" thickBot="1" x14ac:dyDescent="0.35"><c r="A16" s="294" t="str"><f ca="1">IF(Sheet51!$P$18="yes",IF(Sheet51!$P$17="yes",IF(OR(B16="SHORT BUILDUP",B16="LONG UNWINDING"), "BEARISH", IF(OR(B16="LONG BUILDUP",B16="SHORT UNWINDING" ), "BULLISH","")),""),"")</f><v/></c><c r="B16" s="295" t="str"><f ca="1">IF(Sheet51!$P$18="yes",IF(Sheet51!$P$17="yes",IF(AND(C16&lt;0,D16&lt;0),"LONG UNWINDING",(IF(AND(C16&lt;0,D16&gt;0),"SHORT BUILDUP",(IF(AND(C16&gt;0,D16&gt;0),"LONG BUILDUP",IF(AND(C16&gt;0,D16&lt;0),"SHORT UNWINDING","")))))),""),"")</f><v/></c><c r="C16" s="298"><f ca="1">IF(Sheet51!$P$18="yes",IF(Sheet51!$P$17="yes",SUMIF(Data!$L$21:'Data'!$L$200,F16,Data!$G$21:'Data'!$G$200),""),"")</f><v>1.6</v></c><c r="D16" s="512"><f ca="1">IF(Sheet51!$P$18="yes",IF(Sheet51!$P$17="yes",SUMIF(Data!$L$21:'Data'!$L$200,F16,Data!$C$21:'Data'!$C$200),""),"")</f><v>0</v></c><c r="E16" s="512"/><c r="F16" s="297"><f>IF(MAIN!$E$14="NIFTY",F15-100,F15-Sheet51!$B$3)</f><v>700</v></c><c r="G16" s="526"><f ca="1">IF(Sheet51!$P$18="yes",IF(Sheet51!$P$17="yes",SUMIF(Data!$L$21:'Data'!$L$200,F16,Data!$U$21:'Data'!$U$200),""),"")</f><v>99600</v></c><c r="H16" s="526"/><c r="I16" s="296"><f ca="1">IF(Sheet51!$P$18="yes",IF(Sheet51!$P$17="yes",SUMIF(Data!$L$21:'Data'!$L$200,F16,Data!$Q$21:'Data'!$Q$200),""),"")</f><v>-1.05</v></c><c r="J16" s="299" t="str"><f ca="1">IF(Sheet51!$P$18="yes",IF(Sheet51!$P$17="yes",IF(AND(I16&lt;0,G16&lt;0),"SHORT UNWINDING",(IF(AND(I16&lt;0,G16&gt;0),"SHORT BUILDUP",(IF(AND(I16&gt;0,G16&gt;0),"LONG BUILDUP",IF(AND(I16&gt;0,G16&lt;0),"LONG UNWINDING","")))))),""),"")</f><v>SHORT BUILDUP</v></c><c r="K16" s="300" t="str"><f ca="1">IF(Sheet51!$P$18="yes",IF(Sheet51!$P$17="yes",IF(OR(J16="SHORT BUILDUP",J16="LONG UNWINDING"), "BULLISH", IF(OR(J16="LONG BUILDUP",J16="SHORT UNWINDING" ), "BEARISH","")),""),"")</f><v>BULLISH</v></c></row><row r="17" spans="1:11" ht="16.5" customHeight="1" thickBot="1" x14ac:dyDescent="0.35"><c r="A17" s="304" t="str"><f ca="1">IF(Sheet51!$P$18="yes",IF(Sheet51!$P$17="yes",IF(OR(B17="SHORT BUILDUP",B17="LONG UNWINDING"), "BEARISH", IF(OR(B17="LONG BUILDUP",B17="SHORT UNWINDING" ), "BULLISH","")),""),"")</f><v/></c><c r="B17" s="305" t="str"><f ca="1">IF(Sheet51!$P$18="yes",IF(Sheet51!$P$17="yes",IF(AND(C17&lt;0,D17&lt;0),"LONG UNWINDING",(IF(AND(C17&lt;0,D17&gt;0),"SHORT BUILDUP",(IF(AND(C17&gt;0,D17&gt;0),"LONG BUILDUP",IF(AND(C17&gt;0,D17&lt;0),"SHORT UNWINDING","")))))),""),"")</f><v/></c><c r="C17" s="306"><f ca="1">IF(Sheet51!$P$18="yes",IF(Sheet51!$P$17="yes",SUMIF(Data!$L$21:'Data'!$L$200,F17,Data!$G$21:'Data'!$G$200),""),"")</f><v>0</v></c><c r="D17" s="513"><f ca="1">IF(Sheet51!$P$18="yes",IF(Sheet51!$P$17="yes",SUMIF(Data!$L$21:'Data'!$L$200,F17,Data!$C$21:'Data'!$C$200),""),"")</f><v>0</v></c><c r="E17" s="513"/><c r="F17" s="297"><f>IF(MAIN!$E$14="NIFTY",F16-100,F16-Sheet51!$B$3)</f><v>690</v></c><c r="G17" s="527"><f ca="1">IF(Sheet51!$P$18="yes",IF(Sheet51!$P$17="yes",SUMIF(Data!$L$21:'Data'!$L$200,F17,Data!$U$21:'Data'!$U$200),""),"")</f><v>40800</v></c><c r="H17" s="527"/><c r="I17" s="308"><f ca="1">IF(Sheet51!$P$18="yes",IF(Sheet51!$P$17="yes",SUMIF(Data!$L$21:'Data'!$L$200,F17,Data!$Q$21:'Data'!$Q$200),""),"")</f><v>-0.65</v></c><c r="J17" s="309" t="str"><f ca="1">IF(Sheet51!$P$18="yes",IF(Sheet51!$P$17="yes",IF(AND(I17&lt;0,G17&lt;0),"SHORT UNWINDING",(IF(AND(I17&lt;0,G17&gt;0),"SHORT BUILDUP",(IF(AND(I17&gt;0,G17&gt;0),"LONG BUILDUP",IF(AND(I17&gt;0,G17&lt;0),"LONG UNWINDING","")))))),""),"")</f><v>SHORT BUILDUP</v></c><c r="K17" s="310" t="str"><f ca="1">IF(Sheet51!$P$18="yes",IF(Sheet51!$P$17="yes",IF(OR(J17="SHORT BUILDUP",J17="LONG UNWINDING"), "BULLISH", IF(OR(J17="LONG BUILDUP",J17="SHORT UNWINDING" ), "BEARISH","")),""),"")</f><v>BULLISH</v></c></row><row r="18" spans="1:11" ht="16.5" customHeight="1" thickBot="1" x14ac:dyDescent="0.3"><c r="A18" s="311" t="str"><f ca="1">IF(Sheet51!$P$18="yes",IF(Sheet51!$P$17="yes",IF(OR(B18="SHORT BUILDUP",B18="LONG UNWINDING"), "BEARISH", IF(OR(B18="LONG BUILDUP",B18="SHORT UNWINDING" ), "BULLISH","")),""),"")</f><v/></c><c r="B18" s="311" t="str"><f ca="1">IF(Sheet51!$P$18="yes",IF(Sheet51!$P$17="yes",IF(AND(C18&lt;0,D18&lt;0),"LONG UNWINDING",(IF(AND(C18&lt;0,D18&gt;0),"SHORT BUILDUP",(IF(AND(C18&gt;0,D18&gt;0),"LONG BUILDUP",IF(AND(C18&gt;0,D18&lt;0),"SHORT UNWINDING","")))))),""),"")</f><v/></c><c r="C18" s="312"><f ca="1">IF(Sheet51!$P$18="yes",IF(Sheet51!$P$17="yes",SUMIF(Data!$L$21:'Data'!$L$200,F18,Data!$G$21:'Data'!$G$200),""),"")</f><v>0</v></c><c r="D18" s="514"><f ca="1">IF(Sheet51!$P$18="yes",IF(Sheet51!$P$17="yes",SUMIF(Data!$L$21:'Data'!$L$200,F18,Data!$C$21:'Data'!$C$200),""),"")</f><v>0</v></c><c r="E18" s="514"/><c r="F18" s="182"><f>IF(MAIN!$E$14="NIFTY",F17-100,F17-Sheet51!$B$3)</f><v>680</v></c><c r="G18" s="528"><f ca="1">IF(Sheet51!$P$18="yes",IF(Sheet51!$P$17="yes",SUMIF(Data!$L$21:'Data'!$L$200,F18,Data!$U$21:'Data'!$U$200),""),"")</f><v>38400</v></c><c r="H18" s="528"/><c r="I18" s="312"><f ca="1">IF(Sheet51!$P$18="yes",IF(Sheet51!$P$17="yes",SUMIF(Data!$L$21:'Data'!$L$200,F18,Data!$Q$21:'Data'!$Q$200),""),"")</f><v>-0.3</v></c><c r="J18" s="314" t="str"><f ca="1">IF(Sheet51!$P$18="yes",IF(Sheet51!$P$17="yes",IF(AND(I18&lt;0,G18&lt;0),"SHORT UNWINDING",(IF(AND(I18&lt;0,G18&gt;0),"SHORT BUILDUP",(IF(AND(I18&gt;0,G18&gt;0),"LONG BUILDUP",IF(AND(I18&gt;0,G18&lt;0),"LONG UNWINDING","")))))),""),"")</f><v>SHORT BUILDUP</v></c><c r="K18" s="315" t="str"><f ca="1">IF(Sheet51!$P$18="yes",IF(Sheet51!$P$17="yes",IF(OR(J18="SHORT BUILDUP",J18="LONG UNWINDING"), "BULLISH", IF(OR(J18="LONG BUILDUP",J18="SHORT UNWINDING" ), "BEARISH","")),""),"")</f><v>BULLISH</v></c></row><row r="19" spans="1:11" ht="16.5" customHeight="1" thickBot="1" x14ac:dyDescent="0.3"><c r="A19" s="278" t="str"><f ca="1">IF(Sheet51!$P$18="yes",IF(Sheet51!$P$17="yes",IF(OR(B19="SHORT BUILDUP",B19="LONG UNWINDING"), "BEARISH", IF(OR(B19="LONG BUILDUP",B19="SHORT UNWINDING" ), "BULLISH","")),""),"")</f><v/></c><c r="B19" s="278" t="str"><f ca="1">IF(Sheet51!$P$18="yes",IF(Sheet51!$P$17="yes",IF(AND(C19&lt;0,D19&lt;0),"LONG UNWINDING",(IF(AND(C19&lt;0,D19&gt;0),"SHORT BUILDUP",(IF(AND(C19&gt;0,D19&gt;0),"LONG BUILDUP",IF(AND(C19&gt;0,D19&lt;0),"SHORT UNWINDING","")))))),""),"")</f><v/></c><c r="C19" s="263"><f ca="1">IF(Sheet51!$P$18="yes",IF(Sheet51!$P$17="yes",SUMIF(Data!$L$21:'Data'!$L$200,F19,Data!$G$21:'Data'!$G$200),""),"")</f><v>0</v></c><c r="D19" s="515"><f ca="1">IF(Sheet51!$P$18="yes",IF(Sheet51!$P$17="yes",SUMIF(Data!$L$21:'Data'!$L$200,F19,Data!$C$21:'Data'!$C$200),""),"")</f><v>0</v></c><c r="E19" s="515"/><c r="F19" s="182"><f>IF(MAIN!$E$14="NIFTY",F18-100,F18-Sheet51!$B$3)</f><v>670</v></c><c r="G19" s="516"><f ca="1">IF(Sheet51!$P$18="yes",IF(Sheet51!$P$17="yes",SUMIF(Data!$L$21:'Data'!$L$200,F19,Data!$U$21:'Data'!$U$200),""),"")</f><v>-12000</v></c><c r="H19" s="516"/><c r="I19" s="263"><f ca="1">IF(Sheet51!$P$18="yes",IF(Sheet51!$P$17="yes",SUMIF(Data!$L$21:'Data'!$L$200,F19,Data!$Q$21:'Data'!$Q$200),""),"")</f><v>-0.35</v></c><c r="J19" s="279" t="str"><f ca="1">IF(Sheet51!$P$18="yes",IF(Sheet51!$P$17="yes",IF(AND(I19&lt;0,G19&lt;0),"SHORT UNWINDING",(IF(AND(I19&lt;0,G19&gt;0),"SHORT BUILDUP",(IF(AND(I19&gt;0,G19&gt;0),"LONG BUILDUP",IF(AND(I19&gt;0,G19&lt;0),"LONG UNWINDING","")))))),""),"")</f><v>SHORT UNWINDING</v></c><c r="K19" s="280" t="str"><f ca="1">IF(Sheet51!$P$18="yes",IF(Sheet51!$P$17="yes",IF(OR(J19="SHORT BUILDUP",J19="LONG UNWINDING"), "BULLISH", IF(OR(J19="LONG BUILDUP",J19="SHORT UNWINDING" ), "BEARISH","")),""),"")</f><v>BEARISH</v></c></row><row r="20" spans="1:11" ht="16.5" customHeight="1" thickBot="1" x14ac:dyDescent="0.3"><c r="A20" s="278" t="str"><f ca="1">IF(Sheet51!$P$18="yes",IF(Sheet51!$P$17="yes",IF(OR(B20="SHORT BUILDUP",B20="LONG UNWINDING"), "BEARISH", IF(OR(B20="LONG BUILDUP",B20="SHORT UNWINDING" ), "BULLISH","")),""),"")</f><v/></c><c r="B20" s="278" t="str"><f ca="1">IF(Sheet51!$P$18="yes",IF(Sheet51!$P$17="yes",IF(AND(C20&lt;0,D20&lt;0),"LONG UNWINDING",(IF(AND(C20&lt;0,D20&gt;0),"SHORT BUILDUP",(IF(AND(C20&gt;0,D20&gt;0),"LONG BUILDUP",IF(AND(C20&gt;0,D20&lt;0),"SHORT UNWINDING","")))))),""),"")</f><v/></c><c r="C20" s="263"><f ca="1">IF(Sheet51!$P$18="yes",IF(Sheet51!$P$17="yes",SUMIF(Data!$L$21:'Data'!$L$200,F20,Data!$G$21:'Data'!$G$200),""),"")</f><v>0</v></c><c r="D20" s="515"><f ca="1">IF(Sheet51!$P$18="yes",IF(Sheet51!$P$17="yes",SUMIF(Data!$L$21:'Data'!$L$200,F20,Data!$C$21:'Data'!$C$200),""),"")</f><v>0</v></c><c r="E20" s="515"/><c r="F20" s="182"><f>IF(MAIN!$E$14="NIFTY",F19-100,F19-Sheet51!$B$3)</f><v>660</v></c><c r="G20" s="516"><f ca="1">IF(Sheet51!$P$18="yes",IF(Sheet51!$P$17="yes",SUMIF(Data!$L$21:'Data'!$L$200,F20,Data!$U$21:'Data'!$U$200),""),"")</f><v>58800</v></c><c r="H20" s="516"/><c r="I20" s="263"><f ca="1">IF(Sheet51!$P$18="yes",IF(Sheet51!$P$17="yes",SUMIF(Data!$L$21:'Data'!$L$200,F20,Data!$Q$21:'Data'!$Q$200),""),"")</f><v>-0.55000000000000004</v></c><c r="J20" s="279" t="str"><f ca="1">IF(Sheet51!$P$18="yes",IF(Sheet51!$P$17="yes",IF(AND(I20&lt;0,G20&lt;0),"SHORT UNWINDING",(IF(AND(I20&lt;0,G20&gt;0),"SHORT BUILDUP",(IF(AND(I20&gt;0,G20&gt;0),"LONG BUILDUP",IF(AND(I20&gt;0,G20&lt;0),"LONG UNWINDING","")))))),""),"")</f><v>SHORT BUILDUP</v></c><c r="K20" s="280" t="str"><f ca="1">IF(Sheet51!$P$18="yes",IF(Sheet51!$P$17="yes",IF(OR(J20="SHORT BUILDUP",J20="LONG UNWINDING"), "BULLISH", IF(OR(J20="LONG BUILDUP",J20="SHORT UNWINDING" ), "BEARISH","")),""),"")</f><v>BULLISH</v></c></row><row r="21" spans="1:11" ht="16.5" customHeight="1" thickBot="1" x14ac:dyDescent="0.3"><c r="A21" s="278" t="str"><f ca="1">IF(Sheet51!$P$18="yes",IF(Sheet51!$P$17="yes",IF(OR(B21="SHORT BUILDUP",B21="LONG UNWINDING"), "BEARISH", IF(OR(B21="LONG BUILDUP",B21="SHORT UNWINDING" ), "BULLISH","")),""),"")</f><v>BEARISH</v></c><c r="B21" s="278" t="str"><f ca="1">IF(Sheet51!$P$18="yes",IF(Sheet51!$P$17="yes",IF(AND(C21&lt;0,D21&lt;0),"LONG UNWINDING",(IF(AND(C21&lt;0,D21&gt;0),"SHORT BUILDUP",(IF(AND(C21&gt;0,D21&gt;0),"LONG BUILDUP",IF(AND(C21&gt;0,D21&lt;0),"SHORT UNWINDING","")))))),""),"")</f><v>LONG UNWINDING</v></c><c r="C21" s="263"><f ca="1">IF(Sheet51!$P$18="yes",IF(Sheet51!$P$17="yes",SUMIF(Data!$L$21:'Data'!$L$200,F21,Data!$G$21:'Data'!$G$200),""),"")</f><v>-8.1</v></c><c r="D21" s="515"><f ca="1">IF(Sheet51!$P$18="yes",IF(Sheet51!$P$17="yes",SUMIF(Data!$L$21:'Data'!$L$200,F21,Data!$C$21:'Data'!$C$200),""),"")</f><v>-1200</v></c><c r="E21" s="515"/><c r="F21" s="182"><f>IF(MAIN!$E$14="NIFTY",F20-100,F20-Sheet51!$B$3)</f><v>650</v></c><c r="G21" s="516"><f ca="1">IF(Sheet51!$P$18="yes",IF(Sheet51!$P$17="yes",SUMIF(Data!$L$21:'Data'!$L$200,F21,Data!$U$21:'Data'!$U$200),""),"")</f><v>109200</v></c><c r="H21" s="516"/><c r="I21" s="263"><f ca="1">IF(Sheet51!$P$18="yes",IF(Sheet51!$P$17="yes",SUMIF(Data!$L$21:'Data'!$L$200,F21,Data!$Q$21:'Data'!$Q$200),""),"")</f><v>-0.2</v></c><c r="J21" s="279" t="str"><f ca="1">IF(Sheet51!$P$18="yes",IF(Sheet51!$P$17="yes",IF(AND(I21&lt;0,G21&lt;0),"SHORT UNWINDING",(IF(AND(I21&lt;0,G21&gt;0),"SHORT BUILDUP",(IF(AND(I21&gt;0,G21&gt;0),"LONG BUILDUP",IF(AND(I21&gt;0,G21&lt;0),"LONG UNWINDING","")))))),""),"")</f><v>SHORT BUILDUP</v></c><c r="K21" s="280" t="str"><f ca="1">IF(Sheet51!$P$18="yes",IF(Sheet51!$P$17="yes",IF(OR(J21="SHORT BUILDUP",J21="LONG UNWINDING"), "BULLISH", IF(OR(J21="LONG BUILDUP",J21="SHORT UNWINDING" ), "BEARISH","")),""),"")</f><v>BULLISH</v></c></row><row r="22" spans="1:11" ht="16.5" customHeight="1" thickBot="1" x14ac:dyDescent="0.3"><c r="A22" s="278" t="str"><f ca="1">IF(Sheet51!$P$18="yes",IF(Sheet51!$P$17="yes",IF(OR(B22="SHORT BUILDUP",B22="LONG UNWINDING"), "BEARISH", IF(OR(B22="LONG BUILDUP",B22="SHORT UNWINDING" ), "BULLISH","")),""),"")</f><v/></c><c r="B22" s="278" t="str"><f ca="1">IF(Sheet51!$P$18="yes",IF(Sheet51!$P$17="yes",IF(AND(C22&lt;0,D22&lt;0),"LONG UNWINDING",(IF(AND(C22&lt;0,D22&gt;0),"SHORT BUILDUP",(IF(AND(C22&gt;0,D22&gt;0),"LONG BUILDUP",IF(AND(C22&gt;0,D22&lt;0),"SHORT UNWINDING","")))))),""),"")</f><v/></c><c r="C22" s="263"><f ca="1">IF(Sheet51!$P$18="yes",IF(Sheet51!$P$17="yes",SUMIF(Data!$L$21:'Data'!$L$200,F22,Data!$G$21:'Data'!$G$200),""),"")</f><v>0</v></c><c r="D22" s="515"><f ca="1">IF(Sheet51!$P$18="yes",IF(Sheet51!$P$17="yes",SUMIF(Data!$L$21:'Data'!$L$200,F22,Data!$C$21:'Data'!$C$200),""),"")</f><v>0</v></c><c r="E22" s="515"/><c r="F22" s="182"><f>IF(MAIN!$E$14="NIFTY",F21-100,F21-Sheet51!$B$3)</f><v>640</v></c><c r="G22" s="516"><f ca="1">IF(Sheet51!$P$18="yes",IF(Sheet51!$P$17="yes",SUMIF(Data!$L$21:'Data'!$L$200,F22,Data!$U$21:'Data'!$U$200),""),"")</f><v>-21600</v></c><c r="H22" s="516"/><c r="I22" s="263"><f ca="1">IF(Sheet51!$P$18="yes",IF(Sheet51!$P$17="yes",SUMIF(Data!$L$21:'Data'!$L$200,F22,Data!$Q$21:'Data'!$Q$200),""),"")</f><v>-0.15</v></c><c r="J22" s="279" t="str"><f ca="1">IF(Sheet51!$P$18="yes",IF(Sheet51!$P$17="yes",IF(AND(I22&lt;0,G22&lt;0),"SHORT UNWINDING",(IF(AND(I22&lt;0,G22&gt;0),"SHORT BUILDUP",(IF(AND(I22&gt;0,G22&gt;0),"LONG BUILDUP",IF(AND(I22&gt;0,G22&lt;0),"LONG UNWINDING","")))))),""),"")</f><v>SHORT UNWINDING</v></c><c r="K22" s="280" t="str"><f ca="1">IF(Sheet51!$P$18="yes",IF(Sheet51!$P$17="yes",IF(OR(J22="SHORT BUILDUP",J22="LONG UNWINDING"), "BULLISH", IF(OR(J22="LONG BUILDUP",J22="SHORT UNWINDING" ), "BEARISH","")),""),"")</f><v>BEARISH</v></c></row><row r="23" spans="1:11" ht="16.5" customHeight="1" thickBot="1" x14ac:dyDescent="0.3"><c r="A23" s="278" t="str"><f ca="1">IF(Sheet51!$P$18="yes",IF(Sheet51!$P$17="yes",IF(OR(B23="SHORT BUILDUP",B23="LONG UNWINDING"), "BEARISH", IF(OR(B23="LONG BUILDUP",B23="SHORT UNWINDING" ), "BULLISH","")),""),"")</f><v/></c><c r="B23" s="278" t="str"><f ca="1">IF(Sheet51!$P$18="yes",IF(Sheet51!$P$17="yes",IF(AND(C23&lt;0,D23&lt;0),"LONG UNWINDING",(IF(AND(C23&lt;0,D23&gt;0),"SHORT BUILDUP",(IF(AND(C23&gt;0,D23&gt;0),"LONG BUILDUP",IF(AND(C23&gt;0,D23&lt;0),"SHORT UNWINDING","")))))),""),"")</f><v/></c><c r="C23" s="263"><f ca="1">IF(Sheet51!$P$18="yes",IF(Sheet51!$P$17="yes",SUMIF(Data!$L$21:'Data'!$L$200,F23,Data!$G$21:'Data'!$G$200),""),"")</f><v>0</v></c><c r="D23" s="515"><f ca="1">IF(Sheet51!$P$18="yes",IF(Sheet51!$P$17="yes",SUMIF(Data!$L$21:'Data'!$L$200,F23,Data!$C$21:'Data'!$C$200),""),"")</f><v>0</v></c><c r="E23" s="515"/><c r="F23" s="182"><f>IF(MAIN!$E$14="NIFTY",F22-100,F22-Sheet51!$B$3)</f><v>630</v></c><c r="G23" s="516"><f ca="1">IF(Sheet51!$P$18="yes",IF(Sheet51!$P$17="yes",SUMIF(Data!$L$21:'Data'!$L$200,F23,Data!$U$21:'Data'!$U$200),""),"")</f><v>14400</v></c><c r="H23" s="516"/><c r="I23" s="263"><f ca="1">IF(Sheet51!$P$18="yes",IF(Sheet51!$P$17="yes",SUMIF(Data!$L$21:'Data'!$L$200,F23,Data!$Q$21:'Data'!$Q$200),""),"")</f><v>-0.65</v></c><c r="J23" s="279" t="str"><f ca="1">IF(Sheet51!$P$18="yes",IF(Sheet51!$P$17="yes",IF(AND(I23&lt;0,G23&lt;0),"SHORT UNWINDING",(IF(AND(I23&lt;0,G23&gt;0),"SHORT BUILDUP",(IF(AND(I23&gt;0,G23&gt;0),"LONG BUILDUP",IF(AND(I23&gt;0,G23&lt;0),"LONG UNWINDING","")))))),""),"")</f><v>SHORT BUILDUP</v></c><c r="K23" s="280" t="str"><f ca="1">IF(Sheet51!$P$18="yes",IF(Sheet51!$P$17="yes",IF(OR(J23="SHORT BUILDUP",J23="LONG UNWINDING"), "BULLISH", IF(OR(J23="LONG BUILDUP",J23="SHORT UNWINDING" ), "BEARISH","")),""),"")</f><v>BULLISH</v></c></row><row r="24" spans="1:11" ht="16.5" customHeight="1" thickBot="1" x14ac:dyDescent="0.3"><c r="A24" s="278" t="str"><f ca="1">IF(Sheet51!$P$18="yes",IF(Sheet51!$P$17="yes",IF(OR(B24="SHORT BUILDUP",B24="LONG UNWINDING"), "BEARISH", IF(OR(B24="LONG BUILDUP",B24="SHORT UNWINDING" ), "BULLISH","")),""),"")</f><v/></c><c r="B24" s="278" t="str"><f ca="1">IF(Sheet51!$P$18="yes",IF(Sheet51!$P$17="yes",IF(AND(C24&lt;0,D24&lt;0),"LONG UNWINDING",(IF(AND(C24&lt;0,D24&gt;0),"SHORT BUILDUP",(IF(AND(C24&gt;0,D24&gt;0),"LONG BUILDUP",IF(AND(C24&gt;0,D24&lt;0),"SHORT UNWINDING","")))))),""),"")</f><v/></c><c r="C24" s="263"><f ca="1">IF(Sheet51!$P$18="yes",IF(Sheet51!$P$17="yes",SUMIF(Data!$L$21:'Data'!$L$200,F24,Data!$G$21:'Data'!$G$200),""),"")</f><v>0</v></c><c r="D24" s="515"><f ca="1">IF(Sheet51!$P$18="yes",IF(Sheet51!$P$17="yes",SUMIF(Data!$L$21:'Data'!$L$200,F24,Data!$C$21:'Data'!$C$200),""),"")</f><v>0</v></c><c r="E24" s="515"/><c r="F24" s="182"><f>IF(MAIN!$E$14="NIFTY",F23-100,F23-Sheet51!$B$3)</f><v>620</v></c><c r="G24" s="516"><f ca="1">IF(Sheet51!$P$18="yes",IF(Sheet51!$P$17="yes",SUMIF(Data!$L$21:'Data'!$L$200,F24,Data!$U$21:'Data'!$U$200),""),"")</f><v>19200</v></c><c r="H24" s="516"/><c r="I24" s="263"><f ca="1">IF(Sheet51!$P$18="yes",IF(Sheet51!$P$17="yes",SUMIF(Data!$L$21:'Data'!$L$200,F24,Data!$Q$21:'Data'!$Q$200),""),"")</f><v>-0.2</v></c><c r="J24" s="279" t="str"><f ca="1">IF(Sheet51!$P$18="yes",IF(Sheet51!$P$17="yes",IF(AND(I24&lt;0,G24&lt;0),"SHORT UNWINDING",(IF(AND(I24&lt;0,G24&gt;0),"SHORT BUILDUP",(IF(AND(I24&gt;0,G24&gt;0),"LONG BUILDUP",IF(AND(I24&gt;0,G24&lt;0),"LONG UNWINDING","")))))),""),"")</f><v>SHORT BUILDUP</v></c><c r="K24" s="280" t="str"><f ca="1">IF(Sheet51!$P$18="yes",IF(Sheet51!$P$17="yes",IF(OR(J24="SHORT BUILDUP",J24="LONG UNWINDING"), "BULLISH", IF(OR(J24="LONG BUILDUP",J24="SHORT UNWINDING" ), "BEARISH","")),""),"")</f><v>BULLISH</v></c></row><row r="25" spans="1:11" ht="16.5" customHeight="1" x14ac:dyDescent="0.25"><c r="A25" s="325"/><c r="B25" s="325"/><c r="C25" s="74"/><c r="D25" s="74"/><c r="E25" s="74"/><c r="F25" s="74"/><c r="G25" s="74"/><c r="H25" s="74"/><c r="I25" s="74"/><c r="J25" s="326"/><c r="K25" s="326"/></row><row r="26" spans="1:11" ht="16.5" customHeight="1" x14ac:dyDescent="0.25"><c r="A26" s="325"/><c r="B26" s="325"/><c r="C26" s="74"/><c r="D26" s="74"/><c r="E26" s="74"/><c r="F26" s="74"/><c r="G26" s="74"/><c r="H26" s="74"/><c r="I26" s="74"/><c r="J26" s="326"/><c r="K26" s="326"/></row><row r="27" spans="1:11" ht="16.5" customHeight="1" thickBot="1" x14ac:dyDescent="0.3"><c r="A27" s="325"/><c r="B27" s="325"/><c r="C27" s="74"/><c r="D27" s="74"/><c r="E27" s="74"/><c r="F27" s="74"/><c r="G27" s="74"/><c r="H27" s="74"/><c r="I27" s="74"/><c r="J27" s="326"/><c r="K27" s="326"/></row><row r="28" spans="1:11" ht="16.5" customHeight="1" thickBot="1" x14ac:dyDescent="0.3"><c r="A28" s="265" t="s"><v>23</v></c><c r="B28" s="324"><f>MAIN!B2</f><v>721</v></c><c r="C28" s="267" t="s"><v>84</v></c><c r="D28" s="268"><f ca="1">MAIN!C5</f><v>710</v></c><c r="E28" s="269"><f ca="1">MAIN!E5</f><v>130800</v></c><c r="F28" s="270"/><c r="G28" s="271" t="s"><v>86</v></c><c r="H28" s="272"><f ca="1">MAIN!C6</f><v>650</v></c><c r="I28" s="273"><f ca="1">MAIN!E6</f><v>109200</v></c><c r="J28" s="274" t="s"><v>177</v></c><c r="K28" s="275"><f ca="1">NOW()</f><v>43382.845566550925</v></c></row><row r="29" spans="1:11" ht="16.5" customHeight="1" thickBot="1" x14ac:dyDescent="0.3"><c r="A29" s="509" t="s"><v>30</v></c><c r="B29" s="510"/><c r="C29" s="511"/><c r="D29" s="507" t="str"><f>MAIN!D1</f><v xml:space="preserve">Underlying Stock: INFY 721.00  As on Oct 09, 2018 15:30:30 IST </v></c><c r="E29" s="508"/><c r="F29" s="508"/><c r="G29" s="508"/><c r="H29" s="508"/><c r="I29" s="509" t="s"><v>29</v></c><c r="J29" s="510"/><c r="K29" s="511"/></row><row r="30" spans="1:11" ht="16.5" customHeight="1" thickBot="1" x14ac:dyDescent="0.3"><c r="A30" s="323" t="s"><v>159</v></c><c r="B30" s="323" t="s"><v>174</v></c><c r="C30" s="323" t="s"><v>176</v></c><c r="D30" s="522" t="s"><v>175</v></c><c r="E30" s="522"/><c r="F30" s="277" t="s"><v>49</v></c><c r="G30" s="522" t="s"><v>175</v></c><c r="H30" s="522"/><c r="I30" s="323" t="s"><v>176</v></c><c r="J30" s="323" t="s"><v>174</v></c><c r="K30" s="323" t="s"><v>159</v></c></row><row r="31" spans="1:11" ht="16.5" customHeight="1" thickBot="1" x14ac:dyDescent="0.3"><c r="A31" s="278" t="str"><f ca="1">IF(Sheet51!$P$18="yes",IF(Sheet51!$P$17="yes",IF(OR(B31="SHORT BUILDUP",B31="LONG UNWINDING"), "BEARISH", IF(OR(B31="LONG BUILDUP",B31="SHORT UNWINDING" ), "BULLISH","")),""),"")</f><v/></c><c r="B31" s="278" t="str"><f ca="1">IF(Sheet51!$P$18="yes",IF(Sheet51!$P$17="yes",IF(AND(C31&lt;0,D31&lt;0),"LONG UNWINDING",(IF(AND(C31&lt;0,D31&gt;0),"SHORT BUILDUP",(IF(AND(C31&gt;0,D31&gt;0),"LONG BUILDUP",IF(AND(C31&gt;0,D31&lt;0),"SHORT UNWINDING","")))))),""),"")</f><v/></c><c r="C31" s="263"><f ca="1">IF(Sheet51!$P$18="yes",IF(Sheet51!$P$17="yes",SUMIF(Data!$L$21:'Data'!$L$200,F31,Data!$G$21:'Data'!$G$200),""),"")</f><v>0</v></c><c r="D31" s="515"><f ca="1">IF(Sheet51!$P$18="yes",IF(Sheet51!$P$17="yes",SUMIF(Data!$L$21:'Data'!$L$200,F31,Data!$C$21:'Data'!$C$200),""),"")</f><v>0</v></c><c r="E31" s="515"/><c r="F31" s="182" t="str"><f>IF(MAIN!$E$14="NIFTY",F32+50,"")</f><v/></c><c r="G31" s="516"><f ca="1">IF(Sheet51!$P$18="yes",IF(Sheet51!$P$17="yes",SUMIF(Data!$L$21:'Data'!$L$200,F31,Data!$U$21:'Data'!$U$200),""),"")</f><v>0</v></c><c r="H31" s="516"/><c r="I31" s="263"><f ca="1">IF(Sheet51!$P$18="yes",IF(Sheet51!$P$17="yes",SUMIF(Data!$L$21:'Data'!$L$200,F31,Data!$Q$21:'Data'!$Q$200),""),"")</f><v>0</v></c><c r="J31" s="279" t="str"><f ca="1">IF(Sheet51!$P$18="yes",IF(Sheet51!$P$17="yes",IF(AND(I31&lt;0,G31&lt;0),"SHORT UNWINDING",(IF(AND(I31&lt;0,G31&gt;0),"SHORT BUILDUP",(IF(AND(I31&gt;0,G31&gt;0),"LONG BUILDUP",IF(AND(I31&gt;0,G31&lt;0),"LONG UNWINDING","")))))),""),"")</f><v/></c><c r="K31" s="280" t="str"><f ca="1">IF(Sheet51!$P$18="yes",IF(Sheet51!$P$17="yes",IF(OR(J31="SHORT BUILDUP",J31="LONG UNWINDING"), "BULLISH", IF(OR(J31="LONG BUILDUP",J31="SHORT UNWINDING" ), "BEARISH","")),""),"")</f><v/></c></row><row r="32" spans="1:11" ht="16.5" customHeight="1" thickBot="1" x14ac:dyDescent="0.3"><c r="A32" s="278" t="str"><f ca="1">IF(Sheet51!$P$18="yes",IF(Sheet51!$P$17="yes",IF(OR(B32="SHORT BUILDUP",B32="LONG UNWINDING"), "BEARISH", IF(OR(B32="LONG BUILDUP",B32="SHORT UNWINDING" ), "BULLISH","")),""),"")</f><v/></c><c r="B32" s="278" t="str"><f ca="1">IF(Sheet51!$P$18="yes",IF(Sheet51!$P$17="yes",IF(AND(C32&lt;0,D32&lt;0),"LONG UNWINDING",(IF(AND(C32&lt;0,D32&gt;0),"SHORT BUILDUP",(IF(AND(C32&gt;0,D32&gt;0),"LONG BUILDUP",IF(AND(C32&gt;0,D32&lt;0),"SHORT UNWINDING","")))))),""),"")</f><v/></c><c r="C32" s="263"><f ca="1">IF(Sheet51!$P$18="yes",IF(Sheet51!$P$17="yes",SUMIF(Data!$L$21:'Data'!$L$200,F32,Data!$G$21:'Data'!$G$200),""),"")</f><v>0</v></c><c r="D32" s="515"><f ca="1">IF(Sheet51!$P$18="yes",IF(Sheet51!$P$17="yes",SUMIF(Data!$L$21:'Data'!$L$200,F32,Data!$C$21:'Data'!$C$200),""),"")</f><v>0</v></c><c r="E32" s="515"/><c r="F32" s="182" t="str"><f>IF(MAIN!$E$14="NIFTY",F33+50,"")</f><v/></c><c r="G32" s="516"><f ca="1">IF(Sheet51!$P$18="yes",IF(Sheet51!$P$17="yes",SUMIF(Data!$L$21:'Data'!$L$200,F32,Data!$U$21:'Data'!$U$200),""),"")</f><v>0</v></c><c r="H32" s="516"/><c r="I32" s="263"><f ca="1">IF(Sheet51!$P$18="yes",IF(Sheet51!$P$17="yes",SUMIF(Data!$L$21:'Data'!$L$200,F32,Data!$Q$21:'Data'!$Q$200),""),"")</f><v>0</v></c><c r="J32" s="279" t="str"><f ca="1">IF(Sheet51!$P$18="yes",IF(Sheet51!$P$17="yes",IF(AND(I32&lt;0,G32&lt;0),"SHORT UNWINDING",(IF(AND(I32&lt;0,G32&gt;0),"SHORT BUILDUP",(IF(AND(I32&gt;0,G32&gt;0),"LONG BUILDUP",IF(AND(I32&gt;0,G32&lt;0),"LONG UNWINDING","")))))),""),"")</f><v/></c><c r="K32" s="280" t="str"><f ca="1">IF(Sheet51!$P$18="yes",IF(Sheet51!$P$17="yes",IF(OR(J32="SHORT BUILDUP",J32="LONG UNWINDING"), "BULLISH", IF(OR(J32="LONG BUILDUP",J32="SHORT UNWINDING" ), "BEARISH","")),""),"")</f><v/></c></row><row r="33" spans="1:11" ht="16.5" customHeight="1" thickBot="1" x14ac:dyDescent="0.3"><c r="A33" s="278" t="str"><f ca="1">IF(Sheet51!$P$18="yes",IF(Sheet51!$P$17="yes",IF(OR(B33="SHORT BUILDUP",B33="LONG UNWINDING"), "BEARISH", IF(OR(B33="LONG BUILDUP",B33="SHORT UNWINDING" ), "BULLISH","")),""),"")</f><v/></c><c r="B33" s="278" t="str"><f ca="1">IF(Sheet51!$P$18="yes",IF(Sheet51!$P$17="yes",IF(AND(C33&lt;0,D33&lt;0),"LONG UNWINDING",(IF(AND(C33&lt;0,D33&gt;0),"SHORT BUILDUP",(IF(AND(C33&gt;0,D33&gt;0),"LONG BUILDUP",IF(AND(C33&gt;0,D33&lt;0),"SHORT UNWINDING","")))))),""),"")</f><v/></c><c r="C33" s="263"><f ca="1">IF(Sheet51!$P$18="yes",IF(Sheet51!$P$17="yes",SUMIF(Data!$L$21:'Data'!$L$200,F33,Data!$G$21:'Data'!$G$200),""),"")</f><v>0</v></c><c r="D33" s="515"><f ca="1">IF(Sheet51!$P$18="yes",IF(Sheet51!$P$17="yes",SUMIF(Data!$L$21:'Data'!$L$200,F33,Data!$C$21:'Data'!$C$200),""),"")</f><v>0</v></c><c r="E33" s="515"/><c r="F33" s="182" t="str"><f>IF(MAIN!$E$14="NIFTY",F34+50,"")</f><v/></c><c r="G33" s="516"><f ca="1">IF(Sheet51!$P$18="yes",IF(Sheet51!$P$17="yes",SUMIF(Data!$L$21:'Data'!$L$200,F33,Data!$U$21:'Data'!$U$200),""),"")</f><v>0</v></c><c r="H33" s="516"/><c r="I33" s="263"><f ca="1">IF(Sheet51!$P$18="yes",IF(Sheet51!$P$17="yes",SUMIF(Data!$L$21:'Data'!$L$200,F33,Data!$Q$21:'Data'!$Q$200),""),"")</f><v>0</v></c><c r="J33" s="279" t="str"><f ca="1">IF(Sheet51!$P$18="yes",IF(Sheet51!$P$17="yes",IF(AND(I33&lt;0,G33&lt;0),"SHORT UNWINDING",(IF(AND(I33&lt;0,G33&gt;0),"SHORT BUILDUP",(IF(AND(I33&gt;0,G33&gt;0),"LONG BUILDUP",IF(AND(I33&gt;0,G33&lt;0),"LONG UNWINDING","")))))),""),"")</f><v/></c><c r="K33" s="280" t="str"><f ca="1">IF(Sheet51!$P$18="yes",IF(Sheet51!$P$17="yes",IF(OR(J33="SHORT BUILDUP",J33="LONG UNWINDING"), "BULLISH", IF(OR(J33="LONG BUILDUP",J33="SHORT UNWINDING" ), "BEARISH","")),""),"")</f><v/></c></row><row r="34" spans="1:11" ht="16.5" customHeight="1" thickBot="1" x14ac:dyDescent="0.3"><c r="A34" s="278" t="str"><f ca="1">IF(Sheet51!$P$18="yes",IF(Sheet51!$P$17="yes",IF(OR(B34="SHORT BUILDUP",B34="LONG UNWINDING"), "BEARISH", IF(OR(B34="LONG BUILDUP",B34="SHORT UNWINDING" ), "BULLISH","")),""),"")</f><v/></c><c r="B34" s="278" t="str"><f ca="1">IF(Sheet51!$P$18="yes",IF(Sheet51!$P$17="yes",IF(AND(C34&lt;0,D34&lt;0),"LONG UNWINDING",(IF(AND(C34&lt;0,D34&gt;0),"SHORT BUILDUP",(IF(AND(C34&gt;0,D34&gt;0),"LONG BUILDUP",IF(AND(C34&gt;0,D34&lt;0),"SHORT UNWINDING","")))))),""),"")</f><v/></c><c r="C34" s="263"><f ca="1">IF(Sheet51!$P$18="yes",IF(Sheet51!$P$17="yes",SUMIF(Data!$L$21:'Data'!$L$200,F34,Data!$G$21:'Data'!$G$200),""),"")</f><v>0</v></c><c r="D34" s="515"><f ca="1">IF(Sheet51!$P$18="yes",IF(Sheet51!$P$17="yes",SUMIF(Data!$L$21:'Data'!$L$200,F34,Data!$C$21:'Data'!$C$200),""),"")</f><v>0</v></c><c r="E34" s="515"/><c r="F34" s="182" t="str"><f>IF(MAIN!$E$14="NIFTY",F35+50,"")</f><v/></c><c r="G34" s="516"><f ca="1">IF(Sheet51!$P$18="yes",IF(Sheet51!$P$17="yes",SUMIF(Data!$L$21:'Data'!$L$200,F34,Data!$U$21:'Data'!$U$200),""),"")</f><v>0</v></c><c r="H34" s="516"/><c r="I34" s="263"><f ca="1">IF(Sheet51!$P$18="yes",IF(Sheet51!$P$17="yes",SUMIF(Data!$L$21:'Data'!$L$200,F34,Data!$Q$21:'Data'!$Q$200),""),"")</f><v>0</v></c><c r="J34" s="279" t="str"><f ca="1">IF(Sheet51!$P$18="yes",IF(Sheet51!$P$17="yes",IF(AND(I34&lt;0,G34&lt;0),"SHORT UNWINDING",(IF(AND(I34&lt;0,G34&gt;0),"SHORT BUILDUP",(IF(AND(I34&gt;0,G34&gt;0),"LONG BUILDUP",IF(AND(I34&gt;0,G34&lt;0),"LONG UNWINDING","")))))),""),"")</f><v/></c><c r="K34" s="280" t="str"><f ca="1">IF(Sheet51!$P$18="yes",IF(Sheet51!$P$17="yes",IF(OR(J34="SHORT BUILDUP",J34="LONG UNWINDING"), "BULLISH", IF(OR(J34="LONG BUILDUP",J34="SHORT UNWINDING" ), "BEARISH","")),""),"")</f><v/></c></row><row r="35" spans="1:11" ht="16.5" customHeight="1" thickBot="1" x14ac:dyDescent="0.3"><c r="A35" s="278" t="str"><f ca="1">IF(Sheet51!$P$18="yes",IF(Sheet51!$P$17="yes",IF(OR(B35="SHORT BUILDUP",B35="LONG UNWINDING"), "BEARISH", IF(OR(B35="LONG BUILDUP",B35="SHORT UNWINDING" ), "BULLISH","")),""),"")</f><v/></c><c r="B35" s="278" t="str"><f ca="1">IF(Sheet51!$P$18="yes",IF(Sheet51!$P$17="yes",IF(AND(C35&lt;0,D35&lt;0),"LONG UNWINDING",(IF(AND(C35&lt;0,D35&gt;0),"SHORT BUILDUP",(IF(AND(C35&gt;0,D35&gt;0),"LONG BUILDUP",IF(AND(C35&gt;0,D35&lt;0),"SHORT UNWINDING","")))))),""),"")</f><v/></c><c r="C35" s="263"><f ca="1">IF(Sheet51!$P$18="yes",IF(Sheet51!$P$17="yes",SUMIF(Data!$L$21:'Data'!$L$200,F35,Data!$G$21:'Data'!$G$200),""),"")</f><v>0</v></c><c r="D35" s="515"><f ca="1">IF(Sheet51!$P$18="yes",IF(Sheet51!$P$17="yes",SUMIF(Data!$L$21:'Data'!$L$200,F35,Data!$C$21:'Data'!$C$200),""),"")</f><v>0</v></c><c r="E35" s="515"/><c r="F35" s="182" t="str"><f>IF(MAIN!$E$14="NIFTY",F36+50,"")</f><v/></c><c r="G35" s="516"><f ca="1">IF(Sheet51!$P$18="yes",IF(Sheet51!$P$17="yes",SUMIF(Data!$L$21:'Data'!$L$200,F35,Data!$U$21:'Data'!$U$200),""),"")</f><v>0</v></c><c r="H35" s="516"/><c r="I35" s="263"><f ca="1">IF(Sheet51!$P$18="yes",IF(Sheet51!$P$17="yes",SUMIF(Data!$L$21:'Data'!$L$200,F35,Data!$Q$21:'Data'!$Q$200),""),"")</f><v>0</v></c><c r="J35" s="279" t="str"><f ca="1">IF(Sheet51!$P$18="yes",IF(Sheet51!$P$17="yes",IF(AND(I35&lt;0,G35&lt;0),"SHORT UNWINDING",(IF(AND(I35&lt;0,G35&gt;0),"SHORT BUILDUP",(IF(AND(I35&gt;0,G35&gt;0),"LONG BUILDUP",IF(AND(I35&gt;0,G35&lt;0),"LONG UNWINDING","")))))),""),"")</f><v/></c><c r="K35" s="280" t="str"><f ca="1">IF(Sheet51!$P$18="yes",IF(Sheet51!$P$17="yes",IF(OR(J35="SHORT BUILDUP",J35="LONG UNWINDING"), "BULLISH", IF(OR(J35="LONG BUILDUP",J35="SHORT UNWINDING" ), "BEARISH","")),""),"")</f><v/></c></row><row r="36" spans="1:11" ht="16.5" customHeight="1" thickBot="1" x14ac:dyDescent="0.3"><c r="A36" s="278" t="str"><f ca="1">IF(Sheet51!$P$18="yes",IF(Sheet51!$P$17="yes",IF(OR(B36="SHORT BUILDUP",B36="LONG UNWINDING"), "BEARISH", IF(OR(B36="LONG BUILDUP",B36="SHORT UNWINDING" ), "BULLISH","")),""),"")</f><v/></c><c r="B36" s="278" t="str"><f ca="1">IF(Sheet51!$P$18="yes",IF(Sheet51!$P$17="yes",IF(AND(C36&lt;0,D36&lt;0),"LONG UNWINDING",(IF(AND(C36&lt;0,D36&gt;0),"SHORT BUILDUP",(IF(AND(C36&gt;0,D36&gt;0),"LONG BUILDUP",IF(AND(C36&gt;0,D36&lt;0),"SHORT UNWINDING","")))))),""),"")</f><v/></c><c r="C36" s="263"><f ca="1">IF(Sheet51!$P$18="yes",IF(Sheet51!$P$17="yes",SUMIF(Data!$L$21:'Data'!$L$200,F36,Data!$G$21:'Data'!$G$200),""),"")</f><v>0</v></c><c r="D36" s="515"><f ca="1">IF(Sheet51!$P$18="yes",IF(Sheet51!$P$17="yes",SUMIF(Data!$L$21:'Data'!$L$200,F36,Data!$C$21:'Data'!$C$200),""),"")</f><v>0</v></c><c r="E36" s="515"/><c r="F36" s="182" t="str"><f>IF(MAIN!$E$14="NIFTY",F37+50,"")</f><v/></c><c r="G36" s="516"><f ca="1">IF(Sheet51!$P$18="yes",IF(Sheet51!$P$17="yes",SUMIF(Data!$L$21:'Data'!$L$200,F36,Data!$U$21:'Data'!$U$200),""),"")</f><v>0</v></c><c r="H36" s="516"/><c r="I36" s="263"><f ca="1">IF(Sheet51!$P$18="yes",IF(Sheet51!$P$17="yes",SUMIF(Data!$L$21:'Data'!$L$200,F36,Data!$Q$21:'Data'!$Q$200),""),"")</f><v>0</v></c><c r="J36" s="279" t="str"><f ca="1">IF(Sheet51!$P$18="yes",IF(Sheet51!$P$17="yes",IF(AND(I36&lt;0,G36&lt;0),"SHORT UNWINDING",(IF(AND(I36&lt;0,G36&gt;0),"SHORT BUILDUP",(IF(AND(I36&gt;0,G36&gt;0),"LONG BUILDUP",IF(AND(I36&gt;0,G36&lt;0),"LONG UNWINDING","")))))),""),"")</f><v/></c><c r="K36" s="280" t="str"><f ca="1">IF(Sheet51!$P$18="yes",IF(Sheet51!$P$17="yes",IF(OR(J36="SHORT BUILDUP",J36="LONG UNWINDING"), "BULLISH", IF(OR(J36="LONG BUILDUP",J36="SHORT UNWINDING" ), "BEARISH","")),""),"")</f><v/></c></row><row r="37" spans="1:11" ht="16.5" customHeight="1" thickBot="1" x14ac:dyDescent="0.3"><c r="A37" s="281" t="str"><f ca="1">IF(Sheet51!$P$18="yes",IF(Sheet51!$P$17="yes",IF(OR(B37="SHORT BUILDUP",B37="LONG UNWINDING"), "BEARISH", IF(OR(B37="LONG BUILDUP",B37="SHORT UNWINDING" ), "BULLISH","")),""),"")</f><v/></c><c r="B37" s="282" t="str"><f ca="1">IF(Sheet51!$P$18="yes",IF(Sheet51!$P$17="yes",IF(AND(C37&lt;0,D37&lt;0),"LONG UNWINDING",(IF(AND(C37&lt;0,D37&gt;0),"SHORT BUILDUP",(IF(AND(C37&gt;0,D37&gt;0),"LONG BUILDUP",IF(AND(C37&gt;0,D37&lt;0),"SHORT UNWINDING","")))))),""),"")</f><v/></c><c r="C37" s="283"><f ca="1">IF(Sheet51!$P$18="yes",IF(Sheet51!$P$17="yes",SUMIF(Data!$L$21:'Data'!$L$200,F37,Data!$G$21:'Data'!$G$200),""),"")</f><v>0</v></c><c r="D37" s="521"><f ca="1">IF(Sheet51!$P$18="yes",IF(Sheet51!$P$17="yes",SUMIF(Data!$L$21:'Data'!$L$200,F37,Data!$C$21:'Data'!$C$200),""),"")</f><v>0</v></c><c r="E37" s="521"/><c r="F37" s="284" t="str"><f>IF(MAIN!$E$14="NIFTY",F38+50,"")</f><v/></c><c r="G37" s="523"><f ca="1">IF(Sheet51!$P$18="yes",IF(Sheet51!$P$17="yes",SUMIF(Data!$L$21:'Data'!$L$200,F37,Data!$U$21:'Data'!$U$200),""),"")</f><v>0</v></c><c r="H37" s="523"/><c r="I37" s="283"><f ca="1">IF(Sheet51!$P$18="yes",IF(Sheet51!$P$17="yes",SUMIF(Data!$L$21:'Data'!$L$200,F37,Data!$Q$21:'Data'!$Q$200),""),"")</f><v>0</v></c><c r="J37" s="285" t="str"><f ca="1">IF(Sheet51!$P$18="yes",IF(Sheet51!$P$17="yes",IF(AND(I37&lt;0,G37&lt;0),"SHORT UNWINDING",(IF(AND(I37&lt;0,G37&gt;0),"SHORT BUILDUP",(IF(AND(I37&gt;0,G37&gt;0),"LONG BUILDUP",IF(AND(I37&gt;0,G37&lt;0),"LONG UNWINDING","")))))),""),"")</f><v/></c><c r="K37" s="286" t="str"><f ca="1">IF(Sheet51!$P$18="yes",IF(Sheet51!$P$17="yes",IF(OR(J37="SHORT BUILDUP",J37="LONG UNWINDING"), "BULLISH", IF(OR(J37="LONG BUILDUP",J37="SHORT UNWINDING" ), "BEARISH","")),""),"")</f><v/></c></row><row r="38" spans="1:11" ht="16.5" customHeight="1" thickBot="1" x14ac:dyDescent="0.35"><c r="A38" s="287" t="str"><f ca="1">IF(Sheet51!$P$18="yes",IF(Sheet51!$P$17="yes",IF(OR(B38="SHORT BUILDUP",B38="LONG UNWINDING"), "BEARISH", IF(OR(B38="LONG BUILDUP",B38="SHORT UNWINDING" ), "BULLISH","")),""),"")</f><v/></c><c r="B38" s="288" t="str"><f ca="1">IF(Sheet51!$P$18="yes",IF(Sheet51!$P$17="yes",IF(AND(C38&lt;0,D38&lt;0),"LONG UNWINDING",(IF(AND(C38&lt;0,D38&gt;0),"SHORT BUILDUP",(IF(AND(C38&gt;0,D38&gt;0),"LONG BUILDUP",IF(AND(C38&gt;0,D38&lt;0),"SHORT UNWINDING","")))))),""),"")</f><v/></c><c r="C38" s="289"><f ca="1">IF(Sheet51!$P$18="yes",IF(Sheet51!$P$17="yes",SUMIF(Data!$L$21:'Data'!$L$200,F38,Data!$G$21:'Data'!$G$200),""),"")</f><v>0</v></c><c r="D38" s="517"><f ca="1">IF(Sheet51!$P$18="yes",IF(Sheet51!$P$17="yes",SUMIF(Data!$L$21:'Data'!$L$200,F38,Data!$C$21:'Data'!$C$200),""),"")</f><v>0</v></c><c r="E38" s="517"/><c r="F38" s="290" t="str"><f>IF(MAIN!$E$14="NIFTY",F39+50,"")</f><v/></c><c r="G38" s="524"><f ca="1">IF(Sheet51!$P$18="yes",IF(Sheet51!$P$17="yes",SUMIF(Data!$L$21:'Data'!$L$200,F38,Data!$U$21:'Data'!$U$200),""),"")</f><v>0</v></c><c r="H38" s="524"/><c r="I38" s="291"><f ca="1">IF(Sheet51!$P$18="yes",IF(Sheet51!$P$17="yes",SUMIF(Data!$L$21:'Data'!$L$200,F38,Data!$Q$21:'Data'!$Q$200),""),"")</f><v>0</v></c><c r="J38" s="292" t="str"><f ca="1">IF(Sheet51!$P$18="yes",IF(Sheet51!$P$17="yes",IF(AND(I38&lt;0,G38&lt;0),"SHORT UNWINDING",(IF(AND(I38&lt;0,G38&gt;0),"SHORT BUILDUP",(IF(AND(I38&gt;0,G38&gt;0),"LONG BUILDUP",IF(AND(I38&gt;0,G38&lt;0),"LONG UNWINDING","")))))),""),"")</f><v/></c><c r="K38" s="293" t="str"><f ca="1">IF(Sheet51!$P$18="yes",IF(Sheet51!$P$17="yes",IF(OR(J38="SHORT BUILDUP",J38="LONG UNWINDING"), "BULLISH", IF(OR(J38="LONG BUILDUP",J38="SHORT UNWINDING" ), "BEARISH","")),""),"")</f><v/></c></row><row r="39" spans="1:11" ht="16.5" customHeight="1" thickBot="1" x14ac:dyDescent="0.35"><c r="A39" s="294" t="str"><f ca="1">IF(Sheet51!$P$18="yes",IF(Sheet51!$P$17="yes",IF(OR(B39="SHORT BUILDUP",B39="LONG UNWINDING"), "BEARISH", IF(OR(B39="LONG BUILDUP",B39="SHORT UNWINDING" ), "BULLISH","")),""),"")</f><v/></c><c r="B39" s="295" t="str"><f ca="1">IF(Sheet51!$P$18="yes",IF(Sheet51!$P$17="yes",IF(AND(C39&lt;0,D39&lt;0),"LONG UNWINDING",(IF(AND(C39&lt;0,D39&gt;0),"SHORT BUILDUP",(IF(AND(C39&gt;0,D39&gt;0),"LONG BUILDUP",IF(AND(C39&gt;0,D39&lt;0),"SHORT UNWINDING","")))))),""),"")</f><v/></c><c r="C39" s="296"><f ca="1">IF(Sheet51!$P$18="yes",IF(Sheet51!$P$17="yes",SUMIF(Data!$L$21:'Data'!$L$200,F39,Data!$G$21:'Data'!$G$200),""),"")</f><v>0</v></c><c r="D39" s="518"><f ca="1">IF(Sheet51!$P$18="yes",IF(Sheet51!$P$17="yes",SUMIF(Data!$L$21:'Data'!$L$200,F39,Data!$C$21:'Data'!$C$200),""),"")</f><v>0</v></c><c r="E39" s="518"/><c r="F39" s="297" t="str"><f>IF(MAIN!$E$14="NIFTY",F40+50,"")</f><v/></c><c r="G39" s="525"><f ca="1">IF(Sheet51!$P$18="yes",IF(Sheet51!$P$17="yes",SUMIF(Data!$L$21:'Data'!$L$200,F39,Data!$U$21:'Data'!$U$200),""),"")</f><v>0</v></c><c r="H39" s="525"/><c r="I39" s="298"><f ca="1">IF(Sheet51!$P$18="yes",IF(Sheet51!$P$17="yes",SUMIF(Data!$L$21:'Data'!$L$200,F39,Data!$Q$21:'Data'!$Q$200),""),"")</f><v>0</v></c><c r="J39" s="299" t="str"><f ca="1">IF(Sheet51!$P$18="yes",IF(Sheet51!$P$17="yes",IF(AND(I39&lt;0,G39&lt;0),"SHORT UNWINDING",(IF(AND(I39&lt;0,G39&gt;0),"SHORT BUILDUP",(IF(AND(I39&gt;0,G39&gt;0),"LONG BUILDUP",IF(AND(I39&gt;0,G39&lt;0),"LONG UNWINDING","")))))),""),"")</f><v/></c><c r="K39" s="300" t="str"><f ca="1">IF(Sheet51!$P$18="yes",IF(Sheet51!$P$17="yes",IF(OR(J39="SHORT BUILDUP",J39="LONG UNWINDING"), "BULLISH", IF(OR(J39="LONG BUILDUP",J39="SHORT UNWINDING" ), "BEARISH","")),""),"")</f><v/></c></row><row r="40" spans="1:11" ht="16.5" customHeight="1" thickBot="1" x14ac:dyDescent="0.35"><c r="A40" s="294" t="str"><f ca="1">IF(Sheet51!$P$18="yes",IF(Sheet51!$P$17="yes",IF(OR(B40="SHORT BUILDUP",B40="LONG UNWINDING"), "BEARISH", IF(OR(B40="LONG BUILDUP",B40="SHORT UNWINDING" ), "BULLISH","")),""),"")</f><v/></c><c r="B40" s="295" t="str"><f ca="1">IF(Sheet51!$P$18="yes",IF(Sheet51!$P$17="yes",IF(AND(C40&lt;0,D40&lt;0),"LONG UNWINDING",(IF(AND(C40&lt;0,D40&gt;0),"SHORT BUILDUP",(IF(AND(C40&gt;0,D40&gt;0),"LONG BUILDUP",IF(AND(C40&gt;0,D40&lt;0),"SHORT UNWINDING","")))))),""),"")</f><v/></c><c r="C40" s="296"><f ca="1">IF(Sheet51!$P$18="yes",IF(Sheet51!$P$17="yes",SUMIF(Data!$L$21:'Data'!$L$200,F40,Data!$G$21:'Data'!$G$200),""),"")</f><v>0</v></c><c r="D40" s="518"><f ca="1">IF(Sheet51!$P$18="yes",IF(Sheet51!$P$17="yes",SUMIF(Data!$L$21:'Data'!$L$200,F40,Data!$C$21:'Data'!$C$200),""),"")</f><v>0</v></c><c r="E40" s="518"/><c r="F40" s="297" t="str"><f>IF(MAIN!$E$14="NIFTY",F41+50,"")</f><v/></c><c r="G40" s="525"><f ca="1">IF(Sheet51!$P$18="yes",IF(Sheet51!$P$17="yes",SUMIF(Data!$L$21:'Data'!$L$200,F40,Data!$U$21:'Data'!$U$200),""),"")</f><v>0</v></c><c r="H40" s="525"/><c r="I40" s="298"><f ca="1">IF(Sheet51!$P$18="yes",IF(Sheet51!$P$17="yes",SUMIF(Data!$L$21:'Data'!$L$200,F40,Data!$Q$21:'Data'!$Q$200),""),"")</f><v>0</v></c><c r="J40" s="299" t="str"><f ca="1">IF(Sheet51!$P$18="yes",IF(Sheet51!$P$17="yes",IF(AND(I40&lt;0,G40&lt;0),"SHORT UNWINDING",(IF(AND(I40&lt;0,G40&gt;0),"SHORT BUILDUP",(IF(AND(I40&gt;0,G40&gt;0),"LONG BUILDUP",IF(AND(I40&gt;0,G40&lt;0),"LONG UNWINDING","")))))),""),"")</f><v/></c><c r="K40" s="300" t="str"><f ca="1">IF(Sheet51!$P$18="yes",IF(Sheet51!$P$17="yes",IF(OR(J40="SHORT BUILDUP",J40="LONG UNWINDING"), "BULLISH", IF(OR(J40="LONG BUILDUP",J40="SHORT UNWINDING" ), "BEARISH","")),""),"")</f><v/></c></row><row r="41" spans="1:11" ht="16.5" customHeight="1" thickBot="1" x14ac:dyDescent="0.3"><c r="A41" s="301" t="str"><f ca="1">IF(Sheet51!$P$18="yes",IF(Sheet51!$P$17="yes",IF(OR(B41="SHORT BUILDUP",B41="LONG UNWINDING"), "BEARISH", IF(OR(B41="LONG BUILDUP",B41="SHORT UNWINDING" ), "BULLISH","")),""),"")</f><v/></c><c r="B41" s="183" t="str"><f ca="1">IF(Sheet51!$P$18="yes",IF(Sheet51!$P$17="yes",IF(AND(C41&lt;0,D41&lt;0),"LONG UNWINDING",(IF(AND(C41&lt;0,D41&gt;0),"SHORT BUILDUP",(IF(AND(C41&gt;0,D41&gt;0),"LONG BUILDUP",IF(AND(C41&gt;0,D41&lt;0),"SHORT UNWINDING","")))))),""),"")</f><v/></c><c r="C41" s="197"><f ca="1">IF(Sheet51!$P$18="yes",IF(Sheet51!$P$17="yes",SUMIF(Data!$L$21:'Data'!$L$200,F41,Data!$G$21:'Data'!$G$200),""),"")</f><v>0</v></c><c r="D41" s="519"><f ca="1">IF(Sheet51!$P$18="yes",IF(Sheet51!$P$17="yes",SUMIF(Data!$L$21:'Data'!$L$200,F41,Data!$C$21:'Data'!$C$200),""),"")</f><v>0</v></c><c r="E41" s="520"/><c r="F41" s="302" t="str"><f>IF(MAIN!$E$14="NIFTY",ROUND(Sheet51!B1/100,0)*100,"")</f><v/></c><c r="G41" s="519"><f ca="1">IF(Sheet51!$P$18="yes",IF(Sheet51!$P$17="yes",SUMIF(Data!$L$21:'Data'!$L$200,F41,Data!$U$21:'Data'!$U$200),""),"")</f><v>0</v></c><c r="H41" s="520"/><c r="I41" s="197"><f ca="1">IF(Sheet51!$P$18="yes",IF(Sheet51!$P$17="yes",SUMIF(Data!$L$21:'Data'!$L$200,F41,Data!$Q$21:'Data'!$Q$200),""),"")</f><v>0</v></c><c r="J41" s="183" t="str"><f ca="1">IF(Sheet51!$P$18="yes",IF(Sheet51!$P$17="yes",IF(AND(I41&lt;0,G41&lt;0),"SHORT UNWINDING",(IF(AND(I41&lt;0,G41&gt;0),"SHORT BUILDUP",(IF(AND(I41&gt;0,G41&gt;0),"LONG BUILDUP",IF(AND(I41&gt;0,G41&lt;0),"LONG UNWINDING","")))))),""),"")</f><v/></c><c r="K41" s="303" t="str"><f ca="1">IF(Sheet51!$P$18="yes",IF(Sheet51!$P$17="yes",IF(OR(J41="SHORT BUILDUP",J41="LONG UNWINDING"), "BULLISH", IF(OR(J41="LONG BUILDUP",J41="SHORT UNWINDING" ), "BEARISH","")),""),"")</f><v/></c></row><row r="42" spans="1:11" ht="16.5" customHeight="1" thickBot="1" x14ac:dyDescent="0.35"><c r="A42" s="294" t="str"><f ca="1">IF(Sheet51!$P$18="yes",IF(Sheet51!$P$17="yes",IF(OR(B42="SHORT BUILDUP",B42="LONG UNWINDING"), "BEARISH", IF(OR(B42="LONG BUILDUP",B42="SHORT UNWINDING" ), "BULLISH","")),""),"")</f><v/></c><c r="B42" s="295" t="str"><f ca="1">IF(Sheet51!$P$18="yes",IF(Sheet51!$P$17="yes",IF(AND(C42&lt;0,D42&lt;0),"LONG UNWINDING",(IF(AND(C42&lt;0,D42&gt;0),"SHORT BUILDUP",(IF(AND(C42&gt;0,D42&gt;0),"LONG BUILDUP",IF(AND(C42&gt;0,D42&lt;0),"SHORT UNWINDING","")))))),""),"")</f><v/></c><c r="C42" s="298"><f ca="1">IF(Sheet51!$P$18="yes",IF(Sheet51!$P$17="yes",SUMIF(Data!$L$21:'Data'!$L$200,F42,Data!$G$21:'Data'!$G$200),""),"")</f><v>0</v></c><c r="D42" s="512"><f ca="1">IF(Sheet51!$P$18="yes",IF(Sheet51!$P$17="yes",SUMIF(Data!$L$21:'Data'!$L$200,F42,Data!$C$21:'Data'!$C$200),""),"")</f><v>0</v></c><c r="E42" s="512"/><c r="F42" s="297" t="str"><f>IF(MAIN!$E$14="NIFTY",F41-50,"")</f><v/></c><c r="G42" s="526"><f ca="1">IF(Sheet51!$P$18="yes",IF(Sheet51!$P$17="yes",SUMIF(Data!$L$21:'Data'!$L$200,F42,Data!$U$21:'Data'!$U$200),""),"")</f><v>0</v></c><c r="H42" s="526"/><c r="I42" s="296"><f ca="1">IF(Sheet51!$P$18="yes",IF(Sheet51!$P$17="yes",SUMIF(Data!$L$21:'Data'!$L$200,F42,Data!$Q$21:'Data'!$Q$200),""),"")</f><v>0</v></c><c r="J42" s="299" t="str"><f ca="1">IF(Sheet51!$P$18="yes",IF(Sheet51!$P$17="yes",IF(AND(I42&lt;0,G42&lt;0),"SHORT UNWINDING",(IF(AND(I42&lt;0,G42&gt;0),"SHORT BUILDUP",(IF(AND(I42&gt;0,G42&gt;0),"LONG BUILDUP",IF(AND(I42&gt;0,G42&lt;0),"LONG UNWINDING","")))))),""),"")</f><v/></c><c r="K42" s="300" t="str"><f ca="1">IF(Sheet51!$P$18="yes",IF(Sheet51!$P$17="yes",IF(OR(J42="SHORT BUILDUP",J42="LONG UNWINDING"), "BULLISH", IF(OR(J42="LONG BUILDUP",J42="SHORT UNWINDING" ), "BEARISH","")),""),"")</f><v/></c></row><row r="43" spans="1:11" ht="16.5" customHeight="1" thickBot="1" x14ac:dyDescent="0.35"><c r="A43" s="294" t="str"><f ca="1">IF(Sheet51!$P$18="yes",IF(Sheet51!$P$17="yes",IF(OR(B43="SHORT BUILDUP",B43="LONG UNWINDING"), "BEARISH", IF(OR(B43="LONG BUILDUP",B43="SHORT UNWINDING" ), "BULLISH","")),""),"")</f><v/></c><c r="B43" s="295" t="str"><f ca="1">IF(Sheet51!$P$18="yes",IF(Sheet51!$P$17="yes",IF(AND(C43&lt;0,D43&lt;0),"LONG UNWINDING",(IF(AND(C43&lt;0,D43&gt;0),"SHORT BUILDUP",(IF(AND(C43&gt;0,D43&gt;0),"LONG BUILDUP",IF(AND(C43&gt;0,D43&lt;0),"SHORT UNWINDING","")))))),""),"")</f><v/></c><c r="C43" s="298"><f ca="1">IF(Sheet51!$P$18="yes",IF(Sheet51!$P$17="yes",SUMIF(Data!$L$21:'Data'!$L$200,F43,Data!$G$21:'Data'!$G$200),""),"")</f><v>0</v></c><c r="D43" s="512"><f ca="1">IF(Sheet51!$P$18="yes",IF(Sheet51!$P$17="yes",SUMIF(Data!$L$21:'Data'!$L$200,F43,Data!$C$21:'Data'!$C$200),""),"")</f><v>0</v></c><c r="E43" s="512"/><c r="F43" s="297" t="str"><f>IF(MAIN!$E$14="NIFTY",F42-50,"")</f><v/></c><c r="G43" s="526"><f ca="1">IF(Sheet51!$P$18="yes",IF(Sheet51!$P$17="yes",SUMIF(Data!$L$21:'Data'!$L$200,F43,Data!$U$21:'Data'!$U$200),""),"")</f><v>0</v></c><c r="H43" s="526"/><c r="I43" s="296"><f ca="1">IF(Sheet51!$P$18="yes",IF(Sheet51!$P$17="yes",SUMIF(Data!$L$21:'Data'!$L$200,F43,Data!$Q$21:'Data'!$Q$200),""),"")</f><v>0</v></c><c r="J43" s="299" t="str"><f ca="1">IF(Sheet51!$P$18="yes",IF(Sheet51!$P$17="yes",IF(AND(I43&lt;0,G43&lt;0),"SHORT UNWINDING",(IF(AND(I43&lt;0,G43&gt;0),"SHORT BUILDUP",(IF(AND(I43&gt;0,G43&gt;0),"LONG BUILDUP",IF(AND(I43&gt;0,G43&lt;0),"LONG UNWINDING","")))))),""),"")</f><v/></c><c r="K43" s="300" t="str"><f ca="1">IF(Sheet51!$P$18="yes",IF(Sheet51!$P$17="yes",IF(OR(J43="SHORT BUILDUP",J43="LONG UNWINDING"), "BULLISH", IF(OR(J43="LONG BUILDUP",J43="SHORT UNWINDING" ), "BEARISH","")),""),"")</f><v/></c></row><row r="44" spans="1:11" ht="16.5" customHeight="1" thickBot="1" x14ac:dyDescent="0.35"><c r="A44" s="304" t="str"><f ca="1">IF(Sheet51!$P$18="yes",IF(Sheet51!$P$17="yes",IF(OR(B44="SHORT BUILDUP",B44="LONG UNWINDING"), "BEARISH", IF(OR(B44="LONG BUILDUP",B44="SHORT UNWINDING" ), "BULLISH","")),""),"")</f><v/></c><c r="B44" s="305" t="str"><f ca="1">IF(Sheet51!$P$18="yes",IF(Sheet51!$P$17="yes",IF(AND(C44&lt;0,D44&lt;0),"LONG UNWINDING",(IF(AND(C44&lt;0,D44&gt;0),"SHORT BUILDUP",(IF(AND(C44&gt;0,D44&gt;0),"LONG BUILDUP",IF(AND(C44&gt;0,D44&lt;0),"SHORT UNWINDING","")))))),""),"")</f><v/></c><c r="C44" s="306"><f ca="1">IF(Sheet51!$P$18="yes",IF(Sheet51!$P$17="yes",SUMIF(Data!$L$21:'Data'!$L$200,F44,Data!$G$21:'Data'!$G$200),""),"")</f><v>0</v></c><c r="D44" s="513"><f ca="1">IF(Sheet51!$P$18="yes",IF(Sheet51!$P$17="yes",SUMIF(Data!$L$21:'Data'!$L$200,F44,Data!$C$21:'Data'!$C$200),""),"")</f><v>0</v></c><c r="E44" s="513"/><c r="F44" s="307" t="str"><f>IF(MAIN!$E$14="NIFTY",F43-50,"")</f><v/></c><c r="G44" s="527"><f ca="1">IF(Sheet51!$P$18="yes",IF(Sheet51!$P$17="yes",SUMIF(Data!$L$21:'Data'!$L$200,F44,Data!$U$21:'Data'!$U$200),""),"")</f><v>0</v></c><c r="H44" s="527"/><c r="I44" s="308"><f ca="1">IF(Sheet51!$P$18="yes",IF(Sheet51!$P$17="yes",SUMIF(Data!$L$21:'Data'!$L$200,F44,Data!$Q$21:'Data'!$Q$200),""),"")</f><v>0</v></c><c r="J44" s="309" t="str"><f ca="1">IF(Sheet51!$P$18="yes",IF(Sheet51!$P$17="yes",IF(AND(I44&lt;0,G44&lt;0),"SHORT UNWINDING",(IF(AND(I44&lt;0,G44&gt;0),"SHORT BUILDUP",(IF(AND(I44&gt;0,G44&gt;0),"LONG BUILDUP",IF(AND(I44&gt;0,G44&lt;0),"LONG UNWINDING","")))))),""),"")</f><v/></c><c r="K44" s="310" t="str"><f ca="1">IF(Sheet51!$P$18="yes",IF(Sheet51!$P$17="yes",IF(OR(J44="SHORT BUILDUP",J44="LONG UNWINDING"), "BULLISH", IF(OR(J44="LONG BUILDUP",J44="SHORT UNWINDING" ), "BEARISH","")),""),"")</f><v/></c></row><row r="45" spans="1:11" ht="16.5" customHeight="1" thickBot="1" x14ac:dyDescent="0.3"><c r="A45" s="311" t="str"><f ca="1">IF(Sheet51!$P$18="yes",IF(Sheet51!$P$17="yes",IF(OR(B45="SHORT BUILDUP",B45="LONG UNWINDING"), "BEARISH", IF(OR(B45="LONG BUILDUP",B45="SHORT UNWINDING" ), "BULLISH","")),""),"")</f><v/></c><c r="B45" s="311" t="str"><f ca="1">IF(Sheet51!$P$18="yes",IF(Sheet51!$P$17="yes",IF(AND(C45&lt;0,D45&lt;0),"LONG UNWINDING",(IF(AND(C45&lt;0,D45&gt;0),"SHORT BUILDUP",(IF(AND(C45&gt;0,D45&gt;0),"LONG BUILDUP",IF(AND(C45&gt;0,D45&lt;0),"SHORT UNWINDING","")))))),""),"")</f><v/></c><c r="C45" s="312"><f ca="1">IF(Sheet51!$P$18="yes",IF(Sheet51!$P$17="yes",SUMIF(Data!$L$21:'Data'!$L$200,F45,Data!$G$21:'Data'!$G$200),""),"")</f><v>0</v></c><c r="D45" s="514"><f ca="1">IF(Sheet51!$P$18="yes",IF(Sheet51!$P$17="yes",SUMIF(Data!$L$21:'Data'!$L$200,F45,Data!$C$21:'Data'!$C$200),""),"")</f><v>0</v></c><c r="E45" s="514"/><c r="F45" s="313" t="str"><f>IF(MAIN!$E$14="NIFTY",F44-50,"")</f><v/></c><c r="G45" s="528"><f ca="1">IF(Sheet51!$P$18="yes",IF(Sheet51!$P$17="yes",SUMIF(Data!$L$21:'Data'!$L$200,F45,Data!$U$21:'Data'!$U$200),""),"")</f><v>0</v></c><c r="H45" s="528"/><c r="I45" s="312"><f ca="1">IF(Sheet51!$P$18="yes",IF(Sheet51!$P$17="yes",SUMIF(Data!$L$21:'Data'!$L$200,F45,Data!$Q$21:'Data'!$Q$200),""),"")</f><v>0</v></c><c r="J45" s="314" t="str"><f ca="1">IF(Sheet51!$P$18="yes",IF(Sheet51!$P$17="yes",IF(AND(I45&lt;0,G45&lt;0),"SHORT UNWINDING",(IF(AND(I45&lt;0,G45&gt;0),"SHORT BUILDUP",(IF(AND(I45&gt;0,G45&gt;0),"LONG BUILDUP",IF(AND(I45&gt;0,G45&lt;0),"LONG UNWINDING","")))))),""),"")</f><v/></c><c r="K45" s="315" t="str"><f ca="1">IF(Sheet51!$P$18="yes",IF(Sheet51!$P$17="yes",IF(OR(J45="SHORT BUILDUP",J45="LONG UNWINDING"), "BULLISH", IF(OR(J45="LONG BUILDUP",J45="SHORT UNWINDING" ), "BEARISH","")),""),"")</f><v/></c></row><row r="46" spans="1:11" ht="16.5" customHeight="1" thickBot="1" x14ac:dyDescent="0.3"><c r="A46" s="278" t="str"><f ca="1">IF(Sheet51!$P$18="yes",IF(Sheet51!$P$17="yes",IF(OR(B46="SHORT BUILDUP",B46="LONG UNWINDING"), "BEARISH", IF(OR(B46="LONG BUILDUP",B46="SHORT UNWINDING" ), "BULLISH","")),""),"")</f><v/></c><c r="B46" s="278" t="str"><f ca="1">IF(Sheet51!$P$18="yes",IF(Sheet51!$P$17="yes",IF(AND(C46&lt;0,D46&lt;0),"LONG UNWINDING",(IF(AND(C46&lt;0,D46&gt;0),"SHORT BUILDUP",(IF(AND(C46&gt;0,D46&gt;0),"LONG BUILDUP",IF(AND(C46&gt;0,D46&lt;0),"SHORT UNWINDING","")))))),""),"")</f><v/></c><c r="C46" s="263"><f ca="1">IF(Sheet51!$P$18="yes",IF(Sheet51!$P$17="yes",SUMIF(Data!$L$21:'Data'!$L$200,F46,Data!$G$21:'Data'!$G$200),""),"")</f><v>0</v></c><c r="D46" s="515"><f ca="1">IF(Sheet51!$P$18="yes",IF(Sheet51!$P$17="yes",SUMIF(Data!$L$21:'Data'!$L$200,F46,Data!$C$21:'Data'!$C$200),""),"")</f><v>0</v></c><c r="E46" s="515"/><c r="F46" s="182" t="str"><f>IF(MAIN!$E$14="NIFTY",F45-50,"")</f><v/></c><c r="G46" s="516"><f ca="1">IF(Sheet51!$P$18="yes",IF(Sheet51!$P$17="yes",SUMIF(Data!$L$21:'Data'!$L$200,F46,Data!$U$21:'Data'!$U$200),""),"")</f><v>0</v></c><c r="H46" s="516"/><c r="I46" s="263"><f ca="1">IF(Sheet51!$P$18="yes",IF(Sheet51!$P$17="yes",SUMIF(Data!$L$21:'Data'!$L$200,F46,Data!$Q$21:'Data'!$Q$200),""),"")</f><v>0</v></c><c r="J46" s="279" t="str"><f ca="1">IF(Sheet51!$P$18="yes",IF(Sheet51!$P$17="yes",IF(AND(I46&lt;0,G46&lt;0),"SHORT UNWINDING",(IF(AND(I46&lt;0,G46&gt;0),"SHORT BUILDUP",(IF(AND(I46&gt;0,G46&gt;0),"LONG BUILDUP",IF(AND(I46&gt;0,G46&lt;0),"LONG UNWINDING","")))))),""),"")</f><v/></c><c r="K46" s="280" t="str"><f ca="1">IF(Sheet51!$P$18="yes",IF(Sheet51!$P$17="yes",IF(OR(J46="SHORT BUILDUP",J46="LONG UNWINDING"), "BULLISH", IF(OR(J46="LONG BUILDUP",J46="SHORT UNWINDING" ), "BEARISH","")),""),"")</f><v/></c></row><row r="47" spans="1:11" ht="16.5" customHeight="1" thickBot="1" x14ac:dyDescent="0.3"><c r="A47" s="278" t="str"><f ca="1">IF(Sheet51!$P$18="yes",IF(Sheet51!$P$17="yes",IF(OR(B47="SHORT BUILDUP",B47="LONG UNWINDING"), "BEARISH", IF(OR(B47="LONG BUILDUP",B47="SHORT UNWINDING" ), "BULLISH","")),""),"")</f><v/></c><c r="B47" s="278" t="str"><f ca="1">IF(Sheet51!$P$18="yes",IF(Sheet51!$P$17="yes",IF(AND(C47&lt;0,D47&lt;0),"LONG UNWINDING",(IF(AND(C47&lt;0,D47&gt;0),"SHORT BUILDUP",(IF(AND(C47&gt;0,D47&gt;0),"LONG BUILDUP",IF(AND(C47&gt;0,D47&lt;0),"SHORT UNWINDING","")))))),""),"")</f><v/></c><c r="C47" s="263"><f ca="1">IF(Sheet51!$P$18="yes",IF(Sheet51!$P$17="yes",SUMIF(Data!$L$21:'Data'!$L$200,F47,Data!$G$21:'Data'!$G$200),""),"")</f><v>0</v></c><c r="D47" s="515"><f ca="1">IF(Sheet51!$P$18="yes",IF(Sheet51!$P$17="yes",SUMIF(Data!$L$21:'Data'!$L$200,F47,Data!$C$21:'Data'!$C$200),""),"")</f><v>0</v></c><c r="E47" s="515"/><c r="F47" s="182" t="str"><f>IF(MAIN!$E$14="NIFTY",F46-50,"")</f><v/></c><c r="G47" s="516"><f ca="1">IF(Sheet51!$P$18="yes",IF(Sheet51!$P$17="yes",SUMIF(Data!$L$21:'Data'!$L$200,F47,Data!$U$21:'Data'!$U$200),""),"")</f><v>0</v></c><c r="H47" s="516"/><c r="I47" s="263"><f ca="1">IF(Sheet51!$P$18="yes",IF(Sheet51!$P$17="yes",SUMIF(Data!$L$21:'Data'!$L$200,F47,Data!$Q$21:'Data'!$Q$200),""),"")</f><v>0</v></c><c r="J47" s="279" t="str"><f ca="1">IF(Sheet51!$P$18="yes",IF(Sheet51!$P$17="yes",IF(AND(I47&lt;0,G47&lt;0),"SHORT UNWINDING",(IF(AND(I47&lt;0,G47&gt;0),"SHORT BUILDUP",(IF(AND(I47&gt;0,G47&gt;0),"LONG BUILDUP",IF(AND(I47&gt;0,G47&lt;0),"LONG UNWINDING","")))))),""),"")</f><v/></c><c r="K47" s="280" t="str"><f ca="1">IF(Sheet51!$P$18="yes",IF(Sheet51!$P$17="yes",IF(OR(J47="SHORT BUILDUP",J47="LONG UNWINDING"), "BULLISH", IF(OR(J47="LONG BUILDUP",J47="SHORT UNWINDING" ), "BEARISH","")),""),"")</f><v/></c></row><row r="48" spans="1:11" ht="16.5" customHeight="1" thickBot="1" x14ac:dyDescent="0.3"><c r="A48" s="278" t="str"><f ca="1">IF(Sheet51!$P$18="yes",IF(Sheet51!$P$17="yes",IF(OR(B48="SHORT BUILDUP",B48="LONG UNWINDING"), "BEARISH", IF(OR(B48="LONG BUILDUP",B48="SHORT UNWINDING" ), "BULLISH","")),""),"")</f><v/></c><c r="B48" s="278" t="str"><f ca="1">IF(Sheet51!$P$18="yes",IF(Sheet51!$P$17="yes",IF(AND(C48&lt;0,D48&lt;0),"LONG UNWINDING",(IF(AND(C48&lt;0,D48&gt;0),"SHORT BUILDUP",(IF(AND(C48&gt;0,D48&gt;0),"LONG BUILDUP",IF(AND(C48&gt;0,D48&lt;0),"SHORT UNWINDING","")))))),""),"")</f><v/></c><c r="C48" s="263"><f ca="1">IF(Sheet51!$P$18="yes",IF(Sheet51!$P$17="yes",SUMIF(Data!$L$21:'Data'!$L$200,F48,Data!$G$21:'Data'!$G$200),""),"")</f><v>0</v></c><c r="D48" s="515"><f ca="1">IF(Sheet51!$P$18="yes",IF(Sheet51!$P$17="yes",SUMIF(Data!$L$21:'Data'!$L$200,F48,Data!$C$21:'Data'!$C$200),""),"")</f><v>0</v></c><c r="E48" s="515"/><c r="F48" s="182" t="str"><f>IF(MAIN!$E$14="NIFTY",F47-50,"")</f><v/></c><c r="G48" s="516"><f ca="1">IF(Sheet51!$P$18="yes",IF(Sheet51!$P$17="yes",SUMIF(Data!$L$21:'Data'!$L$200,F48,Data!$U$21:'Data'!$U$200),""),"")</f><v>0</v></c><c r="H48" s="516"/><c r="I48" s="263"><f ca="1">IF(Sheet51!$P$18="yes",IF(Sheet51!$P$17="yes",SUMIF(Data!$L$21:'Data'!$L$200,F48,Data!$Q$21:'Data'!$Q$200),""),"")</f><v>0</v></c><c r="J48" s="279" t="str"><f ca="1">IF(Sheet51!$P$18="yes",IF(Sheet51!$P$17="yes",IF(AND(I48&lt;0,G48&lt;0),"SHORT UNWINDING",(IF(AND(I48&lt;0,G48&gt;0),"SHORT BUILDUP",(IF(AND(I48&gt;0,G48&gt;0),"LONG BUILDUP",IF(AND(I48&gt;0,G48&lt;0),"LONG UNWINDING","")))))),""),"")</f><v/></c><c r="K48" s="280" t="str"><f ca="1">IF(Sheet51!$P$18="yes",IF(Sheet51!$P$17="yes",IF(OR(J48="SHORT BUILDUP",J48="LONG UNWINDING"), "BULLISH", IF(OR(J48="LONG BUILDUP",J48="SHORT UNWINDING" ), "BEARISH","")),""),"")</f><v/></c></row><row r="49" spans="1:11" ht="16.5" customHeight="1" thickBot="1" x14ac:dyDescent="0.3"><c r="A49" s="278" t="str"><f ca="1">IF(Sheet51!$P$18="yes",IF(Sheet51!$P$17="yes",IF(OR(B49="SHORT BUILDUP",B49="LONG UNWINDING"), "BEARISH", IF(OR(B49="LONG BUILDUP",B49="SHORT UNWINDING" ), "BULLISH","")),""),"")</f><v/></c><c r="B49" s="278" t="str"><f ca="1">IF(Sheet51!$P$18="yes",IF(Sheet51!$P$17="yes",IF(AND(C49&lt;0,D49&lt;0),"LONG UNWINDING",(IF(AND(C49&lt;0,D49&gt;0),"SHORT BUILDUP",(IF(AND(C49&gt;0,D49&gt;0),"LONG BUILDUP",IF(AND(C49&gt;0,D49&lt;0),"SHORT UNWINDING","")))))),""),"")</f><v/></c><c r="C49" s="263"><f ca="1">IF(Sheet51!$P$18="yes",IF(Sheet51!$P$17="yes",SUMIF(Data!$L$21:'Data'!$L$200,F49,Data!$G$21:'Data'!$G$200),""),"")</f><v>0</v></c><c r="D49" s="515"><f ca="1">IF(Sheet51!$P$18="yes",IF(Sheet51!$P$17="yes",SUMIF(Data!$L$21:'Data'!$L$200,F49,Data!$C$21:'Data'!$C$200),""),"")</f><v>0</v></c><c r="E49" s="515"/><c r="F49" s="182" t="str"><f>IF(MAIN!$E$14="NIFTY",F48-50,"")</f><v/></c><c r="G49" s="516"><f ca="1">IF(Sheet51!$P$18="yes",IF(Sheet51!$P$17="yes",SUMIF(Data!$L$21:'Data'!$L$200,F49,Data!$U$21:'Data'!$U$200),""),"")</f><v>0</v></c><c r="H49" s="516"/><c r="I49" s="263"><f ca="1">IF(Sheet51!$P$18="yes",IF(Sheet51!$P$17="yes",SUMIF(Data!$L$21:'Data'!$L$200,F49,Data!$Q$21:'Data'!$Q$200),""),"")</f><v>0</v></c><c r="J49" s="279" t="str"><f ca="1">IF(Sheet51!$P$18="yes",IF(Sheet51!$P$17="yes",IF(AND(I49&lt;0,G49&lt;0),"SHORT UNWINDING",(IF(AND(I49&lt;0,G49&gt;0),"SHORT BUILDUP",(IF(AND(I49&gt;0,G49&gt;0),"LONG BUILDUP",IF(AND(I49&gt;0,G49&lt;0),"LONG UNWINDING","")))))),""),"")</f><v/></c><c r="K49" s="280" t="str"><f ca="1">IF(Sheet51!$P$18="yes",IF(Sheet51!$P$17="yes",IF(OR(J49="SHORT BUILDUP",J49="LONG UNWINDING"), "BULLISH", IF(OR(J49="LONG BUILDUP",J49="SHORT UNWINDING" ), "BEARISH","")),""),"")</f><v/></c></row><row r="50" spans="1:11" ht="16.5" customHeight="1" thickBot="1" x14ac:dyDescent="0.3"><c r="A50" s="278" t="str"><f ca="1">IF(Sheet51!$P$18="yes",IF(Sheet51!$P$17="yes",IF(OR(B50="SHORT BUILDUP",B50="LONG UNWINDING"), "BEARISH", IF(OR(B50="LONG BUILDUP",B50="SHORT UNWINDING" ), "BULLISH","")),""),"")</f><v/></c><c r="B50" s="278" t="str"><f ca="1">IF(Sheet51!$P$18="yes",IF(Sheet51!$P$17="yes",IF(AND(C50&lt;0,D50&lt;0),"LONG UNWINDING",(IF(AND(C50&lt;0,D50&gt;0),"SHORT BUILDUP",(IF(AND(C50&gt;0,D50&gt;0),"LONG BUILDUP",IF(AND(C50&gt;0,D50&lt;0),"SHORT UNWINDING","")))))),""),"")</f><v/></c><c r="C50" s="263"><f ca="1">IF(Sheet51!$P$18="yes",IF(Sheet51!$P$17="yes",SUMIF(Data!$L$21:'Data'!$L$200,F50,Data!$G$21:'Data'!$G$200),""),"")</f><v>0</v></c><c r="D50" s="515"><f ca="1">IF(Sheet51!$P$18="yes",IF(Sheet51!$P$17="yes",SUMIF(Data!$L$21:'Data'!$L$200,F50,Data!$C$21:'Data'!$C$200),""),"")</f><v>0</v></c><c r="E50" s="515"/><c r="F50" s="182" t="str"><f>IF(MAIN!$E$14="NIFTY",F49-50,"")</f><v/></c><c r="G50" s="516"><f ca="1">IF(Sheet51!$P$18="yes",IF(Sheet51!$P$17="yes",SUMIF(Data!$L$21:'Data'!$L$200,F50,Data!$U$21:'Data'!$U$200),""),"")</f><v>0</v></c><c r="H50" s="516"/><c r="I50" s="263"><f ca="1">IF(Sheet51!$P$18="yes",IF(Sheet51!$P$17="yes",SUMIF(Data!$L$21:'Data'!$L$200,F50,Data!$Q$21:'Data'!$Q$200),""),"")</f><v>0</v></c><c r="J50" s="279" t="str"><f ca="1">IF(Sheet51!$P$18="yes",IF(Sheet51!$P$17="yes",IF(AND(I50&lt;0,G50&lt;0),"SHORT UNWINDING",(IF(AND(I50&lt;0,G50&gt;0),"SHORT BUILDUP",(IF(AND(I50&gt;0,G50&gt;0),"LONG BUILDUP",IF(AND(I50&gt;0,G50&lt;0),"LONG UNWINDING","")))))),""),"")</f><v/></c><c r="K50" s="280" t="str"><f ca="1">IF(Sheet51!$P$18="yes",IF(Sheet51!$P$17="yes",IF(OR(J50="SHORT BUILDUP",J50="LONG UNWINDING"), "BULLISH", IF(OR(J50="LONG BUILDUP",J50="SHORT UNWINDING" ), "BEARISH","")),""),"")</f><v/></c></row><row r="51" spans="1:11" ht="16.5" customHeight="1" thickBot="1" x14ac:dyDescent="0.3"><c r="A51" s="278" t="str"><f ca="1">IF(Sheet51!$P$18="yes",IF(Sheet51!$P$17="yes",IF(OR(B51="SHORT BUILDUP",B51="LONG UNWINDING"), "BEARISH", IF(OR(B51="LONG BUILDUP",B51="SHORT UNWINDING" ), "BULLISH","")),""),"")</f><v/></c><c r="B51" s="278" t="str"><f ca="1">IF(Sheet51!$P$18="yes",IF(Sheet51!$P$17="yes",IF(AND(C51&lt;0,D51&lt;0),"LONG UNWINDING",(IF(AND(C51&lt;0,D51&gt;0),"SHORT BUILDUP",(IF(AND(C51&gt;0,D51&gt;0),"LONG BUILDUP",IF(AND(C51&gt;0,D51&lt;0),"SHORT UNWINDING","")))))),""),"")</f><v/></c><c r="C51" s="263"><f ca="1">IF(Sheet51!$P$18="yes",IF(Sheet51!$P$17="yes",SUMIF(Data!$L$21:'Data'!$L$200,F51,Data!$G$21:'Data'!$G$200),""),"")</f><v>0</v></c><c r="D51" s="515"><f ca="1">IF(Sheet51!$P$18="yes",IF(Sheet51!$P$17="yes",SUMIF(Data!$L$21:'Data'!$L$200,F51,Data!$C$21:'Data'!$C$200),""),"")</f><v>0</v></c><c r="E51" s="515"/><c r="F51" s="182" t="str"><f>IF(MAIN!$E$14="NIFTY",F50-50,"")</f><v/></c><c r="G51" s="516"><f ca="1">IF(Sheet51!$P$18="yes",IF(Sheet51!$P$17="yes",SUMIF(Data!$L$21:'Data'!$L$200,F51,Data!$U$21:'Data'!$U$200),""),"")</f><v>0</v></c><c r="H51" s="516"/><c r="I51" s="263"><f ca="1">IF(Sheet51!$P$18="yes",IF(Sheet51!$P$17="yes",SUMIF(Data!$L$21:'Data'!$L$200,F51,Data!$Q$21:'Data'!$Q$200),""),"")</f><v>0</v></c><c r="J51" s="279" t="str"><f ca="1">IF(Sheet51!$P$18="yes",IF(Sheet51!$P$17="yes",IF(AND(I51&lt;0,G51&lt;0),"SHORT UNWINDING",(IF(AND(I51&lt;0,G51&gt;0),"SHORT BUILDUP",(IF(AND(I51&gt;0,G51&gt;0),"LONG BUILDUP",IF(AND(I51&gt;0,G51&lt;0),"LONG UNWINDING","")))))),""),"")</f><v/></c><c r="K51" s="280" t="str"><f ca="1">IF(Sheet51!$P$18="yes",IF(Sheet51!$P$17="yes",IF(OR(J51="SHORT BUILDUP",J51="LONG UNWINDING"), "BULLISH", IF(OR(J51="LONG BUILDUP",J51="SHORT UNWINDING" ), "BEARISH","")),""),"")</f><v/></c></row><row r="54" spans="1:11" ht="16.5" customHeight="1" x14ac:dyDescent="0.25"><c r="A54" s="506" t="s"><v>179</v></c><c r="B54" s="506"/><c r="C54" s="506"/></row><row r="55" spans="1:11" ht="16.5" customHeight="1" x14ac:dyDescent="0.25"><c r="A55" s="506" t="s"><v>178</v></c><c r="B55" s="506"/><c r="C55" s="506"/></row><row r="60" spans="1:11" ht="16.5" customHeight="1" x14ac:dyDescent="0.25"><c r="A60" s="505" t="s"><v>209</v></c><c r="B60" s="505"/><c r="C60" s="505"/></row></sheetData><customSheetViews><customSheetView guid="{D12DFD61-4B7F-43F1-B07E-A848E00A354C}"><selection activeCell="D29" sqref="D29"/><pageMargins left="0.7" right="0.7" top="0.75" bottom="0.75" header="0.3" footer="0.3"/></customSheetView></customSheetViews><mergeCells count="97"><mergeCell ref="D49:E49"/><mergeCell ref="G49:H49"/><mergeCell ref="D50:E50"/><mergeCell ref="G50:H50"/><mergeCell ref="D51:E51"/><mergeCell ref="G51:H51"/><mergeCell ref="D46:E46"/><mergeCell ref="G46:H46"/><mergeCell ref="D47:E47"/><mergeCell ref="G47:H47"/><mergeCell ref="D48:E48"/><mergeCell ref="G48:H48"/><mergeCell ref="D43:E43"/><mergeCell ref="G43:H43"/><mergeCell ref="D44:E44"/><mergeCell ref="G44:H44"/><mergeCell ref="D45:E45"/><mergeCell ref="G45:H45"/><mergeCell ref="D40:E40"/><mergeCell ref="G40:H40"/><mergeCell ref="D41:E41"/><mergeCell ref="G41:H41"/><mergeCell ref="D42:E42"/><mergeCell ref="G42:H42"/><mergeCell ref="D37:E37"/><mergeCell ref="G37:H37"/><mergeCell ref="D38:E38"/><mergeCell ref="G38:H38"/><mergeCell ref="D39:E39"/><mergeCell ref="G39:H39"/><mergeCell ref="D34:E34"/><mergeCell ref="G34:H34"/><mergeCell ref="D35:E35"/><mergeCell ref="G35:H35"/><mergeCell ref="D36:E36"/><mergeCell ref="G36:H36"/><mergeCell ref="D31:E31"/><mergeCell ref="G31:H31"/><mergeCell ref="D32:E32"/><mergeCell ref="G32:H32"/><mergeCell ref="D33:E33"/><mergeCell ref="G33:H33"/><mergeCell ref="A29:C29"/><mergeCell ref="D29:H29"/><mergeCell ref="I29:K29"/><mergeCell ref="D30:E30"/><mergeCell ref="G30:H30"/><mergeCell ref="G17:H17"/><mergeCell ref="G23:H23"/><mergeCell ref="G24:H24"/><mergeCell ref="G18:H18"/><mergeCell ref="G19:H19"/><mergeCell ref="G20:H20"/><mergeCell ref="G21:H21"/><mergeCell ref="G22:H22"/><mergeCell ref="G12:H12"/><mergeCell ref="G13:H13"/><mergeCell ref="G14:H14"/><mergeCell ref="G15:H15"/><mergeCell ref="G16:H16"/><mergeCell ref="G7:H7"/><mergeCell ref="G8:H8"/><mergeCell ref="G9:H9"/><mergeCell ref="G10:H10"/><mergeCell ref="G11:H11"/><mergeCell ref="I2:K2"/><mergeCell ref="D11:E11"/><mergeCell ref="D12:E12"/><mergeCell ref="D13:E13"/><mergeCell ref="D14:E14"/><mergeCell ref="D6:E6"/><mergeCell ref="D7:E7"/><mergeCell ref="D8:E8"/><mergeCell ref="D9:E9"/><mergeCell ref="D10:E10"/><mergeCell ref="D3:E3"/><mergeCell ref="G3:H3"/><mergeCell ref="D4:E4"/><mergeCell ref="G4:H4"/><mergeCell ref="D5:E5"/><mergeCell ref="G5:H5"/><mergeCell ref="A60:C60"/><mergeCell ref="A54:C54"/><mergeCell ref="A55:C55"/><mergeCell ref="D2:H2"/><mergeCell ref="A2:C2"/><mergeCell ref="D15:E15"/><mergeCell ref="D16:E16"/><mergeCell ref="D17:E17"/><mergeCell ref="D18:E18"/><mergeCell ref="D19:E19"/><mergeCell ref="D20:E20"/><mergeCell ref="D21:E21"/><mergeCell ref="D22:E22"/><mergeCell ref="D23:E23"/><mergeCell ref="D24:E24"/><mergeCell ref="G6:H6"/></mergeCells><conditionalFormatting sqref="A4:A24 K4:K24 A31:A51 K31:K51"><cfRule type="containsText" dxfId="9" priority="22" operator="containsText" text="BULLISH"><formula>NOT(ISERROR(SEARCH("BULLISH",A4)))</formula></cfRule><cfRule type="containsText" dxfId="8" priority="23" operator="containsText" text="BEARISH"><formula>NOT(ISERROR(SEARCH("BEARISH",A4)))</formula></cfRule></conditionalFormatting><conditionalFormatting sqref="B4:B24 B31:B51"><cfRule type="containsText" dxfId="7" priority="18" operator="containsText" text="SHORT UNWINDING"><formula>NOT(ISERROR(SEARCH("SHORT UNWINDING",B4)))</formula></cfRule><cfRule type="containsText" dxfId="6" priority="19" operator="containsText" text="LONG UNWINDING"><formula>NOT(ISERROR(SEARCH("LONG UNWINDING",B4)))</formula></cfRule><cfRule type="containsText" dxfId="5" priority="20" operator="containsText" text="SHORT BUILDUP"><formula>NOT(ISERROR(SEARCH("SHORT BUILDUP",B4)))</formula></cfRule><cfRule type="containsText" dxfId="4" priority="21" operator="containsText" text="LONG BUILDUP"><formula>NOT(ISERROR(SEARCH("LONG BUILDUP",B4)))</formula></cfRule></conditionalFormatting><conditionalFormatting sqref="J4:J24 J31:J51"><cfRule type="containsText" dxfId="3" priority="14" operator="containsText" text="SHORT UNWINDING"><formula>NOT(ISERROR(SEARCH("SHORT UNWINDING",J4)))</formula></cfRule><cfRule type="containsText" dxfId="2" priority="15" operator="containsText" text="LONG UNWINDING"><formula>NOT(ISERROR(SEARCH("LONG UNWINDING",J4)))</formula></cfRule><cfRule type="containsText" dxfId="1" priority="16" operator="containsText" text="SHORT BUILDUP"><formula>NOT(ISERROR(SEARCH("SHORT BUILDUP",J4)))</formula></cfRule><cfRule type="containsText" dxfId="0" priority="17" operator="containsText" text="LONG BUILDUP"><formula>NOT(ISERROR(SEARCH("LONG BUILDUP",J4)))</formula></cfRule></conditionalFormatting><pageMargins left="0.7" right="0.7" top="0.75" bottom="0.75" header="0.3" footer="0.3"/></worksheet>